x,y,rssi_data
6,0,"[{'f0:1d:2d:a5:1d:c3': -74}, {'48:8b:0a:f3:19:43': -95}, {'84:f1:47:a8:36:c3': -93}, {'48:8b:0a:f4:fa:23': -96}, {'48:8b:0a:f4:27:e3': -85}, {'84:5a:3e:94:a4:83': -87}, {'84:f1:47:a8:77:20': -85}, {'f0:1d:2d:a5:1d:c0': -59}, {'48:8b:0a:f2:3a:c0': -95}, {'48:8b:0a:f3:19:40': -95}, {'48:8b:0a:f3:7b:00': -96}, {'84:f1:47:a8:36:c0': -93}, {'48:8b:0a:f4:fa:20': -96}, {'48:8b:0a:f4:27:e0': -85}, {'84:5a:3e:94:a4:80': -87}, {'84:f1:47:a8:77:21': -85}, {'f0:1d:2d:a5:1d:c1': -59}, {'48:8b:0a:f2:3a:c1': -95}, {'48:8b:0a:f3:19:41': -94}, {'48:8b:0a:f3:7b:01': -95}, {'84:f1:47:a8:36:c1': -93}, {'48:8b:0a:f4:fa:21': -96}, {'48:8b:0a:f4:27:e1': -85}, {'84:5a:3e:94:a4:81': -93}, {'f0:1d:2d:a5:1d:c2': -59}, {'48:8b:0a:f3:19:42': -95}, {'48:8b:0a:f3:7b:02': -96}, {'84:f1:47:a8:36:c2': -93}, {'48:8b:0a:f4:fa:22': -96}, {'48:8b:0a:f4:27:e2': -85}, {'84:5a:3e:94:a4:82': -93}]"
6,1,"[{'c4:9a:31:73:40:7e': -96}, {'f0:1d:2d:a5:1d:c3': -83}, {'48:8b:0a:f4:fa:23': -95}, {'84:f1:47:a8:9d:23': -87}, {'84:f1:47:a8:36:c3': -60}, {'48:8b:0a:ba:e1:e3': -96}, {'84:f1:47:a8:77:23': -95}, {'f0:1d:2d:a5:1d:c2': -74}, {'84:f1:47:a8:77:22': -95}, {'48:8b:0a:f2:64:a2': -95}, {'48:8b:0a:f4:fa:22': -95}, {'84:f1:47:a8:9d:22': -87}, {'84:f1:47:a8:36:c2': -60}, {'f0:1d:2d:a5:1d:c1': -82}, {'48:8b:0a:f2:64:a1': -95}, {'48:8b:0a:f4:fa:21': -95}, {'84:f1:47:a8:9d:21': -87}, {'84:f1:47:a8:36:c1': -60}, {'84:f1:47:a8:77:21': -96}, {'f0:1d:2d:a5:1d:c0': -82}, {'48:8b:0a:f2:64:a0': -95}, {'48:8b:0a:f4:fa:20': -95}, {'84:f1:47:a8:9d:20': -86}, {'84:f1:47:a8:36:c0': -60}, {'48:8b:0a:ba:e1:e0': -96}, {'84:f1:47:a8:77:20': -96}, {'72:cf:49:d7:21:fc': -96}, {'86:9e:56:b9:17:6e': -97}]"
6,2,"[{'84:f1:47:a8:36:c3': -60}, {'84:f1:47:a8:9d:23': -85}, {'48:8b:0a:f4:fa:23': -95}, {'48:8b:0a:f2:64:a3': -94}, {'f0:1d:2d:a5:1d:c3': -94}, {'84:f1:47:a8:77:23': -95}, {'84:f1:47:a8:36:c2': -59}, {'84:f1:47:a8:9d:22': -86}, {'48:8b:0a:f4:fa:22': -95}, {'48:8b:0a:f2:64:a2': -94}, {'f0:1d:2d:a5:1d:c2': -94}, {'84:f1:47:a8:77:22': -95}, {'84:f1:47:a8:36:c1': -59}, {'48:8b:0a:ba:e1:e1': -95}, {'84:f1:47:a8:9d:21': -86}, {'48:8b:0a:f4:fa:21': -95}, {'48:8b:0a:f2:64:a1': -94}, {'f0:1d:2d:a5:1d:c1': -94}, {'84:f1:47:a8:77:21': -95}, {'84:f1:47:a8:36:c0': -59}, {'48:8b:0a:ba:e1:e0': -95}, {'84:f1:47:a8:9d:20': -86}, {'48:8b:0a:f4:fa:20': -95}, {'48:8b:0a:f2:64:a0': -94}, {'f0:1d:2d:a5:1d:c0': -94}, {'84:f1:47:a8:77:20': -95}, {'c4:9a:31:73:40:7e': -93}, {'72:cf:49:d7:21:fc': -95}, {'b2:52:16:1e:ee:1f': -98}]"
6,3,"[{'84:f1:47:a8:36:c3': -59}, {'84:f1:47:a8:9d:23': -85}, {'48:8b:0a:f2:64:a3': -93}, {'48:8b:0a:f4:fa:23': -94}, {'f0:1d:2d:a5:1d:c3': -83}, {'84:f1:47:a8:9d:22': -85}, {'84:f1:47:a8:36:c2': -59}, {'48:8b:0a:f2:64:a2': -93}, {'48:8b:0a:f4:fa:22': -94}, {'f0:1d:2d:a5:1d:c2': -83}, {'84:f1:47:a8:9d:21': -85}, {'84:f1:47:a8:36:c1': -59}, {'48:8b:0a:f2:64:a1': -87}, {'48:8b:0a:f4:fa:21': -94}, {'f0:1d:2d:a5:1d:c1': -83}, {'48:8b:0a:ba:e1:e1': -97}, {'84:f1:47:a8:9d:20': -85}, {'84:f1:47:a8:36:c0': -59}, {'48:8b:0a:f2:64:a0': -87}, {'48:8b:0a:f4:fa:20': -94}, {'f0:1d:2d:a5:1d:c0': -84}, {'48:8b:0a:ba:e1:e0': -96}]"
6,4,"[{'84:f1:47:a8:36:c3': -59}, {'48:8b:0a:f4:fa:23': -94}, {'48:8b:0a:f2:64:a3': -86}, {'f0:1d:2d:a5:1d:c3': -83}, {'84:f1:47:a8:9d:23': -86}, {'c4:9a:31:73:40:7e': -97}, {'72:cf:49:d7:21:fc': -97}, {'48:8b:0a:ba:e1:e1': -96}, {'84:f1:47:a8:36:c1': -59}, {'84:f1:47:a8:9d:21': -86}, {'48:8b:0a:f4:fa:21': -94}, {'84:f1:47:a8:73:c1': -97}, {'f0:1d:2d:a5:1d:c1': -83}, {'48:8b:0a:ba:e1:e0': -96}, {'84:f1:47:a8:36:c0': -59}, {'84:f1:47:a8:9d:20': -86}, {'48:8b:0a:f4:fa:20': -94}, {'84:f1:47:a8:73:c0': -96}, {'48:8b:0a:f2:64:a0': -86}, {'f0:1d:2d:a5:1d:c0': -82}, {'84:f1:47:a8:77:20': -97}, {'84:f1:47:a8:36:c2': -59}, {'84:f1:47:a8:9d:22': -86}, {'48:8b:0a:f4:fa:22': -94}, {'48:8b:0a:ba:e1:e2': -96}]"
6,5,"[{'84:f1:47:a8:36:c3': -59}, {'48:8b:0a:f2:64:a3': -86}, {'f0:1d:2d:a5:1d:c3': -85}, {'84:f1:47:a8:77:23': -96}, {'48:8b:0a:f3:19:43': -96}, {'84:f1:47:a8:9d:23': -94}, {'48:8b:0a:ba:e1:e2': -96}, {'84:f1:47:a8:36:c2': -59}, {'48:8b:0a:f2:64:a2': -86}, {'84:f1:47:a8:77:22': -95}, {'f0:1d:2d:a5:1d:c2': -84}, {'84:f1:47:a8:9d:22': -94}, {'84:f1:47:a8:9d:21': -94}, {'84:f1:47:a8:36:c1': -59}, {'48:8b:0a:f2:64:a1': -85}, {'48:8b:0a:f4:fa:21': -94}, {'f0:1d:2d:a5:1d:c1': -85}, {'84:f1:47:a8:77:21': -95}, {'48:8b:0a:ba:e1:e1': -96}, {'84:f1:47:a8:9d:20': -94}, {'48:8b:0a:ba:e1:e0': -96}, {'84:f1:47:a8:36:c0': -59}, {'48:8b:0a:f2:64:a0': -86}, {'48:8b:0a:f4:fa:20': -95}, {'84:f1:47:a8:77:20': -96}, {'f0:1d:2d:a5:1d:c0': -84}, {'48:8b:0a:f3:19:40': -96}, {'86:9e:56:b9:17:6e': -96}]"
6,6,"[{'84:f1:47:a8:36:c3': -58}, {'84:f1:47:a8:9d:23': -95}, {'48:8b:0a:ba:e1:e3': -94}, {'48:8b:0a:f4:fa:23': -94}, {'48:8b:0a:f2:64:a3': -86}, {'f0:1d:2d:a5:1d:c3': -83}, {'48:8b:0a:ba:e1:e0': -94}, {'84:f1:47:a8:9d:20': -95}, {'84:f1:47:a8:36:c0': -59}, {'48:8b:0a:f4:fa:20': -94}, {'48:8b:0a:f2:64:a0': -86}, {'84:f1:47:a8:77:20': -96}, {'84:f1:47:a8:36:c2': -59}, {'48:8b:0a:f4:fa:22': -94}, {'48:8b:0a:f2:64:a2': -86}, {'f0:1d:2d:a5:1d:c2': -83}, {'84:f1:47:a8:36:c1': -59}, {'48:8b:0a:f4:fa:21': -94}, {'48:8b:0a:f2:64:a1': -87}, {'84:f1:47:a8:77:21': -96}, {'f0:1d:2d:a5:1d:c1': -83}, {'48:8b:0a:ba:e1:e1': -94}, {'84:f1:47:a8:9d:21': -95}, {'48:8b:0a:f3:19:41': -97}]"
6,7,"[{'84:f1:47:a8:36:c3': -59}, {'48:8b:0a:ba:e1:e3': -95}, {'48:8b:0a:f3:19:43': -95}, {'48:8b:0a:f2:64:a3': -94}, {'48:8b:0a:f4:fa:23': -95}, {'84:f1:47:a8:73:c3': -95}, {'f0:1d:2d:a5:1d:c3': -83}, {'84:f1:47:a8:77:23': -96}, {'48:8b:0a:f2:3a:c3': -96}, {'84:f1:47:a8:36:c2': -59}, {'48:8b:0a:f2:3a:c2': -96}, {'48:8b:0a:ba:e1:e2': -94}, {'48:8b:0a:f3:19:42': -95}, {'48:8b:0a:f2:64:a2': -94}, {'48:8b:0a:f4:fa:22': -95}, {'84:f1:47:a8:73:c2': -95}, {'f0:1d:2d:a5:1d:c2': -83}, {'84:f1:47:a8:36:c1': -59}, {'48:8b:0a:ba:e1:e1': -94}, {'48:8b:0a:f2:64:a1': -93}, {'48:8b:0a:f4:fa:21': -95}, {'84:f1:47:a8:73:c1': -95}, {'f0:1d:2d:a5:1d:c1': -83}, {'84:f1:47:a8:77:21': -96}, {'48:8b:0a:f3:19:41': -95}, {'84:f1:47:a8:36:c0': -59}, {'48:8b:0a:ba:e1:e0': -94}, {'48:8b:0a:f3:19:40': -94}, {'48:8b:0a:f2:64:a0': -93}, {'48:8b:0a:f4:fa:20': -95}, {'84:f1:47:a8:73:c0': -95}, {'f0:1d:2d:a5:1d:c0': -83}, {'48:8b:0a:f2:3a:c0': -96}, {'c4:9a:31:73:40:7e': -98}, {'72:cf:49:d7:21:fc': -98}]"
6,8,"[{'84:f1:47:a8:36:c3': -58}, {'84:f1:47:a8:73:c3': -95}, {'48:8b:0a:f2:64:a3': -94}, {'48:8b:0a:f4:fa:23': -95}, {'84:f1:47:a8:77:23': -94}, {'f0:1d:2d:a5:1d:c3': -86}, {'48:8b:0a:f3:19:43': -94}, {'48:8b:0a:ba:e1:e2': -95}, {'84:f1:47:a8:36:c2': -58}, {'84:f1:47:a8:73:c2': -95}, {'48:8b:0a:f2:64:a2': -94}, {'48:8b:0a:f4:fa:22': -95}, {'84:f1:47:a8:77:22': -95}, {'f0:1d:2d:a5:1d:c2': -86}, {'48:8b:0a:f3:19:42': -94}, {'48:8b:0a:f2:3a:c0': -94}, {'48:8b:0a:ba:e1:e0': -94}, {'84:f1:47:a8:36:c0': -58}, {'84:f1:47:a8:73:c0': -95}, {'48:8b:0a:f2:64:a0': -93}, {'48:8b:0a:f4:fa:20': -95}, {'84:f1:47:a8:77:20': -94}, {'f0:1d:2d:a5:1d:c0': -86}, {'48:8b:0a:f3:19:40': -94}, {'84:f1:47:a8:9d:20': -96}, {'84:f1:47:a8:36:c1': -58}, {'84:f1:47:a8:73:c1': -95}, {'48:8b:0a:f2:64:a1': -93}, {'48:8b:0a:f4:fa:21': -95}, {'84:f1:47:a8:77:21': -94}, {'f0:1d:2d:a5:1d:c1': -86}, {'48:8b:0a:f2:3a:c1': -94}, {'48:8b:0a:f3:19:41': -94}, {'84:f1:47:a8:9d:21': -96}, {'48:8b:0a:ba:e1:e1': -95}, {'ae:f4:66:11:f6:27': -96}, {'86:9e:56:b9:17:6e': -95}]"
6,9,"[{'84:f1:47:a8:36:c3': -58}, {'48:8b:0a:f3:19:43': -86}, {'48:8b:0a:f2:64:a3': -74}, {'48:8b:0a:f4:fa:23': -95}, {'84:f1:47:a8:77:23': -95}, {'f0:1d:2d:a5:1d:c3': -73}, {'48:8b:0a:ba:e1:e3': -95}, {'84:f1:47:a8:9d:23': -87}, {'48:8b:0a:f3:19:41': -86}, {'84:f1:47:a8:36:c1': -58}, {'48:8b:0a:f2:64:a1': -74}, {'f0:1d:2d:a5:1d:c1': -73}, {'84:f1:47:a8:77:21': -94}, {'48:8b:0a:ba:e1:e1': -95}, {'84:f1:47:a8:9d:21': -87}, {'48:8b:0a:f2:3a:c1': -96}, {'48:8b:0a:f3:19:42': -86}, {'84:f1:47:a8:36:c2': -58}, {'48:8b:0a:f2:64:a2': -74}, {'48:8b:0a:f4:fa:22': -95}, {'84:f1:47:a8:77:22': -94}, {'f0:1d:2d:a5:1d:c2': -73}, {'48:8b:0a:f2:3a:c2': -96}, {'48:8b:0a:ba:e1:e2': -94}, {'84:f1:47:a8:9d:22': -86}, {'48:8b:0a:f3:19:40': -86}, {'84:f1:47:a8:36:c0': -58}, {'48:8b:0a:f2:64:a0': -74}, {'84:f1:47:a8:77:20': -94}, {'f0:1d:2d:a5:1d:c0': -73}, {'48:8b:0a:ba:e1:e0': -95}, {'84:f1:47:a8:9d:20': -86}, {'48:8b:0a:f2:3a:c0': -96}, {'ae:f4:66:11:f6:27': -96}, {'86:9e:56:b9:17:6e': -97}]"
6,10,"[{'84:f1:47:a8:36:c3': -58}, {'48:8b:0a:f4:fa:23': -95}, {'84:f1:47:a8:73:c3': -95}, {'48:8b:0a:f2:64:a3': -74}, {'f0:1d:2d:a5:1d:c3': -74}, {'48:8b:0a:f2:3a:c3': -95}, {'48:8b:0a:ba:e1:e3': -94}, {'84:f1:47:a8:9d:23': -94}, {'84:f1:47:a8:36:c2': -58}, {'48:8b:0a:f4:fa:22': -95}, {'84:f1:47:a8:73:c2': -95}, {'48:8b:0a:f2:64:a2': -74}, {'f0:1d:2d:a5:1d:c2': -82}, {'48:8b:0a:ba:e1:e2': -94}, {'84:f1:47:a8:9d:22': -94}, {'84:f1:47:a8:36:c1': -58}, {'48:8b:0a:f4:fa:21': -94}, {'84:f1:47:a8:73:c1': -94}, {'48:8b:0a:f2:64:a1': -82}, {'f0:1d:2d:a5:1d:c1': -74}, {'48:8b:0a:ba:e1:e1': -94}, {'48:8b:0a:f2:3a:c1': -95}, {'48:8b:0a:f3:19:41': -94}, {'84:f1:47:a8:9d:21': -94}, {'84:f1:47:a8:36:c0': -58}, {'48:8b:0a:f4:fa:20': -95}, {'84:f1:47:a8:73:c0': -94}, {'48:8b:0a:f2:64:a0': -74}, {'f0:1d:2d:a5:1d:c0': -82}, {'48:8b:0a:f2:3a:c0': -95}, {'48:8b:0a:ba:e1:e0': -94}, {'48:8b:0a:f3:19:40': -94}, {'84:f1:47:a8:9d:20': -94}, {'c4:9a:31:73:40:7e': -97}, {'ae:f4:66:11:f6:27': -96}, {'86:9e:56:b9:17:6e': -94}]"
6,11,"[{'84:f1:47:a8:36:c3': -56}, {'48:8b:0a:f2:64:a3': -74}, {'48:8b:0a:f4:fa:23': -95}, {'84:f1:47:a8:73:c3': -94}, {'84:f1:47:a8:77:23': -94}, {'f0:1d:2d:a5:1d:c3': -72}, {'48:8b:0a:ba:e1:e3': -94}, {'48:8b:0a:f3:19:43': -94}, {'84:f1:47:a8:9d:23': -94}, {'48:8b:0a:f2:3a:c3': -95}, {'84:f1:47:a8:36:c2': -56}, {'48:8b:0a:f2:64:a2': -74}, {'48:8b:0a:f4:fa:22': -94}, {'84:f1:47:a8:73:c2': -94}, {'84:f1:47:a8:77:22': -93}, {'f0:1d:2d:a5:1d:c2': -72}, {'48:8b:0a:ba:e1:e2': -94}, {'48:8b:0a:f3:19:42': -94}, {'84:f1:47:a8:36:c1': -56}, {'48:8b:0a:f2:64:a1': -82}, {'48:8b:0a:f4:fa:21': -94}, {'84:f1:47:a8:73:c1': -94}, {'84:f1:47:a8:77:21': -94}, {'f0:1d:2d:a5:1d:c1': -72}, {'48:8b:0a:ba:e1:e1': -94}, {'48:8b:0a:f3:19:41': -94}, {'84:f1:47:a8:9d:21': -94}, {'84:f1:47:a8:36:c0': -56}, {'48:8b:0a:f2:64:a0': -73}, {'48:8b:0a:f4:fa:20': -95}, {'84:f1:47:a8:73:c0': -94}, {'84:f1:47:a8:77:20': -94}, {'f0:1d:2d:a5:1d:c0': -72}, {'48:8b:0a:ba:e1:e0': -94}, {'48:8b:0a:f3:19:40': -94}, {'84:f1:47:a8:9d:20': -94}, {'86:9e:56:b9:17:6e': -94}, {'ae:f4:66:11:f6:27': -95}]"
6,12,"[{'84:f1:47:a8:36:c3': -55}, {'48:8b:0a:f4:fa:23': -95}, {'84:f1:47:a8:73:c3': -95}, {'48:8b:0a:f2:64:a3': -72}, {'f0:1d:2d:a5:1d:c3': -74}, {'48:8b:0a:f3:19:43': -86}, {'48:8b:0a:f2:3a:c3': -94}, {'48:8b:0a:ba:e1:e3': -86}, {'84:f1:47:a8:36:c2': -55}, {'48:8b:0a:f4:fa:22': -95}, {'84:f1:47:a8:73:c2': -94}, {'48:8b:0a:f2:64:a2': -72}, {'f0:1d:2d:a5:1d:c2': -74}, {'84:f1:47:a8:77:22': -85}, {'48:8b:0a:f3:19:42': -86}, {'48:8b:0a:ba:e1:e2': -87}, {'84:f1:47:a8:36:c1': -55}, {'48:8b:0a:f4:fa:21': -95}, {'84:f1:47:a8:73:c1': -94}, {'48:8b:0a:f2:64:a1': -72}, {'f0:1d:2d:a5:1d:c1': -74}, {'84:f1:47:a8:77:21': -85}, {'48:8b:0a:f3:19:41': -86}, {'48:8b:0a:ba:e1:e1': -86}, {'48:8b:0a:f2:3a:c1': -95}, {'84:f1:47:a8:36:c0': -55}, {'48:8b:0a:f4:fa:20': -95}, {'84:f1:47:a8:73:c0': -94}, {'48:8b:0a:f2:64:a0': -72}, {'f0:1d:2d:a5:1d:c0': -74}, {'84:f1:47:a8:77:20': -85}, {'84:f1:47:a8:9d:20': -96}, {'48:8b:0a:f3:19:40': -86}, {'48:8b:0a:ba:e1:e0': -86}, {'48:8b:0a:f2:3a:c0': -95}, {'ae:f4:66:11:f6:27': -96}, {'86:9e:56:b9:17:6e': -95}]"
6,13,"[{'84:f1:47:a8:36:c3': -55}, {'84:f1:47:a8:73:c3': -94}, {'48:8b:0a:f2:64:a3': -83}, {'48:8b:0a:f4:fa:23': -95}, {'84:f1:47:a8:77:23': -85}, {'f0:1d:2d:a5:1d:c3': -60}, {'48:8b:0a:f2:3a:c3': -94}, {'48:8b:0a:ba:e1:e3': -94}, {'48:8b:0a:f3:19:43': -85}, {'84:f1:47:a8:36:c2': -55}, {'84:f1:47:a8:73:c2': -94}, {'48:8b:0a:f2:64:a2': -83}, {'48:8b:0a:f4:fa:22': -95}, {'84:f1:47:a8:77:22': -86}, {'f0:1d:2d:a5:1d:c2': -60}, {'48:8b:0a:f2:3a:c2': -94}, {'48:8b:0a:ba:e1:e2': -87}, {'48:8b:0a:f3:19:42': -85}, {'84:f1:47:a8:36:c1': -55}, {'84:f1:47:a8:73:c1': -94}, {'48:8b:0a:f2:64:a1': -83}, {'48:8b:0a:f4:fa:21': -95}, {'84:f1:47:a8:77:21': -86}, {'f0:1d:2d:a5:1d:c1': -71}, {'84:f1:47:a8:9d:21': -96}, {'48:8b:0a:f2:3a:c1': -94}, {'48:8b:0a:ba:e1:e1': -93}, {'48:8b:0a:f3:19:41': -85}, {'84:f1:47:a8:36:c0': -55}, {'84:f1:47:a8:73:c0': -94}, {'48:8b:0a:f2:64:a0': -83}, {'48:8b:0a:f4:fa:20': -95}, {'84:f1:47:a8:77:20': -85}, {'f0:1d:2d:a5:1d:c0': -71}, {'84:f1:47:a8:9d:20': -96}, {'48:8b:0a:f2:3a:c0': -94}, {'48:8b:0a:ba:e1:e0': -93}, {'48:8b:0a:f3:19:40': -85}, {'86:9e:56:b9:17:6e': -96}]"
6,14,"[{'84:f1:47:a8:36:c3': -56}, {'48:8b:0a:f4:fa:23': -95}, {'48:8b:0a:f2:64:a3': -74}, {'84:f1:47:a8:77:23': -86}, {'f0:1d:2d:a5:1d:c3': -82}, {'48:8b:0a:f2:3a:c3': -94}, {'48:8b:0a:ba:e1:e3': -94}, {'48:8b:0a:f3:19:43': -84}, {'84:f1:47:a8:36:c2': -56}, {'48:8b:0a:f4:fa:22': -95}, {'48:8b:0a:f2:64:a2': -82}, {'84:f1:47:a8:77:22': -86}, {'48:8b:0a:f2:3a:c2': -94}, {'48:8b:0a:ba:e1:e2': -94}, {'48:8b:0a:f3:19:42': -85}, {'84:f1:47:a8:36:c1': -56}, {'48:8b:0a:f4:fa:21': -95}, {'48:8b:0a:f2:64:a1': -82}, {'84:f1:47:a8:77:21': -86}, {'48:8b:0a:f2:3a:c1': -94}, {'48:8b:0a:ba:e1:e1': -94}, {'48:8b:0a:f3:19:41': -85}, {'84:f1:47:a8:9d:21': -96}, {'84:f1:47:a8:36:c0': -56}, {'48:8b:0a:f4:fa:20': -95}, {'48:8b:0a:f2:64:a0': -82}, {'f0:1d:2d:a5:1d:c0': -82}, {'84:f1:47:a8:77:20': -86}, {'48:8b:0a:f2:3a:c0': -94}, {'48:8b:0a:ba:e1:e0': -94}, {'84:f1:47:a8:9d:20': -96}, {'48:8b:0a:f3:19:40': -85}, {'ae:f4:66:11:f6:27': -97}, {'86:9e:56:b9:17:6e': -97}]"
6,15,"[{'84:f1:47:a8:36:c3': -57}, {'48:8b:0a:f3:19:43': -84}, {'48:8b:0a:f4:fa:23': -95}, {'84:f1:47:a8:73:c3': -95}, {'48:8b:0a:f2:64:a3': -85}, {'84:f1:47:a8:77:23': -93}, {'f0:1d:2d:a5:1d:c3': -74}, {'48:8b:0a:f3:19:42': -84}, {'84:f1:47:a8:36:c2': -57}, {'48:8b:0a:f4:fa:22': -95}, {'84:f1:47:a8:73:c2': -95}, {'48:8b:0a:f2:64:a2': -85}, {'f0:1d:2d:a5:1d:c2': -73}, {'84:f1:47:a8:77:22': -93}, {'84:f1:47:a8:9d:22': -95}, {'48:8b:0a:f3:19:41': -84}, {'84:f1:47:a8:36:c1': -57}, {'48:8b:0a:f4:fa:21': -95}, {'84:f1:47:a8:73:c1': -95}, {'48:8b:0a:f2:64:a1': -85}, {'f0:1d:2d:a5:1d:c1': -73}, {'84:f1:47:a8:77:21': -93}, {'84:f1:47:a8:9d:21': -95}, {'48:8b:0a:f3:19:40': -84}, {'84:f1:47:a8:36:c0': -57}, {'48:8b:0a:f4:fa:20': -95}, {'84:f1:47:a8:73:c0': -95}, {'48:8b:0a:f2:64:a0': -85}, {'f0:1d:2d:a5:1d:c0': -73}, {'84:f1:47:a8:77:20': -93}, {'48:8b:0a:ba:e1:e0': -96}, {'84:f1:47:a8:9d:20': -95}, {'86:9e:56:b9:17:6e': -95}]"
6,16,"[{'84:f1:47:a8:36:c3': -58}, {'48:8b:0a:f3:19:43': -83}, {'48:8b:0a:f4:fa:23': -96}, {'48:8b:0a:f2:64:a3': -86}, {'84:f1:47:a8:73:c3': -94}, {'f0:1d:2d:a5:1d:c3': -82}, {'84:f1:47:a8:77:23': -85}, {'48:8b:0a:ba:e1:e3': -95}, {'84:f1:47:a8:36:c2': -58}, {'48:8b:0a:f3:19:42': -83}, {'48:8b:0a:f4:fa:22': -96}, {'48:8b:0a:f2:64:a2': -86}, {'84:f1:47:a8:73:c2': -94}, {'f0:1d:2d:a5:1d:c2': -82}, {'84:f1:47:a8:77:22': -86}, {'48:8b:0a:f2:3a:c2': -95}, {'84:f1:47:a8:36:c1': -58}, {'48:8b:0a:f3:19:41': -83}, {'48:8b:0a:f2:64:a1': -86}, {'48:8b:0a:f4:fa:21': -96}, {'84:f1:47:a8:73:c1': -94}, {'84:f1:47:a8:77:21': -86}, {'f0:1d:2d:a5:1d:c1': -82}, {'84:f1:47:a8:9d:21': -94}, {'48:8b:0a:f2:3a:c1': -95}, {'84:f1:47:a8:36:c0': -58}, {'48:8b:0a:f3:19:40': -83}, {'48:8b:0a:f2:64:a0': -86}, {'48:8b:0a:f4:fa:20': -96}, {'84:f1:47:a8:73:c0': -94}, {'84:f1:47:a8:77:20': -86}, {'f0:1d:2d:a5:1d:c0': -82}, {'84:f1:47:a8:9d:20': -94}, {'48:8b:0a:f2:3a:c0': -95}, {'ae:f4:66:11:f6:27': -95}, {'86:9e:56:b9:17:6e': -94}]"
6,17,"[{'84:f1:47:a8:36:c3': -58}, {'48:8b:0a:f3:19:43': -85}, {'48:8b:0a:f2:64:a3': -86}, {'48:8b:0a:f4:fa:23': -96}, {'84:f1:47:a8:73:c3': -94}, {'f0:1d:2d:a5:1d:c3': -85}, {'84:f1:47:a8:77:23': -84}, {'48:8b:0a:f2:3a:c3': -94}, {'84:f1:47:a8:36:c1': -59}, {'48:8b:0a:f3:19:41': -83}, {'48:8b:0a:f2:64:a1': -85}, {'84:f1:47:a8:73:c1': -94}, {'84:f1:47:a8:77:21': -84}, {'f0:1d:2d:a5:1d:c1': -85}, {'48:8b:0a:f2:3a:c1': -94}, {'84:f1:47:a8:36:c0': -59}, {'48:8b:0a:f3:19:40': -84}, {'48:8b:0a:f2:64:a0': -86}, {'84:f1:47:a8:73:c0': -94}, {'84:f1:47:a8:77:20': -84}, {'48:8b:0a:f2:3a:c0': -94}, {'84:f1:47:a8:9d:20': -96}, {'48:8b:0a:f3:19:42': -83}, {'84:f1:47:a8:36:c2': -59}, {'48:8b:0a:f2:64:a2': -85}, {'84:f1:47:a8:73:c2': -94}, {'84:f1:47:a8:77:22': -84}, {'f0:1d:2d:a5:1d:c2': -84}, {'48:8b:0a:f2:3a:c2': -94}, {'86:9e:56:b9:17:6e': -94}]"
6,18,"[{'84:f1:47:a8:36:c3': -58}, {'48:8b:0a:f2:3a:c3': -84}, {'48:8b:0a:f3:19:43': -83}, {'84:5a:3e:94:a4:83': -96}, {'48:8b:0a:f4:fa:23': -95}, {'48:8b:0a:f2:64:a3': -84}, {'84:f1:47:a8:73:c3': -94}, {'f0:1d:2d:a5:1d:c3': -83}, {'84:f1:47:a8:77:23': -84}, {'84:f1:47:a8:36:c2': -58}, {'48:8b:0a:f2:3a:c2': -84}, {'48:8b:0a:f3:19:42': -83}, {'84:5a:3e:94:a4:82': -96}, {'48:8b:0a:f4:fa:22': -95}, {'48:8b:0a:f2:64:a2': -84}, {'84:f1:47:a8:73:c2': -94}, {'f0:1d:2d:a5:1d:c2': -83}, {'84:f1:47:a8:77:22': -85}, {'84:f1:47:a8:36:c1': -58}, {'48:8b:0a:f2:3a:c1': -84}, {'48:8b:0a:f3:19:41': -83}, {'84:5a:3e:94:a4:81': -96}, {'48:8b:0a:f4:fa:21': -95}, {'48:8b:0a:f2:64:a1': -84}, {'84:f1:47:a8:73:c1': -94}, {'f0:1d:2d:a5:1d:c1': -83}, {'84:f1:47:a8:77:21': -84}, {'84:f1:47:a8:36:c0': -58}, {'48:8b:0a:f2:3a:c0': -84}, {'48:8b:0a:f3:19:40': -83}, {'48:8b:0a:f4:fa:20': -95}, {'48:8b:0a:f2:64:a0': -84}, {'84:f1:47:a8:73:c0': -94}, {'f0:1d:2d:a5:1d:c0': -83}, {'84:f1:47:a8:77:20': -84}, {'86:9e:56:b9:17:6e': -95}, {'ae:f4:66:11:f6:27': -94}]"
6,19,"[{'84:f1:47:a8:36:c3': -57}, {'48:8b:0a:f2:3a:c3': -85}, {'48:8b:0a:f3:19:43': -72}, {'48:8b:0a:f4:fa:23': -94}, {'84:f1:47:a8:73:c3': -94}, {'48:8b:0a:f2:64:a3': -84}, {'84:f1:47:a8:77:23': -85}, {'f0:1d:2d:a5:1d:c3': -73}, {'48:8b:0a:f3:19:42': -72}, {'48:8b:0a:f2:3a:c2': -85}, {'84:f1:47:a8:36:c2': -57}, {'48:8b:0a:f4:fa:22': -94}, {'84:f1:47:a8:73:c2': -94}, {'84:5a:3e:94:a4:82': -96}, {'48:8b:0a:f2:64:a2': -84}, {'84:f1:47:a8:77:22': -85}, {'f0:1d:2d:a5:1d:c2': -73}, {'48:8b:0a:f2:3a:c1': -85}, {'48:8b:0a:f3:19:41': -72}, {'84:f1:47:a8:36:c1': -57}, {'48:8b:0a:f4:fa:21': -94}, {'84:f1:47:a8:73:c1': -94}, {'84:5a:3e:94:a4:81': -96}, {'48:8b:0a:f2:64:a1': -84}, {'f0:1d:2d:a5:1d:c1': -73}, {'48:8b:0a:f2:3a:c0': -85}, {'48:8b:0a:f3:19:40': -71}, {'84:f1:47:a8:36:c0': -57}, {'48:8b:0a:f4:fa:20': -94}, {'84:f1:47:a8:73:c0': -94}, {'84:5a:3e:94:a4:80': -96}, {'48:8b:0a:f2:64:a0': -84}, {'f0:1d:2d:a5:1d:c0': -73}, {'ae:f4:66:11:f6:27': -97}]"
6,20,"[{'84:f1:47:a8:36:c3': -57}, {'48:8b:0a:f3:19:43': -71}, {'48:8b:0a:f2:64:a3': -86}, {'48:8b:0a:f4:fa:23': -94}, {'84:f1:47:a8:73:c3': -94}, {'84:5a:3e:94:a4:83': -95}, {'f0:1d:2d:a5:1d:c3': -83}, {'84:f1:47:a8:77:23': -83}, {'48:8b:0a:f2:3a:c3': -85}, {'84:f1:47:a8:36:c2': -57}, {'48:8b:0a:f3:19:42': -72}, {'48:8b:0a:f2:64:a2': -86}, {'48:8b:0a:f4:fa:22': -94}, {'84:f1:47:a8:73:c2': -94}, {'84:5a:3e:94:a4:82': -95}, {'f0:1d:2d:a5:1d:c2': -83}, {'84:f1:47:a8:77:22': -83}, {'48:8b:0a:f2:3a:c2': -85}, {'84:f1:47:a8:36:c1': -57}, {'48:8b:0a:f2:3a:c1': -85}, {'48:8b:0a:f2:64:a1': -86}, {'48:8b:0a:f4:fa:21': -94}, {'84:f1:47:a8:73:c1': -94}, {'84:5a:3e:94:a4:81': -96}, {'f0:1d:2d:a5:1d:c1': -83}, {'84:f1:47:a8:77:21': -83}, {'48:8b:0a:f3:19:41': -72}, {'84:f1:47:a8:36:c0': -57}, {'48:8b:0a:f3:19:40': -71}, {'48:8b:0a:f2:64:a0': -86}, {'48:8b:0a:f4:fa:20': -94}, {'84:f1:47:a8:73:c0': -94}, {'84:5a:3e:94:a4:80': -96}, {'f0:1d:2d:a5:1d:c0': -83}, {'84:f1:47:a8:77:20': -83}, {'48:8b:0a:f2:3a:c0': -85}, {'ae:f4:66:11:f6:27': -94}]"
6,21,"[{'84:f1:47:a8:36:c3': -60}, {'48:8b:0a:f2:3a:c3': -83}, {'48:8b:0a:f2:64:a3': -87}, {'48:8b:0a:f4:fa:23': -94}, {'f0:1d:2d:a5:1d:c3': -72}, {'84:f1:47:a8:77:23': -86}, {'48:8b:0a:f3:19:43': -73}, {'84:f1:47:a8:36:c2': -59}, {'48:8b:0a:f3:19:42': -73}, {'48:8b:0a:f2:3a:c2': -83}, {'48:8b:0a:f2:64:a2': -93}, {'48:8b:0a:f4:fa:22': -94}, {'84:f1:47:a8:73:c2': -86}, {'f0:1d:2d:a5:1d:c2': -72}, {'84:f1:47:a8:77:22': -86}, {'84:f1:47:a8:36:c1': -59}, {'48:8b:0a:f3:19:41': -73}, {'48:8b:0a:f2:3a:c1': -84}, {'48:8b:0a:f4:27:e1': -97}, {'48:8b:0a:f2:64:a1': -87}, {'48:8b:0a:f4:fa:21': -94}, {'f0:1d:2d:a5:1d:c1': -73}, {'84:f1:47:a8:77:21': -86}, {'84:f1:47:a8:36:c0': -59}, {'48:8b:0a:f2:3a:c0': -83}, {'48:8b:0a:f2:64:a0': -87}, {'48:8b:0a:f4:fa:20': -94}, {'84:f1:47:a8:77:20': -86}, {'f0:1d:2d:a5:1d:c0': -72}, {'48:8b:0a:f3:19:40': -73}, {'ae:f4:66:11:f6:27': -96}, {'86:9e:56:b9:17:6e': -95}]"
6,22,"[{'84:f1:47:a8:36:c3': -59}, {'48:8b:0a:f3:19:43': -71}, {'48:8b:0a:f2:3a:c3': -84}, {'48:8b:0a:f4:27:e3': -96}, {'48:8b:0a:f2:64:a3': -93}, {'84:f1:47:a8:73:c3': -86}, {'84:f1:47:a8:77:23': -74}, {'f0:1d:2d:a5:1d:c3': -71}, {'48:8b:0a:f3:19:42': -71}, {'84:f1:47:a8:36:c2': -59}, {'48:8b:0a:f2:3a:c2': -84}, {'48:8b:0a:f2:64:a2': -87}, {'84:f1:47:a8:73:c2': -86}, {'84:f1:47:a8:77:22': -74}, {'f0:1d:2d:a5:1d:c2': -71}, {'48:8b:0a:f3:19:41': -60}, {'84:f1:47:a8:36:c1': -59}, {'48:8b:0a:f2:3a:c1': -84}, {'48:8b:0a:f4:27:e1': -96}, {'48:8b:0a:f2:64:a1': -87}, {'84:f1:47:a8:73:c1': -86}, {'84:f1:47:a8:77:21': -74}, {'f0:1d:2d:a5:1d:c1': -71}, {'48:8b:0a:f3:19:40': -71}, {'84:f1:47:a8:36:c0': -59}, {'48:8b:0a:f2:3a:c0': -84}, {'48:8b:0a:f4:27:e0': -96}, {'48:8b:0a:f2:64:a0': -87}, {'84:f1:47:a8:73:c0': -86}, {'f0:1d:2d:a5:1d:c0': -71}, {'84:f1:47:a8:77:20': -74}, {'86:9e:56:b9:17:6e': -96}, {'ae:f4:66:11:f6:27': -97}]"
6,23,"[{'84:f1:47:a8:36:c3': -59}, {'48:8b:0a:f3:19:43': -82}, {'48:8b:0a:f2:3a:c3': -85}, {'84:5a:3e:94:a4:83': -96}, {'48:8b:0a:f2:64:a3': -94}, {'84:f1:47:a8:73:c3': -94}, {'84:f1:47:a8:77:23': -82}, {'f0:1d:2d:a5:1d:c3': -73}, {'48:8b:0a:f3:19:42': -82}, {'84:f1:47:a8:36:c2': -59}, {'48:8b:0a:f2:3a:c2': -84}, {'48:8b:0a:f2:64:a2': -94}, {'48:8b:0a:f4:fa:22': -96}, {'84:f1:47:a8:73:c2': -94}, {'84:f1:47:a8:77:22': -82}, {'48:8b:0a:f3:19:41': -82}, {'84:f1:47:a8:36:c1': -59}, {'48:8b:0a:f2:3a:c1': -84}, {'48:8b:0a:f2:64:a1': -94}, {'48:8b:0a:f4:fa:21': -96}, {'84:f1:47:a8:73:c1': -94}, {'84:f1:47:a8:77:21': -83}, {'f0:1d:2d:a5:1d:c1': -73}, {'48:8b:0a:f3:19:40': -82}, {'84:f1:47:a8:36:c0': -59}, {'48:8b:0a:f2:3a:c0': -84}, {'84:5a:3e:94:a4:80': -95}, {'48:8b:0a:f2:64:a0': -94}, {'48:8b:0a:f4:fa:20': -96}, {'84:f1:47:a8:73:c0': -94}, {'84:f1:47:a8:77:20': -82}, {'ae:f4:66:11:f6:27': -95}]"
6,24,"[{'84:f1:47:a8:36:c3': -72}, {'48:8b:0a:f3:19:43': -71}, {'48:8b:0a:f2:3a:c3': -84}, {'48:8b:0a:f2:64:a3': -95}, {'84:f1:47:a8:73:c3': -86}, {'48:8b:0a:f4:27:e3': -96}, {'84:f1:47:a8:77:23': -83}, {'f0:1d:2d:a5:1d:c3': -72}, {'84:f1:47:a8:36:c2': -60}, {'48:8b:0a:f3:19:42': -72}, {'48:8b:0a:f2:3a:c2': -84}, {'84:f1:47:a8:73:c2': -86}, {'48:8b:0a:f4:27:e2': -96}, {'84:5a:3e:94:a4:82': -96}, {'f0:1d:2d:a5:1d:c2': -72}, {'84:f1:47:a8:77:22': -83}, {'84:f1:47:a8:36:c1': -60}, {'48:8b:0a:f3:19:41': -72}, {'48:8b:0a:f2:3a:c1': -84}, {'48:8b:0a:f4:fa:21': -96}, {'84:f1:47:a8:73:c1': -86}, {'48:8b:0a:f2:64:a1': -95}, {'48:8b:0a:f4:27:e1': -96}, {'84:5a:3e:94:a4:81': -96}, {'84:f1:47:a8:77:21': -83}, {'f0:1d:2d:a5:1d:c1': -72}, {'84:f1:47:a8:36:c0': -60}, {'48:8b:0a:f3:19:40': -72}, {'48:8b:0a:f2:3a:c0': -84}, {'48:8b:0a:f2:64:a0': -94}, {'48:8b:0a:f4:fa:20': -96}, {'84:f1:47:a8:73:c0': -86}, {'48:8b:0a:f4:27:e0': -96}, {'f0:1d:2d:a5:1d:c0': -72}, {'84:f1:47:a8:77:20': -83}, {'ae:f4:66:11:f6:27': -98}]"
6,25,"[{'84:f1:47:a8:36:c3': -71}, {'48:8b:0a:f2:3a:c3': -83}, {'48:8b:0a:f2:64:a3': -96}, {'48:8b:0a:f4:fa:23': -96}, {'84:f1:47:a8:73:c3': -94}, {'48:8b:0a:f4:27:e3': -96}, {'f0:1d:2d:a5:1d:c3': -60}, {'84:f1:47:a8:77:23': -82}, {'48:8b:0a:f3:19:43': -74}, {'84:f1:47:a8:36:c2': -60}, {'48:8b:0a:f2:3a:c2': -83}, {'48:8b:0a:f2:64:a2': -95}, {'48:8b:0a:f4:fa:22': -96}, {'84:f1:47:a8:73:c2': -94}, {'48:8b:0a:f4:27:e2': -96}, {'84:f1:47:a8:77:22': -82}, {'f0:1d:2d:a5:1d:c2': -59}, {'48:8b:0a:f3:19:42': -74}, {'84:f1:47:a8:36:c1': -60}, {'48:8b:0a:f3:19:41': -74}, {'48:8b:0a:f2:3a:c1': -85}, {'48:8b:0a:f2:64:a1': -96}, {'48:8b:0a:f4:fa:21': -96}, {'84:f1:47:a8:73:c1': -94}, {'48:8b:0a:f4:27:e1': -96}, {'84:f1:47:a8:77:21': -74}, {'f0:1d:2d:a5:1d:c1': -60}, {'84:f1:47:a8:36:c0': -59}, {'48:8b:0a:f3:19:40': -74}, {'48:8b:0a:f2:3a:c0': -83}, {'48:8b:0a:f2:64:a0': -95}, {'48:8b:0a:f4:fa:20': -95}, {'84:f1:47:a8:73:c0': -94}, {'48:8b:0a:f4:27:e0': -96}, {'f0:1d:2d:a5:1d:c0': -60}, {'84:f1:47:a8:77:20': -82}, {'90:32:4b:74:6e:ea': -100}]"
6,26,"[{'84:f1:47:a8:36:c3': -71}, {'48:8b:0a:f2:3a:c3': -84}, {'48:8b:0a:f3:19:43': -74}, {'48:8b:0a:f4:fa:23': -95}, {'84:f1:47:a8:73:c3': -94}, {'48:8b:0a:f4:27:e3': -96}, {'48:8b:0a:f2:64:a3': -94}, {'f0:1d:2d:a5:1d:c3': -60}, {'84:f1:47:a8:77:23': -73}, {'84:f1:47:a8:36:c0': -60}, {'48:8b:0a:f2:3a:c0': -85}, {'48:8b:0a:f3:19:40': -74}, {'48:8b:0a:f4:fa:20': -95}, {'84:f1:47:a8:73:c0': -94}, {'48:8b:0a:f4:27:e0': -96}, {'48:8b:0a:f2:64:a0': -94}, {'f0:1d:2d:a5:1d:c0': -60}, {'84:f1:47:a8:77:20': -73}, {'48:8b:0a:f2:3a:c2': -85}, {'48:8b:0a:f3:19:42': -74}, {'84:f1:47:a8:36:c2': -71}, {'48:8b:0a:f4:fa:22': -94}, {'84:f1:47:a8:73:c2': -94}, {'48:8b:0a:f4:27:e2': -96}, {'48:8b:0a:f2:64:a2': -94}, {'f0:1d:2d:a5:1d:c2': -60}, {'84:f1:47:a8:77:22': -73}, {'48:8b:0a:f2:3a:c1': -85}, {'48:8b:0a:f3:19:41': -74}, {'84:f1:47:a8:36:c1': -71}, {'48:8b:0a:f4:fa:21': -95}, {'84:f1:47:a8:73:c1': -94}, {'48:8b:0a:f4:27:e1': -96}, {'48:8b:0a:f2:64:a1': -94}, {'f0:1d:2d:a5:1d:c1': -60}, {'84:f1:47:a8:77:21': -73}, {'86:9e:56:b9:17:6e': -96}]"
6,27,"[{'48:8b:0a:f3:19:40': -83}, {'84:f1:47:a8:36:c0': -73}, {'48:8b:0a:f4:27:e0': -95}, {'84:5a:3e:94:a4:80': -96}, {'48:8b:0a:f2:64:a0': -95}, {'48:8b:0a:f4:fa:20': -94}, {'84:f1:47:a8:73:c0': -94}, {'84:f1:47:a8:77:20': -72}, {'f0:1d:2d:a5:1d:c0': -72}, {'48:8b:0a:f2:3a:c0': -85}, {'48:8b:0a:f4:ff:80': -96}, {'84:f1:47:a8:36:c3': -72}, {'48:8b:0a:f3:19:43': -83}, {'48:8b:0a:f2:3a:c3': -84}, {'48:8b:0a:f4:27:e3': -95}, {'84:5a:3e:94:a4:83': -96}, {'48:8b:0a:f2:64:a3': -95}, {'48:8b:0a:f4:fa:23': -94}, {'84:f1:47:a8:73:c3': -94}, {'f0:1d:2d:a5:1d:c3': -73}, {'84:f1:47:a8:77:23': -72}, {'48:8b:0a:f3:19:42': -83}, {'48:8b:0a:f2:3a:c2': -85}, {'84:f1:47:a8:36:c2': -72}, {'48:8b:0a:f4:27:e2': -95}, {'48:8b:0a:f2:64:a2': -95}, {'48:8b:0a:f4:fa:22': -94}, {'84:f1:47:a8:73:c2': -94}, {'f0:1d:2d:a5:1d:c2': -72}, {'84:f1:47:a8:77:22': -72}, {'48:8b:0a:f4:ff:82': -96}, {'48:8b:0a:f3:19:41': -83}, {'48:8b:0a:f2:3a:c1': -85}, {'84:f1:47:a8:36:c1': -72}, {'48:8b:0a:f4:27:e1': -95}, {'84:5a:3e:94:a4:81': -96}, {'48:8b:0a:f2:64:a1': -95}, {'48:8b:0a:f4:fa:21': -94}, {'84:f1:47:a8:73:c1': -94}, {'f0:1d:2d:a5:1d:c1': -72}, {'84:f1:47:a8:77:21': -72}, {'86:9e:56:b9:17:6e': -96}]"
6,28,"[{'84:f1:47:a8:36:c3': -72}, {'48:8b:0a:f3:19:43': -85}, {'48:8b:0a:f3:7b:03': -95}, {'48:8b:0a:f2:3a:c3': -94}, {'48:8b:0a:f2:64:a3': -95}, {'84:5a:3e:94:a4:83': -94}, {'84:f1:47:a8:73:c3': -94}, {'48:8b:0a:f4:27:e3': -94}, {'84:f1:47:a8:77:23': -71}, {'48:8b:0a:f3:19:42': -85}, {'48:8b:0a:f3:7b:02': -95}, {'84:f1:47:a8:36:c2': -73}, {'48:8b:0a:f2:3a:c2': -94}, {'48:8b:0a:f2:64:a2': -95}, {'84:5a:3e:94:a4:82': -93}, {'84:f1:47:a8:73:c2': -94}, {'48:8b:0a:f4:27:e2': -94}, {'84:f1:47:a8:77:22': -71}, {'f0:1d:2d:a5:1d:c2': -60}, {'48:8b:0a:f3:19:41': -86}, {'48:8b:0a:f4:ff:81': -96}, {'48:8b:0a:f3:7b:01': -95}, {'84:f1:47:a8:36:c1': -72}, {'48:8b:0a:f2:3a:c1': -94}, {'48:8b:0a:f2:64:a1': -95}, {'84:5a:3e:94:a4:81': -94}, {'84:f1:47:a8:73:c1': -94}, {'48:8b:0a:f4:27:e1': -94}, {'84:f1:47:a8:77:21': -71}, {'f0:1d:2d:a5:1d:c1': -60}, {'48:8b:0a:f3:19:40': -84}, {'48:8b:0a:f3:7b:00': -95}, {'84:f1:47:a8:36:c0': -73}, {'48:8b:0a:f2:3a:c0': -94}, {'48:8b:0a:f2:64:a0': -95}, {'84:5a:3e:94:a4:80': -94}, {'84:f1:47:a8:73:c0': -94}, {'48:8b:0a:f4:27:e0': -94}, {'84:f1:47:a8:77:20': -71}, {'f0:1d:2d:a5:1d:c0': -60}, {'48:8b:0a:f4:ff:80': -96}]"
6,29,"[{'48:8b:0a:f3:7b:01': -96}, {'48:8b:0a:f2:3a:c1': -95}, {'84:f1:47:a8:36:c1': -73}, {'48:8b:0a:f4:fa:21': -94}, {'84:f1:47:a8:73:c1': -95}, {'84:5a:3e:94:a4:81': -85}, {'48:8b:0a:f2:64:a1': -96}, {'f0:1d:2d:a5:1d:c1': -60}, {'84:f1:47:a8:77:21': -83}, {'48:8b:0a:f2:3a:c0': -95}, {'84:f1:47:a8:36:c0': -73}, {'48:8b:0a:f3:19:40': -95}, {'48:8b:0a:f4:fa:20': -94}, {'84:f1:47:a8:73:c0': -95}, {'48:8b:0a:f4:27:e0': -94}, {'84:5a:3e:94:a4:80': -85}, {'48:8b:0a:f2:64:a0': -96}, {'f0:1d:2d:a5:1d:c0': -60}, {'84:f1:47:a8:77:20': -83}, {'84:f1:47:a8:36:c3': -73}, {'48:8b:0a:f2:3a:c3': -96}, {'48:8b:0a:f3:19:43': -95}, {'48:8b:0a:f4:fa:23': -94}, {'84:f1:47:a8:73:c3': -95}, {'84:5a:3e:94:a4:83': -85}, {'48:8b:0a:f2:64:a3': -95}, {'f0:1d:2d:a5:1d:c3': -60}, {'84:f1:47:a8:77:23': -83}, {'48:8b:0a:f2:3a:c2': -95}, {'84:f1:47:a8:36:c2': -73}, {'48:8b:0a:f3:19:42': -95}, {'48:8b:0a:f4:fa:22': -94}, {'84:f1:47:a8:73:c2': -95}, {'84:5a:3e:94:a4:82': -85}, {'f0:1d:2d:a5:1d:c2': -60}, {'84:f1:47:a8:77:22': -83}]"
6,30,"[{'84:f1:47:a8:36:c3': -74}, {'48:8b:0a:f3:7b:03': -96}, {'84:5a:3e:94:a4:83': -96}, {'48:8b:0a:f4:27:e3': -93}, {'48:8b:0a:f4:fa:23': -95}, {'84:f1:47:a8:77:23': -74}, {'f0:1d:2d:a5:1d:c3': -60}, {'48:8b:0a:f3:19:43': -96}, {'48:8b:0a:f3:19:41': -95}, {'84:f1:47:a8:36:c1': -73}, {'84:5a:3e:94:a4:81': -96}, {'48:8b:0a:f4:27:e1': -93}, {'48:8b:0a:f4:fa:21': -95}, {'84:f1:47:a8:77:21': -74}, {'f0:1d:2d:a5:1d:c1': -60}, {'48:8b:0a:f2:3a:c1': -96}, {'48:8b:0a:f3:7b:01': -96}, {'48:8b:0a:f3:19:40': -95}, {'48:8b:0a:f3:7b:00': -95}, {'84:f1:47:a8:36:c0': -73}, {'84:5a:3e:94:a4:80': -95}, {'48:8b:0a:f4:27:e0': -93}, {'48:8b:0a:f4:fa:20': -95}, {'84:f1:47:a8:77:20': -74}, {'f0:1d:2d:a5:1d:c0': -60}, {'84:f1:47:a8:83:20': -97}, {'84:f1:47:a8:36:c2': -73}, {'84:5a:3e:94:a4:82': -96}, {'48:8b:0a:f4:27:e2': -87}, {'48:8b:0a:f4:fa:22': -94}, {'84:f1:47:a8:77:22': -74}, {'f0:1d:2d:a5:1d:c2': -59}]"
6,31,"[{'84:f1:47:a8:36:c3': -82}, {'48:8b:0a:f4:fa:23': -96}, {'84:5a:3e:94:a4:83': -94}, {'48:8b:0a:f4:27:e3': -93}, {'84:f1:47:a8:77:23': -73}, {'f0:1d:2d:a5:1d:c3': -59}, {'48:8b:0a:f3:7b:03': -94}, {'48:8b:0a:f4:fa:22': -96}, {'84:5a:3e:94:a4:82': -94}, {'48:8b:0a:f4:27:e2': -94}, {'84:f1:47:a8:77:22': -73}, {'f0:1d:2d:a5:1d:c2': -59}, {'48:8b:0a:f3:7b:02': -94}, {'84:f1:47:a8:36:c2': -83}, {'84:5a:3e:94:a4:81': -95}, {'48:8b:0a:f4:fa:21': -96}, {'48:8b:0a:f4:27:e1': -94}, {'84:f1:47:a8:77:21': -73}, {'f0:1d:2d:a5:1d:c1': -59}, {'48:8b:0a:f3:19:41': -97}, {'48:8b:0a:f3:7b:01': -94}, {'84:f1:47:a8:36:c1': -83}, {'48:8b:0a:f2:3a:c1': -95}, {'84:f1:47:a8:83:20': -97}, {'84:5a:3e:94:a4:80': -95}, {'48:8b:0a:f4:fa:20': -96}, {'48:8b:0a:f4:27:e0': -94}, {'84:f1:47:a8:77:20': -73}, {'f0:1d:2d:a5:1d:c0': -59}, {'48:8b:0a:f3:7b:00': -94}, {'84:f1:47:a8:36:c0': -83}, {'48:8b:0a:f2:3a:c0': -96}, {'b0:95:75:bb:5d:e0': -97}]"
6,32,"[{'84:f1:47:a8:36:c3': -74}, {'48:8b:0a:f3:7b:03': -94}, {'48:8b:0a:f4:fa:23': -95}, {'48:8b:0a:f4:27:e3': -94}, {'84:5a:3e:94:a4:83': -95}, {'84:f1:47:a8:77:23': -74}, {'f0:1d:2d:a5:1d:c3': -59}, {'48:8b:0a:f2:3a:c3': -94}, {'48:8b:0a:f3:19:40': -95}, {'84:f1:47:a8:36:c0': -73}, {'48:8b:0a:f3:7b:00': -94}, {'48:8b:0a:f4:fa:20': -95}, {'48:8b:0a:f4:27:e0': -94}, {'84:5a:3e:94:a4:80': -95}, {'84:f1:47:a8:77:20': -74}, {'f0:1d:2d:a5:1d:c0': -59}, {'48:8b:0a:f2:3a:c0': -94}, {'48:8b:0a:f4:ff:80': -95}, {'84:f1:47:a8:36:c2': -74}, {'48:8b:0a:f3:7b:02': -94}, {'48:8b:0a:f4:fa:22': -95}, {'48:8b:0a:f4:27:e2': -94}, {'84:f1:47:a8:77:22': -74}, {'f0:1d:2d:a5:1d:c2': -59}, {'48:8b:0a:f2:3a:c2': -94}, {'84:f1:47:a8:36:c1': -73}, {'48:8b:0a:f3:7b:01': -94}, {'48:8b:0a:f4:27:e1': -94}, {'84:5a:3e:94:a4:81': -95}, {'48:8b:0a:f4:fa:21': -95}, {'84:f1:47:a8:77:21': -74}, {'f0:1d:2d:a5:1d:c1': -59}, {'84:f1:47:a8:83:21': -97}, {'48:8b:0a:f2:3a:c1': -95}]"
6,33,"[{'84:f1:47:a8:36:c2': -73}, {'48:8b:0a:f4:27:e2': -86}, {'84:5a:3e:94:a4:82': -94}, {'48:8b:0a:f4:fa:22': -94}, {'84:f1:47:a8:77:22': -74}, {'f0:1d:2d:a5:1d:c2': -59}, {'48:8b:0a:f3:7b:02': -95}, {'84:f1:47:a8:36:c3': -59}, {'48:8b:0a:f4:27:e3': -86}, {'84:5a:3e:94:a4:83': -95}, {'48:8b:0a:f4:fa:23': -94}, {'f0:1d:2d:a5:1d:c3': -59}, {'84:f1:47:a8:77:23': -82}, {'48:8b:0a:f4:ff:83': -96}, {'48:8b:0a:f3:7b:03': -95}, {'48:8b:0a:f2:3a:c3': -95}, {'48:8b:0a:f4:ff:80': -95}, {'48:8b:0a:f3:7b:00': -95}, {'84:f1:47:a8:36:c0': -73}, {'48:8b:0a:f4:27:e0': -85}, {'84:5a:3e:94:a4:80': -95}, {'48:8b:0a:f4:fa:20': -94}, {'84:f1:47:a8:73:c0': -96}, {'84:f1:47:a8:77:20': -74}, {'f0:1d:2d:a5:1d:c0': -59}, {'48:8b:0a:f2:3a:c0': -95}, {'48:8b:0a:f3:7b:01': -95}, {'84:f1:47:a8:36:c1': -73}, {'48:8b:0a:f4:27:e1': -86}, {'84:5a:3e:94:a4:81': -95}, {'48:8b:0a:f4:fa:21': -94}, {'84:f1:47:a8:73:c1': -96}, {'84:f1:47:a8:77:21': -74}, {'f0:1d:2d:a5:1d:c1': -60}, {'48:8b:0a:f2:3a:c1': -95}, {'48:8b:0a:f4:ff:81': -96}]"
6,34,"[{'48:8b:0a:f4:ff:81': -95}, {'48:8b:0a:f3:7b:01': -94}, {'84:f1:47:a8:36:c1': -73}, {'84:5a:3e:94:a4:81': -94}, {'48:8b:0a:f4:fa:21': -95}, {'48:8b:0a:f4:27:e1': -84}, {'84:f1:47:a8:77:21': -84}, {'f0:1d:2d:a5:1d:c1': -59}, {'48:8b:0a:f4:ff:80': -95}, {'48:8b:0a:f3:7b:00': -94}, {'84:f1:47:a8:36:c0': -73}, {'84:5a:3e:94:a4:80': -94}, {'48:8b:0a:f4:fa:20': -95}, {'48:8b:0a:f4:27:e0': -84}, {'84:f1:47:a8:77:20': -84}, {'f0:1d:2d:a5:1d:c0': -59}, {'84:f1:47:a8:36:c3': -73}, {'48:8b:0a:f3:7b:03': -93}, {'84:5a:3e:94:a4:83': -94}, {'48:8b:0a:f4:fa:23': -94}, {'48:8b:0a:f4:27:e3': -84}, {'f0:1d:2d:a5:1d:c3': -59}, {'84:f1:47:a8:77:23': -85}, {'48:8b:0a:f3:7b:02': -94}, {'84:f1:47:a8:36:c2': -73}, {'84:5a:3e:94:a4:82': -94}, {'48:8b:0a:f4:fa:22': -94}, {'48:8b:0a:f4:27:e2': -84}, {'84:f1:47:a8:77:22': -84}, {'f0:1d:2d:a5:1d:c2': -59}]"
6,35,"[{'84:f1:47:a8:36:c3': -82}, {'48:8b:0a:f4:ff:83': -94}, {'48:8b:0a:f3:7b:03': -85}, {'48:8b:0a:f4:27:e3': -74}, {'84:5a:3e:94:a4:83': -95}, {'84:f1:47:a8:77:23': -84}, {'f0:1d:2d:a5:1d:c3': -59}, {'84:f1:47:a8:83:21': -96}, {'84:f1:47:a8:36:c1': -74}, {'48:8b:0a:f3:7b:01': -85}, {'84:5a:3e:94:a4:81': -95}, {'48:8b:0a:f4:27:e1': -74}, {'84:f1:47:a8:77:21': -84}, {'f0:1d:2d:a5:1d:c1': -59}, {'b0:95:75:bb:5d:e0': -96}, {'48:8b:0a:f3:7b:02': -85}, {'84:f1:47:a8:36:c2': -83}, {'48:8b:0a:f4:27:e2': -74}, {'84:5a:3e:94:a4:82': -95}, {'84:f1:47:a8:77:22': -84}, {'f0:1d:2d:a5:1d:c2': -59}, {'48:8b:0a:f4:ff:82': -95}, {'84:f1:47:a8:36:c0': -83}, {'48:8b:0a:f3:7b:00': -85}, {'48:8b:0a:f4:27:e0': -74}, {'84:5a:3e:94:a4:80': -95}, {'84:f1:47:a8:77:20': -84}, {'f0:1d:2d:a5:1d:c0': -59}, {'84:f1:47:a8:83:20': -97}]"
6,36,"[{'84:f1:47:a8:36:c3': -82}, {'48:8b:0a:f4:ff:83': -94}, {'48:8b:0a:f3:7b:03': -84}, {'48:8b:0a:f4:fa:23': -94}, {'84:5a:3e:94:a4:83': -95}, {'48:8b:0a:f4:27:e3': -73}, {'84:f1:47:a8:77:23': -84}, {'f0:1d:2d:a5:1d:c3': -59}, {'48:8b:0a:f4:ff:82': -94}, {'48:8b:0a:f3:7b:02': -84}, {'84:f1:47:a8:36:c2': -73}, {'48:8b:0a:f4:fa:22': -94}, {'84:5a:3e:94:a4:82': -95}, {'48:8b:0a:f4:27:e2': -73}, {'f0:1d:2d:a5:1d:c2': -59}, {'84:f1:47:a8:77:22': -84}, {'48:8b:0a:f4:ff:81': -94}, {'48:8b:0a:f3:7b:01': -83}, {'84:f1:47:a8:36:c1': -73}, {'48:8b:0a:f4:fa:21': -94}, {'84:5a:3e:94:a4:81': -95}, {'48:8b:0a:f4:27:e1': -73}, {'84:f1:47:a8:77:21': -84}, {'f0:1d:2d:a5:1d:c1': -59}, {'48:8b:0a:f2:3a:c1': -96}, {'48:8b:0a:f4:ff:80': -93}, {'48:8b:0a:f3:7b:00': -83}, {'84:f1:47:a8:36:c0': -73}, {'84:5a:3e:94:a4:80': -95}, {'48:8b:0a:f4:27:e0': -73}, {'48:8b:0a:f4:fa:20': -94}, {'f0:1d:2d:a5:1d:c0': -59}, {'84:f1:47:a8:77:20': -85}, {'48:8b:0a:f2:3a:c0': -97}, {'b0:95:75:bb:5d:e0': -87}]"
6,37,"[{'f0:1d:2d:a5:1d:c3': -58}, {'84:f1:47:a8:77:23': -86}, {'84:5a:3e:94:a4:83': -94}, {'48:8b:0a:f4:fa:23': -94}, {'48:8b:0a:f4:27:e3': -59}, {'48:8b:0a:f4:ff:83': -94}, {'84:f1:47:a8:36:c3': -85}, {'48:8b:0a:f3:7b:03': -84}, {'84:f1:47:a8:77:22': -87}, {'f0:1d:2d:a5:1d:c2': -59}, {'84:5a:3e:94:a4:82': -94}, {'48:8b:0a:f4:fa:22': -94}, {'48:8b:0a:f4:ff:82': -94}, {'84:f1:47:a8:36:c2': -85}, {'48:8b:0a:f3:7b:02': -84}, {'84:f1:47:a8:77:21': -86}, {'f0:1d:2d:a5:1d:c1': -59}, {'84:5a:3e:94:a4:81': -94}, {'48:8b:0a:f4:fa:21': -94}, {'48:8b:0a:f4:27:e1': -59}, {'48:8b:0a:f4:ff:81': -94}, {'48:8b:0a:f3:7b:01': -85}, {'84:f1:47:a8:36:c1': -85}, {'84:f1:47:a8:77:20': -86}, {'84:f1:47:a8:44:20': -96}, {'f0:1d:2d:a5:1d:c0': -59}, {'84:5a:3e:94:a4:80': -94}, {'48:8b:0a:f4:fa:20': -94}, {'48:8b:0a:f4:27:e0': -59}, {'48:8b:0a:f4:ff:80': -94}, {'48:8b:0a:f3:7b:00': -85}, {'84:f1:47:a8:36:c0': -85}, {'b0:95:75:bb:5d:e0': -95}]"
6,38,"[{'f0:1d:2d:a5:1d:c3': -59}, {'84:f1:47:a8:77:23': -85}, {'48:8b:0a:f5:24:23': -95}, {'48:8b:0a:f4:27:e3': -59}, {'48:8b:0a:f4:fa:23': -94}, {'48:8b:0a:f3:7b:03': -58}, {'84:f1:47:a8:36:c3': -73}, {'84:f1:47:a8:44:23': -96}, {'84:f1:47:a8:77:22': -85}, {'f0:1d:2d:a5:1d:c2': -59}, {'48:8b:0a:f5:24:22': -95}, {'84:f1:47:a8:44:22': -96}, {'48:8b:0a:f4:27:e2': -59}, {'48:8b:0a:f4:fa:22': -93}, {'48:8b:0a:f3:7b:02': -58}, {'84:f1:47:a8:36:c2': -73}, {'84:f1:47:a8:77:21': -85}, {'f0:1d:2d:a5:1d:c1': -59}, {'84:f1:47:a8:44:21': -96}, {'48:8b:0a:f5:24:21': -96}, {'48:8b:0a:f4:27:e1': -59}, {'48:8b:0a:f4:fa:21': -87}, {'84:f1:47:a8:83:21': -96}, {'48:8b:0a:f3:19:41': -97}, {'48:8b:0a:f3:7b:01': -58}, {'84:f1:47:a8:36:c1': -73}, {'84:f1:47:a8:77:20': -84}, {'f0:1d:2d:a5:1d:c0': -59}, {'84:f1:47:a8:44:20': -95}, {'48:8b:0a:f5:24:20': -96}, {'48:8b:0a:f4:27:e0': -59}, {'48:8b:0a:f4:fa:20': -94}, {'84:f1:47:a8:83:20': -96}, {'48:8b:0a:f3:19:40': -96}, {'48:8b:0a:f3:7b:00': -58}, {'84:f1:47:a8:36:c0': -73}]"
6,39,"[{'f0:1d:2d:a5:1d:c3': -58}, {'84:f1:47:a8:77:23': -86}, {'48:8b:0a:f4:fa:23': -93}, {'48:8b:0a:f4:27:e3': -58}, {'84:f1:47:a8:36:c3': -85}, {'48:8b:0a:f3:7b:03': -58}, {'48:8b:0a:f4:ff:83': -86}, {'84:f1:47:a8:44:23': -95}, {'84:f1:47:a8:77:22': -86}, {'f0:1d:2d:a5:1d:c2': -58}, {'48:8b:0a:f4:fa:22': -94}, {'48:8b:0a:f4:27:e2': -58}, {'84:f1:47:a8:36:c2': -85}, {'48:8b:0a:f3:7b:02': -58}, {'48:8b:0a:f4:ff:82': -86}, {'84:f1:47:a8:44:22': -96}, {'84:f1:47:a8:77:21': -86}, {'f0:1d:2d:a5:1d:c1': -58}, {'48:8b:0a:f4:fa:21': -87}, {'48:8b:0a:f4:27:e1': -58}, {'84:f1:47:a8:36:c1': -85}, {'48:8b:0a:f3:7b:01': -58}, {'84:f1:47:a8:83:21': -96}, {'48:8b:0a:f4:ff:81': -86}, {'84:f1:47:a8:44:21': -96}, {'84:f1:47:a8:77:20': -86}, {'f0:1d:2d:a5:1d:c0': -58}, {'48:8b:0a:f4:fa:20': -93}, {'48:8b:0a:f4:27:e0': -58}, {'84:f1:47:a8:36:c0': -85}, {'48:8b:0a:f3:7b:00': -58}, {'48:8b:0a:f4:ff:80': -86}, {'84:f1:47:a8:44:20': -96}, {'b0:95:75:bb:5d:e0': -95}, {'90:32:4b:74:6e:ea': -98}]"
6,40,"[{'f0:1d:2d:a5:1d:c3': -57}, {'48:8b:0a:f4:fa:23': -94}, {'84:f1:47:a8:73:c3': -96}, {'48:8b:0a:f4:ff:83': -94}, {'84:f1:47:a8:36:c3': -85}, {'48:8b:0a:f3:7b:03': -59}, {'48:8b:0a:f3:19:43': -95}, {'84:f1:47:a8:44:23': -95}, {'84:f1:47:a8:77:23': -93}, {'b0:95:75:bb:5d:e0': -96}, {'f0:1d:2d:a5:1d:c2': -57}, {'48:8b:0a:f4:fa:22': -94}, {'48:8b:0a:f4:27:e2': -59}, {'84:f1:47:a8:36:c2': -84}, {'48:8b:0a:f3:7b:02': -59}, {'84:f1:47:a8:44:22': -95}, {'84:f1:47:a8:77:22': -93}, {'f0:1d:2d:a5:1d:c1': -57}, {'48:8b:0a:f4:fa:21': -94}, {'48:8b:0a:f4:27:e1': -58}, {'48:8b:0a:f4:ff:81': -94}, {'84:f1:47:a8:36:c1': -85}, {'84:f1:47:a8:83:21': -97}, {'48:8b:0a:f3:7b:01': -59}, {'48:8b:0a:f3:19:41': -95}, {'84:f1:47:a8:44:21': -95}, {'84:f1:47:a8:77:21': -93}, {'f0:1d:2d:a5:1d:c0': -57}, {'48:8b:0a:f4:fa:20': -94}, {'48:8b:0a:f4:27:e0': -59}, {'84:5a:3e:94:a4:80': -96}, {'48:8b:0a:f4:ff:80': -94}, {'84:f1:47:a8:36:c0': -84}, {'48:8b:0a:f3:7b:00': -58}, {'48:8b:0a:f3:19:40': -95}, {'84:f1:47:a8:77:20': -94}, {'84:f1:47:a8:44:20': -95}, {'90:32:4b:74:6e:ea': -99}]"
6,41,"[{'f0:1d:2d:a5:1d:c3': -57}, {'48:8b:0a:f4:fa:23': -93}, {'48:8b:0a:f4:27:e3': -59}, {'84:f1:47:a8:36:c3': -86}, {'48:8b:0a:f3:7b:03': -58}, {'84:f1:47:a8:77:23': -94}, {'f0:1d:2d:a5:1d:c2': -57}, {'48:8b:0a:f4:27:e2': -59}, {'48:8b:0a:f4:fa:22': -93}, {'84:f1:47:a8:36:c2': -87}, {'48:8b:0a:f3:7b:02': -58}, {'84:f1:47:a8:77:22': -94}, {'f0:1d:2d:a5:1d:c1': -57}, {'48:8b:0a:f4:27:e1': -59}, {'48:8b:0a:f4:fa:21': -93}, {'84:f1:47:a8:36:c1': -87}, {'48:8b:0a:f3:7b:01': -58}, {'84:f1:47:a8:44:21': -96}, {'84:f1:47:a8:77:21': -94}, {'f0:1d:2d:a5:1d:c0': -57}, {'48:8b:0a:f4:fa:20': -93}, {'48:8b:0a:f4:27:e0': -59}, {'84:f1:47:a8:36:c0': -87}, {'48:8b:0a:f3:7b:00': -58}, {'84:f1:47:a8:44:20': -96}, {'84:f1:47:a8:77:20': -94}, {'48:8b:0a:f5:24:20': -97}]"
6,42,"[{'f0:1d:2d:a5:1d:c3': -57}, {'48:8b:0a:f4:fa:23': -86}, {'48:8b:0a:f4:27:e3': -59}, {'48:8b:0a:f3:7b:03': -60}, {'84:f1:47:a8:36:c3': -82}, {'48:8b:0a:f4:ff:83': -84}, {'84:f1:47:a8:77:23': -94}, {'f0:1d:2d:a5:1d:c2': -56}, {'48:8b:0a:f4:fa:22': -87}, {'48:8b:0a:f4:27:e2': -58}, {'48:8b:0a:f3:7b:02': -71}, {'84:f1:47:a8:36:c2': -82}, {'48:8b:0a:f4:ff:82': -84}, {'84:f1:47:a8:77:22': -94}, {'f0:1d:2d:a5:1d:c1': -56}, {'48:8b:0a:f4:fa:21': -87}, {'48:8b:0a:f4:27:e1': -59}, {'48:8b:0a:f3:7b:01': -71}, {'84:f1:47:a8:36:c1': -82}, {'48:8b:0a:f4:ff:81': -84}, {'84:f1:47:a8:77:21': -94}, {'f0:1d:2d:a5:1d:c0': -56}, {'48:8b:0a:f4:fa:20': -87}, {'48:8b:0a:f4:27:e0': -58}, {'48:8b:0a:f4:ff:80': -84}, {'48:8b:0a:f3:7b:00': -60}, {'84:f1:47:a8:36:c0': -83}, {'84:f1:47:a8:77:20': -94}]"
6,43,"[{'f0:1d:2d:a5:1d:c3': -57}, {'48:8b:0a:f4:fa:23': -86}, {'48:8b:0a:f4:27:e3': -59}, {'48:8b:0a:f4:ff:83': -94}, {'48:8b:0a:f3:7b:03': -59}, {'84:f1:47:a8:77:23': -85}, {'f0:1d:2d:a5:1d:c2': -57}, {'48:8b:0a:f4:fa:22': -86}, {'48:8b:0a:f4:27:e2': -59}, {'48:8b:0a:f4:ff:82': -93}, {'48:8b:0a:f3:7b:02': -59}, {'84:f1:47:a8:77:22': -95}, {'f0:1d:2d:a5:1d:c1': -57}, {'48:8b:0a:f4:fa:21': -86}, {'48:8b:0a:f4:27:e1': -59}, {'48:8b:0a:f4:ff:81': -94}, {'84:f1:47:a8:36:c1': -83}, {'48:8b:0a:f3:7b:01': -59}, {'84:f1:47:a8:77:21': -85}, {'f0:1d:2d:a5:1d:c0': -57}, {'48:8b:0a:f4:fa:20': -86}, {'48:8b:0a:f4:27:e0': -59}, {'48:8b:0a:f4:ff:80': -94}, {'48:8b:0a:f3:7b:00': -59}, {'84:f1:47:a8:36:c0': -83}, {'84:f1:47:a8:77:20': -86}, {'90:32:4b:74:6e:ea': -97}]"
6,44,"[{'f0:1d:2d:a5:1d:c3': -56}, {'48:8b:0a:f4:fa:23': -86}, {'84:f1:47:a8:73:c3': -95}, {'84:5a:3e:94:a4:83': -94}, {'48:8b:0a:f4:27:e3': -60}, {'48:8b:0a:f4:ff:83': -94}, {'84:f1:47:a8:36:c3': -82}, {'48:8b:0a:f3:7b:03': -59}, {'84:f1:47:a8:77:23': -87}, {'b0:95:75:bb:5d:e0': -94}, {'f0:1d:2d:a5:1d:c2': -56}, {'48:8b:0a:f4:fa:22': -86}, {'84:f1:47:a8:73:c2': -96}, {'84:5a:3e:94:a4:82': -94}, {'48:8b:0a:f4:27:e2': -60}, {'48:8b:0a:f4:ff:82': -93}, {'84:f1:47:a8:36:c2': -82}, {'48:8b:0a:f3:7b:02': -58}, {'84:f1:47:a8:44:22': -96}, {'84:f1:47:a8:77:22': -87}, {'f0:1d:2d:a5:1d:c1': -56}, {'48:8b:0a:f4:fa:21': -86}, {'84:f1:47:a8:73:c1': -96}, {'84:5a:3e:94:a4:81': -94}, {'48:8b:0a:f4:27:e1': -60}, {'48:8b:0a:f4:ff:81': -94}, {'84:f1:47:a8:36:c1': -82}, {'84:f1:47:a8:83:21': -95}, {'48:8b:0a:f3:7b:01': -59}, {'84:f1:47:a8:44:21': -96}, {'84:f1:47:a8:77:21': -87}, {'f0:1d:2d:a5:1d:c0': -56}, {'84:f1:47:a8:73:c0': -95}, {'48:8b:0a:f4:fa:20': -86}, {'48:8b:0a:f4:27:e0': -60}, {'84:5a:3e:94:a4:80': -94}, {'48:8b:0a:f4:ff:80': -94}, {'84:f1:47:a8:36:c0': -82}, {'84:f1:47:a8:83:20': -95}, {'48:8b:0a:f3:7b:00': -59}, {'84:f1:47:a8:44:20': -96}, {'84:f1:47:a8:77:20': -87}, {'02:41:0e:f5:32:f4': -95}]"
6,45,"[{'f0:1d:2d:a5:1d:c3': -56}, {'48:8b:0a:f4:fa:23': -84}, {'48:8b:0a:f4:27:e3': -71}, {'84:5a:3e:94:a4:83': -94}, {'48:8b:0a:f4:ff:83': -87}, {'84:f1:47:a8:36:c3': -85}, {'48:8b:0a:f3:7b:03': -58}, {'84:f1:47:a8:77:23': -94}, {'b0:95:75:bb:5d:e0': -95}, {'f0:1d:2d:a5:1d:c2': -56}, {'48:8b:0a:f4:fa:22': -84}, {'84:f1:47:a8:73:c2': -96}, {'84:5a:3e:94:a4:82': -94}, {'48:8b:0a:f4:27:e2': -71}, {'48:8b:0a:f3:7b:02': -58}, {'84:f1:47:a8:77:22': -94}, {'f0:1d:2d:a5:1d:c1': -56}, {'48:8b:0a:f4:fa:21': -84}, {'84:5a:3e:94:a4:81': -94}, {'48:8b:0a:f4:27:e1': -71}, {'48:8b:0a:f4:ff:81': -87}, {'84:f1:47:a8:36:c1': -85}, {'84:f1:47:a8:83:21': -96}, {'48:8b:0a:f3:7b:01': -58}, {'84:f1:47:a8:77:21': -94}, {'f0:1d:2d:a5:1d:c0': -56}, {'48:8b:0a:f4:fa:20': -84}, {'84:f1:47:a8:73:c0': -96}, {'84:5a:3e:94:a4:80': -94}, {'48:8b:0a:f4:27:e0': -71}, {'48:8b:0a:f4:ff:80': -87}, {'48:8b:0a:f3:7b:00': -58}, {'84:f1:47:a8:36:c0': -85}, {'84:f1:47:a8:83:20': -96}, {'84:f1:47:a8:77:20': -94}, {'90:32:4b:74:6e:ea': -98}]"
6,46,"[{'f0:1d:2d:a5:1d:c3': -56}, {'48:8b:0a:f4:fa:23': -87}, {'84:f1:47:a8:73:c3': -96}, {'48:8b:0a:f4:27:e3': -71}, {'84:5a:3e:94:a4:83': -96}, {'84:f1:47:a8:36:c3': -85}, {'84:f1:47:a8:83:23': -95}, {'48:8b:0a:f3:7b:03': -59}, {'84:f1:47:a8:77:23': -87}, {'f0:1d:2d:a5:1d:c2': -56}, {'84:f1:47:a8:73:c2': -96}, {'48:8b:0a:f4:fa:22': -87}, {'48:8b:0a:f4:27:e2': -71}, {'84:5a:3e:94:a4:82': -95}, {'84:f1:47:a8:36:c2': -85}, {'84:f1:47:a8:83:22': -95}, {'48:8b:0a:f3:7b:02': -59}, {'84:f1:47:a8:77:22': -87}, {'f0:1d:2d:a5:1d:c1': -56}, {'48:8b:0a:f4:fa:21': -87}, {'48:8b:0a:f4:27:e1': -71}, {'84:5a:3e:94:a4:81': -95}, {'84:f1:47:a8:36:c1': -84}, {'48:8b:0a:f3:7b:01': -59}, {'84:f1:47:a8:77:21': -87}, {'f0:1d:2d:a5:1d:c0': -56}, {'48:8b:0a:f4:fa:20': -87}, {'48:8b:0a:f4:27:e0': -60}, {'84:5a:3e:94:a4:80': -95}, {'48:8b:0a:f4:ff:80': -94}, {'48:8b:0a:f3:7b:00': -59}, {'84:f1:47:a8:77:20': -87}, {'b0:95:75:bb:5d:e0': -96}, {'02:41:0e:f5:32:f4': -96}]"
6,47,"[{'f0:1d:2d:a5:1d:c3': -59}, {'48:8b:0a:f4:27:e3': -74}, {'48:8b:0a:f4:fa:23': -85}, {'84:f1:47:a8:36:c3': -84}, {'48:8b:0a:f4:ff:83': -95}, {'48:8b:0a:f3:7b:03': -59}, {'84:f1:47:a8:83:23': -94}, {'84:f1:47:a8:77:23': -95}, {'f0:1d:2d:a5:1d:c2': -58}, {'48:8b:0a:f4:27:e2': -73}, {'48:8b:0a:f3:7b:02': -59}, {'84:f1:47:a8:36:c2': -84}, {'84:f1:47:a8:83:22': -94}, {'84:f1:47:a8:77:22': -95}, {'f0:1d:2d:a5:1d:c1': -59}, {'48:8b:0a:f4:27:e1': -73}, {'48:8b:0a:f3:7b:01': -59}, {'84:f1:47:a8:36:c1': -84}, {'48:8b:0a:f4:ff:81': -95}, {'84:f1:47:a8:83:21': -94}, {'84:f1:47:a8:77:21': -96}, {'f0:1d:2d:a5:1d:c0': -59}, {'48:8b:0a:f4:27:e0': -73}, {'48:8b:0a:f4:ff:80': -95}, {'48:8b:0a:f3:7b:00': -59}, {'84:f1:47:a8:36:c0': -84}, {'84:f1:47:a8:83:20': -94}, {'84:f1:47:a8:77:20': -96}, {'90:32:4b:74:6e:ea': -99}]"
6,48,"[{'f0:1d:2d:a5:1d:c3': -59}, {'48:8b:0a:f4:fa:23': -84}, {'48:8b:0a:f4:27:e3': -83}, {'84:5a:3e:94:a4:83': -96}, {'84:f1:47:a8:36:c3': -82}, {'48:8b:0a:f3:7b:03': -59}, {'84:f1:47:a8:77:23': -94}, {'f0:1d:2d:a5:1d:c2': -59}, {'48:8b:0a:f4:fa:22': -84}, {'48:8b:0a:f4:27:e2': -83}, {'84:5a:3e:94:a4:82': -96}, {'84:f1:47:a8:36:c2': -82}, {'84:f1:47:a8:83:22': -95}, {'48:8b:0a:f3:7b:02': -59}, {'84:f1:47:a8:77:22': -94}, {'f0:1d:2d:a5:1d:c1': -59}, {'48:8b:0a:f4:27:e1': -83}, {'48:8b:0a:f4:fa:21': -85}, {'84:5a:3e:94:a4:81': -96}, {'84:f1:47:a8:36:c1': -82}, {'48:8b:0a:f3:7b:01': -59}, {'84:f1:47:a8:77:21': -94}, {'f0:1d:2d:a5:1d:c0': -59}, {'48:8b:0a:f4:fa:20': -84}, {'48:8b:0a:f4:27:e0': -83}, {'84:5a:3e:94:a4:80': -96}, {'84:f1:47:a8:36:c0': -74}, {'84:f1:47:a8:83:20': -95}, {'48:8b:0a:f3:19:40': -96}, {'48:8b:0a:f3:7b:00': -59}, {'84:f1:47:a8:44:20': -96}, {'84:f1:47:a8:77:20': -94}, {'b0:95:75:bb:5d:e0': -95}, {'02:41:0e:f5:32:f4': -96}]"
6,49,"[{'f0:1d:2d:a5:1d:c3': -59}, {'48:8b:0a:f4:27:e3': -84}, {'48:8b:0a:f4:fa:23': -74}, {'84:5a:3e:94:a4:83': -95}, {'84:f1:47:a8:36:c3': -85}, {'84:f1:47:a8:77:23': -95}, {'b0:95:75:bb:5d:e0': -96}, {'f0:1d:2d:a5:1d:c2': -59}, {'48:8b:0a:f4:27:e2': -84}, {'48:8b:0a:f4:fa:22': -82}, {'84:5a:3e:94:a4:82': -95}, {'84:f1:47:a8:36:c2': -85}, {'84:f1:47:a8:77:22': -95}, {'f0:1d:2d:a5:1d:c1': -59}, {'48:8b:0a:f4:27:e1': -84}, {'48:8b:0a:f4:fa:21': -82}, {'84:5a:3e:94:a4:81': -95}, {'84:f1:47:a8:36:c1': -85}, {'48:8b:0a:f3:7b:01': -72}, {'84:f1:47:a8:77:21': -95}, {'f0:1d:2d:a5:1d:c0': -59}, {'48:8b:0a:f4:fa:20': -82}, {'48:8b:0a:f4:27:e0': -84}, {'84:5a:3e:94:a4:80': -95}, {'84:f1:47:a8:36:c0': -85}, {'48:8b:0a:f3:7b:00': -72}, {'84:f1:47:a8:83:20': -94}, {'84:f1:47:a8:77:20': -95}, {'90:32:4b:74:6e:ea': -99}]"
6,50,"[{'f0:1d:2d:a5:1d:c3': -60}, {'84:5a:3e:94:a4:83': -94}, {'48:8b:0a:f4:27:e3': -82}, {'48:8b:0a:f4:fa:23': -83}, {'48:8b:0a:f4:ff:83': -95}, {'48:8b:0a:f3:7b:03': -74}, {'84:f1:47:a8:36:c3': -83}, {'84:f1:47:a8:83:23': -85}, {'84:f1:47:a8:77:23': -95}, {'f0:1d:2d:a5:1d:c2': -60}, {'48:8b:0a:f4:27:e2': -82}, {'84:5a:3e:94:a4:82': -95}, {'48:8b:0a:f4:ff:82': -94}, {'48:8b:0a:f3:7b:02': -74}, {'84:f1:47:a8:36:c2': -83}, {'84:f1:47:a8:83:22': -86}, {'84:f1:47:a8:77:22': -95}, {'f0:1d:2d:a5:1d:c1': -60}, {'84:5a:3e:94:a4:81': -94}, {'48:8b:0a:f4:27:e1': -74}, {'48:8b:0a:f4:fa:21': -83}, {'48:8b:0a:f3:19:41': -96}, {'48:8b:0a:f4:ff:81': -95}, {'48:8b:0a:f3:7b:01': -74}, {'84:f1:47:a8:36:c1': -83}, {'84:f1:47:a8:83:21': -85}, {'84:f1:47:a8:77:21': -94}, {'f0:1d:2d:a5:1d:c0': -60}, {'48:8b:0a:f4:27:e0': -82}, {'84:5a:3e:94:a4:80': -94}, {'48:8b:0a:f4:fa:20': -83}, {'48:8b:0a:f3:19:40': -96}, {'48:8b:0a:f4:ff:80': -95}, {'84:f1:47:a8:36:c0': -83}, {'84:f1:47:a8:83:20': -85}, {'84:f1:47:a8:77:20': -94}, {'b0:95:75:bb:5d:e0': -95}, {'90:32:4b:74:6e:ea': -98}]"
7,0,"[{'84:f1:47:a8:77:22': -95}, {'f0:1d:2d:a5:1d:c2': -82}, {'48:8b:0a:bb:22:82': -96}, {'84:f1:47:a8:9d:22': -87}, {'84:f1:47:a8:36:c2': -59}, {'48:8b:0a:ba:e1:e2': -95}, {'f0:1d:2d:a5:1d:c3': -74}, {'84:f1:47:a8:77:23': -95}, {'48:8b:0a:bb:22:83': -96}, {'48:8b:0a:f4:fa:23': -96}, {'48:8b:0a:ba:e1:e3': -95}, {'84:f1:47:a8:9d:23': -87}, {'84:f1:47:a8:36:c3': -59}, {'84:f1:47:a8:77:21': -95}, {'f0:1d:2d:a5:1d:c1': -82}, {'48:8b:0a:bb:22:81': -96}, {'48:8b:0a:f4:fa:21': -96}, {'84:f1:47:a8:9d:21': -87}, {'84:f1:47:a8:36:c1': -59}, {'48:8b:0a:ba:e1:e1': -95}, {'84:f1:47:a8:77:20': -95}, {'f0:1d:2d:a5:1d:c0': -82}, {'48:8b:0a:bb:22:80': -96}, {'48:8b:0a:f4:fa:20': -96}, {'48:8b:0a:ba:e1:e0': -95}, {'84:f1:47:a8:36:c0': -59}, {'84:f1:47:a8:9d:20': -87}, {'32:13:8b:3e:57:39': -94}, {'72:cf:49:d7:21:fc': -95}]"
7,1,"[{'f0:1d:2d:a5:1d:c3': -73}, {'48:8b:0a:bb:22:83': -96}, {'48:8b:0a:f4:fa:23': -96}, {'48:8b:0a:ba:e1:e3': -95}, {'84:f1:47:a8:9d:23': -87}, {'84:f1:47:a8:36:c3': -59}, {'84:f1:47:a8:77:23': -95}, {'84:f1:47:a8:77:22': -95}, {'48:8b:0a:bb:22:82': -96}, {'84:f1:47:a8:9d:22': -87}, {'84:f1:47:a8:36:c2': -59}, {'48:8b:0a:ba:e1:e2': -95}, {'f0:1d:2d:a5:1d:c2': -82}, {'48:8b:0a:bb:22:81': -96}, {'48:8b:0a:f4:fa:21': -96}, {'84:f1:47:a8:9d:21': -87}, {'84:f1:47:a8:36:c1': -59}, {'48:8b:0a:ba:e1:e1': -95}, {'84:f1:47:a8:77:21': -95}, {'f0:1d:2d:a5:1d:c1': -82}, {'48:8b:0a:bb:22:80': -96}, {'48:8b:0a:f4:fa:20': -96}, {'48:8b:0a:ba:e1:e0': -95}, {'84:f1:47:a8:36:c0': -59}, {'84:f1:47:a8:9d:20': -87}, {'84:f1:47:a8:77:20': -95}, {'f0:1d:2d:a5:1d:c0': -82}, {'72:cf:49:d7:21:fc': -95}, {'32:13:8b:3e:57:39': -94}]"
7,2,"[{'f0:1d:2d:a5:1d:c3': -83}, {'48:8b:0a:f4:fa:23': -95}, {'48:8b:0a:f2:64:a3': -94}, {'84:f1:47:a8:9d:23': -85}, {'84:f1:47:a8:36:c3': -59}, {'84:f1:47:a8:77:23': -97}, {'84:f1:47:a8:77:20': -96}, {'f0:1d:2d:a5:1d:c0': -73}, {'48:8b:0a:f4:fa:20': -95}, {'48:8b:0a:f2:64:a0': -94}, {'84:f1:47:a8:9d:20': -86}, {'48:8b:0a:ba:e1:e0': -95}, {'84:f1:47:a8:36:c0': -59}, {'72:cf:49:d7:21:fc': -96}, {'f0:1d:2d:a5:1d:c2': -72}, {'48:8b:0a:f4:fa:22': -95}, {'48:8b:0a:f2:64:a2': -94}, {'84:f1:47:a8:36:c2': -59}, {'f0:1d:2d:a5:1d:c1': -73}, {'48:8b:0a:f4:fa:21': -95}, {'48:8b:0a:f2:64:a1': -94}, {'84:f1:47:a8:9d:21': -85}, {'48:8b:0a:ba:e1:e1': -95}, {'84:f1:47:a8:36:c1': -59}, {'84:f1:47:a8:77:21': -96}, {'32:13:8b:3e:57:39': -95}, {'c4:9a:31:73:40:7e': -95}]"
7,3,"[{'f0:1d:2d:a5:1d:c3': -72}, {'48:8b:0a:f4:fa:23': -95}, {'84:f1:47:a8:73:c3': -96}, {'48:8b:0a:f2:64:a3': -95}, {'84:f1:47:a8:36:c3': -59}, {'84:f1:47:a8:77:23': -96}, {'84:f1:47:a8:77:22': -96}, {'f0:1d:2d:a5:1d:c2': -73}, {'48:8b:0a:f4:fa:22': -95}, {'48:8b:0a:f2:64:a2': -95}, {'84:f1:47:a8:36:c2': -59}, {'84:f1:47:a8:9d:22': -85}, {'84:f1:47:a8:77:20': -96}, {'f0:1d:2d:a5:1d:c0': -73}, {'48:8b:0a:f4:fa:20': -95}, {'84:f1:47:a8:73:c0': -96}, {'48:8b:0a:f2:64:a0': -95}, {'84:f1:47:a8:36:c0': -59}, {'48:8b:0a:ba:e1:e0': -95}, {'84:f1:47:a8:9d:20': -85}, {'c4:9a:31:73:40:7e': -96}, {'32:13:8b:3e:57:39': -95}, {'f0:1d:2d:a5:1d:c1': -73}, {'48:8b:0a:f4:fa:21': -95}, {'84:f1:47:a8:73:c1': -97}, {'48:8b:0a:f2:64:a1': -95}, {'84:f1:47:a8:36:c1': -59}, {'48:8b:0a:ba:e1:e1': -95}, {'72:cf:49:d7:21:fc': -98}]"
7,4,"[{'f0:1d:2d:a5:1d:c3': -73}, {'84:f1:47:a8:77:23': -95}, {'84:f1:47:a8:73:c3': -96}, {'48:8b:0a:f2:64:a3': -94}, {'84:f1:47:a8:9d:23': -94}, {'84:f1:47:a8:36:c3': -58}, {'c4:9a:31:73:40:7e': -98}, {'f0:1d:2d:a5:1d:c2': -74}, {'84:f1:47:a8:77:22': -96}, {'48:8b:0a:f4:fa:22': -96}, {'48:8b:0a:f2:64:a2': -94}, {'84:f1:47:a8:9d:22': -94}, {'84:f1:47:a8:36:c2': -58}, {'f0:1d:2d:a5:1d:c1': -82}, {'84:f1:47:a8:77:21': -96}, {'48:8b:0a:f4:fa:21': -96}, {'84:f1:47:a8:73:c1': -96}, {'48:8b:0a:f2:64:a1': -94}, {'84:f1:47:a8:9d:21': -94}, {'48:8b:0a:ba:e1:e1': -95}, {'84:f1:47:a8:36:c1': -58}, {'32:13:8b:3e:57:39': -94}, {'f0:1d:2d:a5:1d:c0': -74}, {'84:f1:47:a8:77:20': -95}, {'48:8b:0a:f4:fa:20': -96}, {'48:8b:0a:f2:64:a0': -94}, {'84:f1:47:a8:9d:20': -94}, {'f0:1d:2d:3d:47:40': -97}, {'48:8b:0a:ba:e1:e0': -96}, {'84:f1:47:a8:36:c0': -58}, {'72:cf:49:d7:21:fc': -97}]"
7,5,"[{'b6:b5:b6:0c:7b:c8': -97}, {'f0:1d:2d:a5:1d:c3': -73}, {'84:f1:47:a8:77:23': -95}, {'48:8b:0a:f2:64:a3': -94}, {'84:f1:47:a8:36:c3': -58}, {'f0:1d:2d:a5:1d:c2': -73}, {'84:f1:47:a8:77:22': -95}, {'48:8b:0a:f2:64:a2': -94}, {'84:f1:47:a8:36:c2': -58}, {'f0:1d:2d:a5:1d:c1': -73}, {'84:f1:47:a8:77:21': -95}, {'48:8b:0a:f2:64:a1': -94}, {'84:f1:47:a8:73:c1': -97}, {'84:f1:47:a8:9d:21': -96}, {'84:f1:47:a8:36:c1': -58}, {'32:13:8b:3e:57:39': -94}, {'f0:1d:2d:a5:1d:c0': -73}, {'84:f1:47:a8:77:20': -95}, {'48:8b:0a:f2:64:a0': -94}, {'84:f1:47:a8:73:c0': -97}, {'48:8b:0a:ba:e1:e0': -97}, {'84:f1:47:a8:9d:20': -96}, {'84:f1:47:a8:36:c0': -58}]"
7,6,"[{'f0:1d:2d:a5:1d:c3': -72}, {'84:f1:47:a8:77:23': -94}, {'48:8b:0a:f4:fa:23': -96}, {'48:8b:0a:f2:64:a3': -93}, {'48:8b:0a:f3:19:43': -96}, {'84:f1:47:a8:36:c3': -58}, {'86:9e:56:b9:17:6e': -95}, {'84:f1:47:a8:77:22': -95}, {'f0:1d:2d:a5:1d:c2': -72}, {'48:8b:0a:f4:fa:22': -95}, {'84:f1:47:a8:73:c2': -97}, {'48:8b:0a:f2:64:a2': -93}, {'84:f1:47:a8:36:c2': -58}, {'84:f1:47:a8:77:21': -94}, {'f0:1d:2d:a5:1d:c1': -72}, {'48:8b:0a:f4:fa:21': -95}, {'48:8b:0a:f2:64:a1': -93}, {'84:f1:47:a8:36:c1': -58}, {'84:f1:47:a8:77:20': -94}, {'f0:1d:2d:a5:1d:c0': -73}, {'48:8b:0a:f4:fa:20': -95}, {'48:8b:0a:f2:64:a0': -87}, {'48:8b:0a:ba:e1:e0': -96}, {'84:f1:47:a8:36:c0': -58}, {'72:cf:49:d7:21:fc': -97}, {'ae:f4:66:11:f6:27': -97}, {'32:13:8b:3e:57:39': -95}]"
7,7,"[{'f0:1d:2d:a5:1d:c3': -73}, {'84:f1:47:a8:77:23': -95}, {'48:8b:0a:f4:fa:23': -96}, {'84:f1:47:a8:36:c3': -58}, {'84:f1:47:a8:77:22': -95}, {'f0:1d:2d:a5:1d:c2': -72}, {'48:8b:0a:f4:fa:22': -96}, {'48:8b:0a:f2:64:a2': -87}, {'84:f1:47:a8:36:c2': -58}, {'48:8b:0a:f3:19:42': -94}, {'84:f1:47:a8:77:21': -95}, {'f0:1d:2d:a5:1d:c1': -72}, {'48:8b:0a:f4:fa:21': -96}, {'48:8b:0a:f2:3a:c1': -96}, {'48:8b:0a:ba:e1:e1': -96}, {'84:f1:47:a8:36:c1': -58}, {'48:8b:0a:f3:19:41': -95}, {'84:f1:47:a8:77:20': -95}, {'f0:1d:2d:a5:1d:c0': -72}, {'48:8b:0a:f2:64:a0': -86}, {'48:8b:0a:f2:3a:c0': -96}, {'48:8b:0a:ba:e1:e0': -96}, {'84:f1:47:a8:36:c0': -58}, {'48:8b:0a:f3:19:40': -95}, {'ae:f4:66:11:f6:27': -96}, {'32:13:8b:3e:57:39': -95}, {'72:cf:49:d7:21:fc': -99}]"
7,8,"[{'f0:1d:2d:a5:1d:c3': -82}, {'84:f1:47:a8:77:23': -95}, {'84:f1:47:a8:73:c3': -95}, {'84:f1:47:a8:36:c3': -57}, {'84:f1:47:a8:77:22': -95}, {'f0:1d:2d:a5:1d:c2': -74}, {'84:f1:47:a8:73:c2': -95}, {'48:8b:0a:f2:64:a2': -85}, {'84:f1:47:a8:36:c2': -57}, {'84:f1:47:a8:77:21': -95}, {'f0:1d:2d:a5:1d:c1': -74}, {'84:f1:47:a8:73:c1': -95}, {'48:8b:0a:f2:64:a1': -84}, {'84:f1:47:a8:36:c1': -57}, {'48:8b:0a:ba:e1:e1': -96}, {'48:8b:0a:f3:19:41': -96}, {'32:13:8b:3e:57:39': -95}, {'f0:1d:2d:a5:1d:c0': -74}, {'84:f1:47:a8:77:20': -95}, {'84:f1:47:a8:73:c0': -95}, {'48:8b:0a:f2:64:a0': -85}, {'84:f1:47:a8:36:c0': -57}, {'48:8b:0a:ba:e1:e0': -95}, {'48:8b:0a:f3:19:40': -95}, {'ae:f4:66:11:f6:27': -96}, {'86:9e:56:b9:17:6e': -96}]"
7,9,"[{'32:13:8b:3e:57:39': -95}, {'ae:f4:66:11:f6:27': -96}, {'f0:1d:2d:a5:1d:c3': -73}, {'84:f1:47:a8:77:23': -94}, {'48:8b:0a:f2:64:a3': -84}, {'84:f1:47:a8:73:c3': -96}, {'48:8b:0a:f3:19:43': -94}, {'84:f1:47:a8:9d:23': -86}, {'84:f1:47:a8:36:c3': -57}, {'f0:1d:2d:a5:1d:c2': -74}, {'84:f1:47:a8:77:22': -94}, {'48:8b:0a:f2:64:a2': -84}, {'48:8b:0a:f3:19:42': -94}, {'84:f1:47:a8:9d:22': -86}, {'84:f1:47:a8:36:c2': -57}, {'f0:1d:2d:a5:1d:c1': -74}, {'84:f1:47:a8:77:21': -94}, {'48:8b:0a:f2:64:a1': -84}, {'48:8b:0a:f3:19:41': -94}, {'84:f1:47:a8:9d:21': -86}, {'84:f1:47:a8:36:c1': -57}, {'f0:1d:2d:a5:1d:c0': -73}, {'84:f1:47:a8:77:20': -94}, {'48:8b:0a:f2:64:a0': -84}, {'48:8b:0a:f3:19:40': -94}, {'84:f1:47:a8:9d:20': -86}, {'72:cf:49:d7:21:fc': -99}, {'86:9e:56:b9:17:6e': -96}]"
7,10,"[{'f0:1d:2d:a5:1d:c3': -82}, {'84:f1:47:a8:77:23': -94}, {'84:f1:47:a8:73:c3': -94}, {'48:8b:0a:f2:64:a3': -73}, {'48:8b:0a:f2:3a:c3': -95}, {'48:8b:0a:f3:19:43': -94}, {'84:f1:47:a8:9d:23': -94}, {'84:f1:47:a8:36:c3': -56}, {'86:9e:56:b9:17:6e': -84}, {'84:f1:47:a8:77:22': -95}, {'f0:1d:2d:a5:1d:c2': -74}, {'84:f1:47:a8:73:c2': -94}, {'48:8b:0a:f2:64:a2': -73}, {'48:8b:0a:f3:19:42': -94}, {'84:f1:47:a8:9d:22': -94}, {'84:f1:47:a8:36:c2': -56}, {'84:f1:47:a8:77:21': -94}, {'f0:1d:2d:a5:1d:c1': -74}, {'84:f1:47:a8:73:c1': -94}, {'48:8b:0a:f2:64:a1': -73}, {'48:8b:0a:ba:e1:e1': -95}, {'48:8b:0a:f3:19:41': -94}, {'84:f1:47:a8:9d:21': -94}, {'84:f1:47:a8:77:20': -94}, {'f0:1d:2d:a5:1d:c0': -74}, {'84:f1:47:a8:73:c0': -94}, {'48:8b:0a:f2:64:a0': -73}, {'48:8b:0a:f2:3a:c0': -95}, {'48:8b:0a:ba:e1:e0': -95}, {'48:8b:0a:f3:19:40': -94}, {'84:f1:47:a8:9d:20': -94}, {'ae:f4:66:11:f6:27': -96}, {'32:13:8b:3e:57:39': -94}, {'72:cf:49:d7:21:fc': -99}]"
7,11,"[{'f0:1d:2d:a5:1d:c3': -73}, {'84:f1:47:a8:77:23': -94}, {'84:f1:47:a8:73:c3': -95}, {'48:8b:0a:f2:64:a3': -73}, {'84:f1:47:a8:36:c3': -55}, {'48:8b:0a:f2:3a:c3': -94}, {'48:8b:0a:f3:19:43': -87}, {'32:13:8b:3e:57:39': -86}, {'f0:1d:2d:a5:1d:c1': -83}, {'84:f1:47:a8:77:21': -94}, {'84:f1:47:a8:73:c1': -95}, {'48:8b:0a:f2:64:a1': -73}, {'84:f1:47:a8:36:c1': -56}, {'48:8b:0a:f2:3a:c1': -94}, {'48:8b:0a:ba:e1:e1': -95}, {'84:f1:47:a8:9d:21': -95}, {'48:8b:0a:f3:19:41': -87}, {'86:9e:56:b9:17:6e': -95}, {'84:f1:47:a8:77:22': -94}, {'f0:1d:2d:a5:1d:c2': -83}, {'84:f1:47:a8:73:c2': -94}, {'48:8b:0a:f2:64:a2': -73}, {'84:f1:47:a8:36:c2': -56}, {'48:8b:0a:f2:3a:c2': -94}, {'48:8b:0a:f3:19:42': -87}, {'84:f1:47:a8:77:20': -94}, {'84:f1:47:a8:73:c0': -95}, {'48:8b:0a:f2:64:a0': -73}, {'84:f1:47:a8:36:c0': -56}, {'48:8b:0a:ba:e1:e0': -95}, {'84:f1:47:a8:9d:20': -95}, {'48:8b:0a:f3:19:40': -86}, {'f0:1d:2d:a5:1d:c0': -83}, {'ae:f4:66:11:f6:27': -94}]"
7,12,"[{'f0:1d:2d:a5:1d:c3': -73}, {'84:f1:47:a8:77:23': -85}, {'48:8b:0a:f4:fa:23': -96}, {'84:f1:47:a8:73:c3': -95}, {'48:8b:0a:f2:64:a3': -74}, {'84:f1:47:a8:36:c3': -56}, {'48:8b:0a:ba:e1:e3': -94}, {'48:8b:0a:f3:19:43': -84}, {'86:9e:56:b9:17:6e': -95}, {'f0:1d:2d:a5:1d:c2': -82}, {'84:f1:47:a8:77:22': -85}, {'84:f1:47:a8:73:c2': -95}, {'48:8b:0a:f2:64:a2': -74}, {'84:f1:47:a8:36:c2': -56}, {'48:8b:0a:ba:e1:e2': -94}, {'48:8b:0a:f3:19:42': -85}, {'32:13:8b:3e:57:39': -86}, {'f0:1d:2d:a5:1d:c1': -82}, {'84:f1:47:a8:77:21': -85}, {'48:8b:0a:f4:fa:21': -96}, {'84:f1:47:a8:73:c1': -95}, {'48:8b:0a:f2:64:a1': -74}, {'84:f1:47:a8:9d:21': -95}, {'84:f1:47:a8:36:c1': -56}, {'48:8b:0a:ba:e1:e1': -94}, {'48:8b:0a:f3:19:41': -84}, {'f0:1d:2d:a5:1d:c0': -82}, {'84:f1:47:a8:77:20': -85}, {'48:8b:0a:f4:fa:20': -96}, {'84:f1:47:a8:73:c0': -95}, {'48:8b:0a:f2:64:a0': -74}, {'84:f1:47:a8:9d:20': -95}, {'84:f1:47:a8:36:c0': -56}, {'48:8b:0a:ba:e1:e0': -94}, {'48:8b:0a:f3:19:40': -84}, {'ae:f4:66:11:f6:27': -96}]"
7,13,"[{'f0:1d:2d:a5:1d:c3': -74}, {'48:8b:0a:f4:fa:23': -96}, {'84:f1:47:a8:73:c3': -95}, {'48:8b:0a:f2:64:a3': -74}, {'48:8b:0a:ba:e1:e3': -94}, {'84:f1:47:a8:36:c3': -56}, {'48:8b:0a:f3:19:43': -84}, {'84:f1:47:a8:77:23': -85}, {'48:8b:0a:f4:fa:21': -96}, {'84:f1:47:a8:73:c1': -95}, {'48:8b:0a:f2:64:a1': -74}, {'84:f1:47:a8:9d:21': -95}, {'48:8b:0a:ba:e1:e1': -94}, {'84:f1:47:a8:36:c1': -56}, {'48:8b:0a:f3:19:41': -84}, {'f0:1d:2d:a5:1d:c1': -82}, {'84:f1:47:a8:77:21': -85}, {'48:8b:0a:f4:fa:20': -96}, {'84:f1:47:a8:73:c0': -95}, {'48:8b:0a:f2:64:a0': -74}, {'84:f1:47:a8:9d:20': -95}, {'48:8b:0a:ba:e1:e0': -94}, {'84:f1:47:a8:36:c0': -56}, {'48:8b:0a:f3:19:40': -84}, {'f0:1d:2d:a5:1d:c0': -82}, {'84:f1:47:a8:77:20': -85}, {'84:f1:47:a8:73:c2': -95}, {'48:8b:0a:f2:64:a2': -74}, {'48:8b:0a:ba:e1:e2': -94}, {'84:f1:47:a8:36:c2': -56}, {'48:8b:0a:f3:19:42': -85}, {'f0:1d:2d:a5:1d:c2': -82}, {'84:f1:47:a8:77:22': -85}, {'32:13:8b:3e:57:39': -86}, {'86:9e:56:b9:17:6e': -95}, {'ae:f4:66:11:f6:27': -96}]"
7,14,"[{'f0:1d:2d:a5:1d:c3': -73}, {'84:f1:47:a8:77:23': -85}, {'84:f1:47:a8:73:c3': -96}, {'48:8b:0a:f2:64:a3': -83}, {'84:f1:47:a8:36:c3': -56}, {'48:8b:0a:f3:19:43': -86}, {'84:f1:47:a8:9d:23': -95}, {'86:9e:56:b9:17:6e': -93}, {'84:f1:47:a8:77:22': -85}, {'f0:1d:2d:a5:1d:c2': -73}, {'48:8b:0a:f4:fa:22': -95}, {'84:f1:47:a8:73:c2': -95}, {'48:8b:0a:f2:64:a2': -83}, {'84:f1:47:a8:36:c2': -55}, {'48:8b:0a:f3:19:42': -86}, {'84:f1:47:a8:77:21': -85}, {'f0:1d:2d:a5:1d:c1': -73}, {'48:8b:0a:f4:fa:21': -95}, {'84:f1:47:a8:73:c1': -96}, {'48:8b:0a:f2:64:a1': -83}, {'84:f1:47:a8:36:c1': -55}, {'48:8b:0a:f3:19:41': -86}, {'84:f1:47:a8:9d:21': -95}, {'84:f1:47:a8:77:20': -85}, {'f0:1d:2d:a5:1d:c0': -73}, {'48:8b:0a:f4:fa:20': -94}, {'48:8b:0a:f2:64:a0': -83}, {'84:f1:47:a8:36:c0': -55}, {'48:8b:0a:f3:19:40': -86}, {'48:8b:0a:ba:e1:e0': -94}, {'84:f1:47:a8:9d:20': -95}, {'c4:9a:31:73:40:7e': -97}, {'32:13:8b:3e:57:39': -94}]"
7,15,"[{'ae:f4:66:11:f6:27': -96}, {'f0:1d:2d:a5:1d:c3': -72}, {'84:f1:47:a8:77:23': -86}, {'48:8b:0a:f2:64:a3': -82}, {'48:8b:0a:f4:fa:23': -96}, {'48:8b:0a:f2:3a:c3': -96}, {'48:8b:0a:ba:e1:e3': -95}, {'48:8b:0a:f3:19:43': -93}, {'84:f1:47:a8:36:c3': -56}, {'84:f1:47:a8:77:22': -86}, {'f0:1d:2d:a5:1d:c2': -73}, {'48:8b:0a:f2:64:a2': -82}, {'48:8b:0a:f4:fa:22': -96}, {'84:f1:47:a8:73:c2': -95}, {'48:8b:0a:ba:e1:e2': -95}, {'48:8b:0a:f3:19:42': -93}, {'84:f1:47:a8:36:c2': -56}, {'84:f1:47:a8:77:21': -86}, {'f0:1d:2d:a5:1d:c1': -72}, {'48:8b:0a:f2:64:a1': -74}, {'48:8b:0a:f4:fa:21': -96}, {'84:f1:47:a8:73:c1': -94}, {'48:8b:0a:ba:e1:e1': -95}, {'48:8b:0a:f3:19:41': -87}, {'84:f1:47:a8:36:c1': -56}, {'84:f1:47:a8:77:20': -86}, {'f0:1d:2d:a5:1d:c0': -73}, {'48:8b:0a:f2:64:a0': -82}, {'48:8b:0a:f4:fa:20': -96}, {'84:f1:47:a8:73:c0': -95}, {'48:8b:0a:f2:3a:c0': -95}, {'48:8b:0a:ba:e1:e0': -95}, {'48:8b:0a:f3:19:40': -93}, {'84:f1:47:a8:9d:20': -94}, {'84:f1:47:a8:36:c0': -56}, {'86:9e:56:b9:17:6e': -94}, {'32:13:8b:3e:57:39': -86}]"
7,16,"[{'f0:1d:2d:a5:1d:c3': -73}, {'84:f1:47:a8:77:23': -85}, {'48:8b:0a:f2:64:a3': -83}, {'84:f1:47:a8:73:c3': -94}, {'48:8b:0a:f3:19:43': -83}, {'84:f1:47:a8:36:c3': -57}, {'48:8b:0a:f2:3a:c3': -94}, {'48:8b:0a:ba:e1:e3': -96}, {'f0:1d:2d:a5:1d:c2': -72}, {'84:f1:47:a8:77:22': -85}, {'48:8b:0a:f2:64:a2': -83}, {'84:f1:47:a8:73:c2': -94}, {'48:8b:0a:f3:19:42': -83}, {'84:f1:47:a8:36:c2': -57}, {'48:8b:0a:f2:3a:c2': -94}, {'f0:1d:2d:a5:1d:c1': -72}, {'84:f1:47:a8:77:21': -85}, {'48:8b:0a:f2:64:a1': -83}, {'84:f1:47:a8:73:c1': -94}, {'84:f1:47:a8:36:c1': -57}, {'48:8b:0a:f3:19:41': -74}, {'48:8b:0a:f2:3a:c1': -94}, {'f0:1d:2d:a5:1d:c0': -72}, {'84:f1:47:a8:77:20': -85}, {'48:8b:0a:f2:64:a0': -83}, {'48:8b:0a:f4:fa:20': -96}, {'84:f1:47:a8:73:c0': -94}, {'48:8b:0a:f3:19:40': -83}, {'84:f1:47:a8:36:c0': -57}, {'48:8b:0a:f2:3a:c0': -94}, {'48:8b:0a:ba:e1:e0': -96}, {'86:9e:56:b9:17:6e': -94}, {'ae:f4:66:11:f6:27': -96}, {'32:13:8b:3e:57:39': -93}]"
7,17,"[{'ae:f4:66:11:f6:27': -95}, {'f0:1d:2d:a5:1d:c3': -73}, {'84:f1:47:a8:77:23': -85}, {'48:8b:0a:f2:64:a3': -83}, {'48:8b:0a:f3:19:43': -84}, {'84:f1:47:a8:36:c3': -57}, {'48:8b:0a:f2:3a:c3': -86}, {'f0:1d:2d:a5:1d:c2': -83}, {'84:f1:47:a8:77:22': -85}, {'48:8b:0a:f2:64:a2': -83}, {'48:8b:0a:f3:19:42': -84}, {'84:f1:47:a8:36:c2': -57}, {'48:8b:0a:f2:3a:c2': -87}, {'32:13:8b:3e:57:39': -85}, {'f0:1d:2d:a5:1d:c1': -74}, {'84:f1:47:a8:77:21': -85}, {'48:8b:0a:f2:64:a1': -83}, {'48:8b:0a:f3:19:41': -84}, {'84:f1:47:a8:36:c1': -57}, {'48:8b:0a:f2:3a:c1': -93}, {'f0:1d:2d:a5:1d:c0': -83}, {'84:f1:47:a8:77:20': -85}, {'48:8b:0a:f2:64:a0': -83}, {'48:8b:0a:f4:fa:20': -96}, {'48:8b:0a:f3:19:40': -84}, {'84:f1:47:a8:36:c0': -57}, {'48:8b:0a:ba:e1:e0': -95}, {'86:9e:56:b9:17:6e': -94}]"
7,18,"[{'f0:1d:2d:a5:1d:c3': -74}, {'48:8b:0a:f2:64:a3': -82}, {'84:f1:47:a8:73:c3': -95}, {'48:8b:0a:f3:19:43': -83}, {'84:f1:47:a8:36:c3': -57}, {'48:8b:0a:f2:3a:c3': -95}, {'84:f1:47:a8:77:23': -85}, {'f0:1d:2d:a5:1d:c2': -82}, {'84:f1:47:a8:77:22': -85}, {'48:8b:0a:f2:64:a2': -83}, {'84:f1:47:a8:73:c2': -95}, {'48:8b:0a:f3:19:42': -83}, {'84:f1:47:a8:36:c2': -57}, {'32:13:8b:3e:57:39': -86}, {'f0:1d:2d:a5:1d:c1': -82}, {'84:f1:47:a8:77:21': -85}, {'48:8b:0a:f2:64:a1': -83}, {'84:f1:47:a8:73:c1': -95}, {'48:8b:0a:f3:19:41': -83}, {'84:f1:47:a8:36:c1': -57}, {'f0:1d:2d:a5:1d:c0': -82}, {'84:f1:47:a8:77:20': -85}, {'48:8b:0a:f2:64:a0': -83}, {'48:8b:0a:f4:fa:20': -96}, {'84:f1:47:a8:73:c0': -95}, {'48:8b:0a:f3:19:40': -83}, {'84:f1:47:a8:36:c0': -57}, {'ae:f4:66:11:f6:27': -95}, {'86:9e:56:b9:17:6e': -96}]"
7,19,"[{'84:f1:47:a8:36:c2': -58}, {'48:8b:0a:f3:19:42': -72}, {'48:8b:0a:f2:3a:c2': -83}, {'84:5a:3e:94:a4:82': -95}, {'48:8b:0a:f2:64:a2': -86}, {'84:f1:47:a8:73:c2': -95}, {'84:f1:47:a8:77:22': -86}, {'f0:1d:2d:a5:1d:c2': -84}, {'84:f1:47:a8:36:c1': -58}, {'48:8b:0a:f3:19:41': -72}, {'48:8b:0a:f2:3a:c1': -83}, {'84:5a:3e:94:a4:81': -95}, {'48:8b:0a:f2:64:a1': -86}, {'84:f1:47:a8:73:c1': -95}, {'84:f1:47:a8:77:21': -86}, {'f0:1d:2d:a5:1d:c1': -84}, {'84:f1:47:a8:36:c0': -58}, {'48:8b:0a:f3:19:40': -72}, {'84:5a:3e:94:a4:80': -95}, {'48:8b:0a:f2:64:a0': -86}, {'84:f1:47:a8:73:c0': -95}, {'84:f1:47:a8:77:20': -86}, {'f0:1d:2d:a5:1d:c0': -84}, {'48:8b:0a:f2:3a:c0': -83}, {'84:f1:47:a8:36:c3': -58}, {'48:8b:0a:f3:19:43': -72}, {'48:8b:0a:f2:3a:c3': -83}, {'84:5a:3e:94:a4:83': -95}, {'48:8b:0a:f2:64:a3': -86}, {'84:f1:47:a8:73:c3': -94}, {'f0:1d:2d:a5:1d:c3': -84}, {'84:f1:47:a8:77:23': -86}, {'86:9e:56:b9:17:6e': -96}, {'32:13:8b:3e:57:39': -94}]"
7,20,"[{'84:f1:47:a8:36:c3': -58}, {'48:8b:0a:f2:3a:c3': -74}, {'48:8b:0a:f3:19:43': -72}, {'84:5a:3e:94:a4:83': -95}, {'84:f1:47:a8:73:c3': -94}, {'48:8b:0a:f2:64:a3': -85}, {'48:8b:0a:f4:fa:23': -95}, {'84:f1:47:a8:77:23': -84}, {'f0:1d:2d:a5:1d:c3': -83}, {'48:8b:0a:f2:3a:c2': -74}, {'48:8b:0a:f3:19:42': -72}, {'84:f1:47:a8:36:c2': -58}, {'84:5a:3e:94:a4:82': -95}, {'48:8b:0a:f2:64:a2': -86}, {'84:f1:47:a8:73:c2': -94}, {'48:8b:0a:f4:fa:22': -95}, {'84:f1:47:a8:77:22': -84}, {'f0:1d:2d:a5:1d:c2': -83}, {'48:8b:0a:f2:3a:c1': -74}, {'48:8b:0a:f3:19:41': -72}, {'84:f1:47:a8:36:c1': -58}, {'84:f1:47:a8:73:c1': -94}, {'84:5a:3e:94:a4:81': -95}, {'48:8b:0a:f2:64:a1': -87}, {'48:8b:0a:f4:fa:21': -96}, {'84:f1:47:a8:77:21': -84}, {'f0:1d:2d:a5:1d:c1': -82}, {'48:8b:0a:f2:3a:c0': -74}, {'48:8b:0a:f3:19:40': -72}, {'84:f1:47:a8:36:c0': -58}, {'84:f1:47:a8:73:c0': -93}, {'84:5a:3e:94:a4:80': -95}, {'48:8b:0a:f2:64:a0': -86}, {'48:8b:0a:f4:fa:20': -95}, {'84:f1:47:a8:77:20': -84}, {'f0:1d:2d:a5:1d:c0': -83}, {'86:9e:56:b9:17:6e': -96}, {'32:13:8b:3e:57:39': -86}]"
7,21,"[{'84:f1:47:a8:36:c3': -58}, {'48:8b:0a:f3:19:43': -71}, {'48:8b:0a:f2:3a:c3': -84}, {'84:5a:3e:94:a4:83': -95}, {'48:8b:0a:f2:64:a3': -87}, {'48:8b:0a:f4:fa:23': -94}, {'84:f1:47:a8:73:c3': -86}, {'84:f1:47:a8:77:23': -82}, {'f0:1d:2d:a5:1d:c3': -72}, {'84:f1:47:a8:36:c2': -58}, {'48:8b:0a:f3:19:42': -59}, {'48:8b:0a:f2:3a:c2': -84}, {'84:5a:3e:94:a4:82': -95}, {'48:8b:0a:f2:64:a2': -87}, {'48:8b:0a:f4:fa:22': -95}, {'84:f1:47:a8:73:c2': -86}, {'84:f1:47:a8:77:22': -82}, {'f0:1d:2d:a5:1d:c2': -72}, {'48:8b:0a:f3:7b:02': -96}, {'84:f1:47:a8:36:c1': -58}, {'48:8b:0a:f3:19:41': -71}, {'48:8b:0a:f2:3a:c1': -84}, {'84:5a:3e:94:a4:81': -95}, {'48:8b:0a:f2:64:a1': -87}, {'48:8b:0a:f4:fa:21': -95}, {'84:f1:47:a8:73:c1': -86}, {'84:f1:47:a8:77:21': -82}, {'f0:1d:2d:a5:1d:c1': -72}, {'48:8b:0a:f3:7b:01': -97}, {'84:f1:47:a8:36:c0': -58}, {'48:8b:0a:f3:19:40': -55}, {'48:8b:0a:f2:3a:c0': -84}, {'84:5a:3e:94:a4:80': -96}, {'48:8b:0a:f2:64:a0': -87}, {'48:8b:0a:f4:fa:20': -95}, {'84:f1:47:a8:73:c0': -86}, {'84:f1:47:a8:77:20': -74}, {'f0:1d:2d:a5:1d:c0': -72}, {'86:9e:56:b9:17:6e': -95}, {'ae:f4:66:11:f6:27': -94}, {'32:13:8b:3e:57:39': -94}]"
7,22,"[{'84:f1:47:a8:36:c3': -59}, {'48:8b:0a:f2:3a:c3': -74}, {'48:8b:0a:f3:19:43': -60}, {'48:8b:0a:f4:fa:23': -96}, {'84:f1:47:a8:73:c3': -94}, {'48:8b:0a:f2:64:a3': -86}, {'f0:1d:2d:a5:1d:c3': -60}, {'84:f1:47:a8:77:23': -72}, {'84:f1:47:a8:36:c2': -58}, {'48:8b:0a:f2:3a:c2': -74}, {'48:8b:0a:f3:19:42': -71}, {'48:8b:0a:f4:fa:22': -96}, {'84:f1:47:a8:73:c2': -95}, {'48:8b:0a:f2:64:a2': -86}, {'f0:1d:2d:a5:1d:c2': -71}, {'84:f1:47:a8:77:22': -72}, {'84:f1:47:a8:36:c1': -59}, {'48:8b:0a:f2:3a:c1': -74}, {'48:8b:0a:f3:19:41': -71}, {'48:8b:0a:f4:fa:21': -96}, {'84:f1:47:a8:73:c1': -95}, {'48:8b:0a:f2:64:a1': -86}, {'f0:1d:2d:a5:1d:c1': -60}, {'84:f1:47:a8:77:21': -72}, {'48:8b:0a:ba:e1:e1': -97}, {'84:f1:47:a8:36:c0': -59}, {'48:8b:0a:f2:3a:c0': -74}, {'48:8b:0a:f3:19:40': -71}, {'48:8b:0a:f4:fa:20': -96}, {'84:f1:47:a8:73:c0': -95}, {'48:8b:0a:f2:64:a0': -86}, {'f0:1d:2d:a5:1d:c0': -71}, {'84:f1:47:a8:77:20': -72}, {'32:13:8b:3e:57:39': -86}, {'ae:f4:66:11:f6:27': -95}]"
7,23,"[{'84:f1:47:a8:36:c3': -58}, {'48:8b:0a:f3:19:43': -71}, {'48:8b:0a:f2:3a:c3': -74}, {'48:8b:0a:f4:fa:23': -96}, {'84:f1:47:a8:73:c3': -94}, {'48:8b:0a:f2:64:a3': -95}, {'f0:1d:2d:a5:1d:c3': -59}, {'84:f1:47:a8:77:23': -73}, {'48:8b:0a:f3:19:42': -71}, {'48:8b:0a:f2:3a:c2': -74}, {'84:f1:47:a8:36:c2': -58}, {'84:f1:47:a8:73:c2': -94}, {'48:8b:0a:f2:64:a2': -94}, {'f0:1d:2d:a5:1d:c2': -59}, {'84:f1:47:a8:77:22': -73}, {'48:8b:0a:f2:3a:c1': -82}, {'48:8b:0a:f3:19:41': -59}, {'84:f1:47:a8:36:c1': -58}, {'48:8b:0a:f4:fa:21': -96}, {'84:f1:47:a8:73:c1': -94}, {'48:8b:0a:f2:64:a1': -95}, {'f0:1d:2d:a5:1d:c1': -59}, {'84:f1:47:a8:77:21': -74}, {'48:8b:0a:f2:3a:c0': -74}, {'48:8b:0a:f3:19:40': -56}, {'84:f1:47:a8:36:c0': -58}, {'48:8b:0a:f4:fa:20': -97}, {'84:f1:47:a8:73:c0': -94}, {'48:8b:0a:f2:64:a0': -95}, {'f0:1d:2d:a5:1d:c0': -59}, {'84:f1:47:a8:77:20': -74}, {'32:13:8b:3e:57:39': -86}, {'ae:f4:66:11:f6:27': -95}, {'86:9e:56:b9:17:6e': -97}]"
7,24,"[{'84:f1:47:a8:36:c3': -59}, {'48:8b:0a:f2:3a:c3': -83}, {'48:8b:0a:f3:19:43': -72}, {'84:f1:47:a8:73:c3': -94}, {'48:8b:0a:f2:64:a3': -95}, {'84:5a:3e:94:a4:83': -96}, {'48:8b:0a:f4:fa:23': -96}, {'84:f1:47:a8:77:23': -73}, {'f0:1d:2d:a5:1d:c3': -60}, {'48:8b:0a:f3:7b:03': -96}, {'48:8b:0a:f2:3a:c2': -83}, {'48:8b:0a:f3:19:42': -72}, {'84:f1:47:a8:36:c2': -59}, {'84:f1:47:a8:73:c2': -94}, {'48:8b:0a:f2:64:a2': -95}, {'84:5a:3e:94:a4:82': -96}, {'84:f1:47:a8:77:22': -73}, {'f0:1d:2d:a5:1d:c2': -60}, {'48:8b:0a:f2:3a:c1': -83}, {'48:8b:0a:f3:19:41': -72}, {'84:f1:47:a8:36:c1': -59}, {'48:8b:0a:f4:fa:21': -96}, {'84:f1:47:a8:73:c1': -94}, {'48:8b:0a:f4:27:e1': -96}, {'84:5a:3e:94:a4:81': -95}, {'48:8b:0a:f2:64:a1': -95}, {'84:f1:47:a8:77:21': -73}, {'f0:1d:2d:a5:1d:c1': -60}, {'48:8b:0a:f2:3a:c0': -83}, {'48:8b:0a:f3:19:40': -73}, {'84:f1:47:a8:36:c0': -59}, {'84:f1:47:a8:73:c0': -94}, {'48:8b:0a:f4:27:e0': -96}, {'84:5a:3e:94:a4:80': -96}, {'48:8b:0a:f2:64:a0': -95}, {'84:f1:47:a8:77:20': -73}, {'f0:1d:2d:a5:1d:c0': -60}, {'ae:f4:66:11:f6:27': -96}, {'32:13:8b:3e:57:39': -84}]"
7,25,"[{'84:f1:47:a8:36:c3': -58}, {'48:8b:0a:f3:19:43': -73}, {'48:8b:0a:f2:3a:c3': -85}, {'48:8b:0a:f2:64:a3': -94}, {'48:8b:0a:f4:fa:23': -95}, {'84:f1:47:a8:73:c3': -86}, {'84:f1:47:a8:77:23': -72}, {'f0:1d:2d:a5:1d:c3': -60}, {'84:f1:47:a8:36:c2': -59}, {'48:8b:0a:f3:19:42': -73}, {'48:8b:0a:f2:3a:c2': -84}, {'48:8b:0a:f2:64:a2': -94}, {'48:8b:0a:f4:fa:22': -96}, {'84:f1:47:a8:73:c2': -86}, {'84:f1:47:a8:77:22': -71}, {'f0:1d:2d:a5:1d:c2': -60}, {'84:f1:47:a8:36:c1': -58}, {'48:8b:0a:f3:19:41': -73}, {'48:8b:0a:f2:3a:c1': -85}, {'48:8b:0a:f2:64:a1': -94}, {'48:8b:0a:f4:fa:21': -96}, {'84:f1:47:a8:73:c1': -86}, {'84:f1:47:a8:77:21': -72}, {'f0:1d:2d:a5:1d:c1': -60}, {'84:f1:47:a8:36:c0': -58}, {'48:8b:0a:f3:19:40': -73}, {'48:8b:0a:f2:3a:c0': -85}, {'48:8b:0a:f2:64:a0': -94}, {'48:8b:0a:f4:fa:20': -96}, {'84:f1:47:a8:73:c0': -86}, {'f0:1d:2d:a5:1d:c0': -60}, {'84:f1:47:a8:77:20': -72}, {'32:13:8b:3e:57:39': -86}]"
7,26,"[{'84:f1:47:a8:36:c3': -60}, {'48:8b:0a:f2:3a:c3': -83}, {'48:8b:0a:f3:19:43': -73}, {'84:5a:3e:94:a4:83': -96}, {'48:8b:0a:f2:64:a3': -87}, {'48:8b:0a:f4:fa:23': -95}, {'84:f1:47:a8:73:c3': -94}, {'48:8b:0a:f4:27:e3': -95}, {'f0:1d:2d:a5:1d:c3': -60}, {'84:f1:47:a8:77:23': -73}, {'84:f1:47:a8:36:c2': -59}, {'48:8b:0a:f2:3a:c2': -74}, {'48:8b:0a:f3:19:42': -73}, {'84:5a:3e:94:a4:82': -96}, {'48:8b:0a:f2:64:a2': -93}, {'48:8b:0a:f4:fa:22': -94}, {'84:f1:47:a8:73:c2': -94}, {'48:8b:0a:f4:27:e2': -95}, {'f0:1d:2d:a5:1d:c2': -60}, {'84:f1:47:a8:77:22': -73}, {'84:f1:47:a8:36:c1': -59}, {'48:8b:0a:f2:3a:c1': -83}, {'48:8b:0a:f3:19:41': -73}, {'84:5a:3e:94:a4:81': -96}, {'48:8b:0a:f2:64:a1': -87}, {'48:8b:0a:f4:fa:21': -94}, {'84:f1:47:a8:73:c1': -94}, {'48:8b:0a:f4:27:e1': -95}, {'f0:1d:2d:a5:1d:c1': -60}, {'84:f1:47:a8:77:21': -73}, {'84:f1:47:a8:36:c0': -59}, {'48:8b:0a:f3:19:40': -73}, {'48:8b:0a:f2:3a:c0': -74}, {'84:5a:3e:94:a4:80': -96}, {'48:8b:0a:f2:64:a0': -87}, {'48:8b:0a:f4:fa:20': -94}, {'84:f1:47:a8:73:c0': -94}, {'48:8b:0a:f4:27:e0': -95}, {'f0:1d:2d:a5:1d:c0': -60}, {'84:f1:47:a8:77:20': -73}, {'90:32:4b:74:6e:ea': -97}, {'32:13:8b:3e:57:39': -84}]"
7,27,"[{'84:f1:47:a8:36:c3': -59}, {'48:8b:0a:f3:19:43': -84}, {'48:8b:0a:f2:3a:c3': -93}, {'48:8b:0a:f4:27:e3': -96}, {'48:8b:0a:f2:64:a3': -95}, {'84:f1:47:a8:73:c3': -94}, {'48:8b:0a:f4:fa:23': -95}, {'84:f1:47:a8:77:23': -73}, {'f0:1d:2d:a5:1d:c3': -74}, {'48:8b:0a:f3:19:41': -84}, {'84:f1:47:a8:36:c1': -59}, {'48:8b:0a:f2:3a:c1': -87}, {'48:8b:0a:f4:27:e1': -96}, {'48:8b:0a:f2:64:a1': -95}, {'48:8b:0a:f4:fa:21': -94}, {'84:f1:47:a8:77:21': -73}, {'f0:1d:2d:a5:1d:c1': -74}, {'48:8b:0a:f3:19:42': -83}, {'84:f1:47:a8:36:c2': -59}, {'48:8b:0a:f2:3a:c2': -85}, {'48:8b:0a:f4:27:e2': -96}, {'48:8b:0a:f2:64:a2': -95}, {'48:8b:0a:f4:fa:22': -94}, {'84:f1:47:a8:77:22': -73}, {'f0:1d:2d:a5:1d:c2': -73}, {'48:8b:0a:f3:19:40': -84}, {'84:f1:47:a8:36:c0': -60}, {'48:8b:0a:f2:3a:c0': -87}, {'48:8b:0a:f4:27:e0': -96}, {'48:8b:0a:f2:64:a0': -95}, {'48:8b:0a:f4:fa:20': -95}, {'84:f1:47:a8:77:20': -73}, {'f0:1d:2d:a5:1d:c0': -72}, {'48:8b:0a:f3:7b:00': -96}, {'32:13:8b:3e:57:39': -82}]"
7,28,"[{'48:8b:0a:f3:19:42': -94}, {'84:f1:47:a8:36:c2': -60}, {'48:8b:0a:f2:3a:c2': -94}, {'84:5a:3e:94:a4:82': -94}, {'84:f1:47:a8:73:c2': -96}, {'84:f1:47:a8:77:22': -60}, {'f0:1d:2d:a5:1d:c2': -60}, {'84:f1:47:a8:36:c3': -59}, {'84:5a:3e:94:a4:83': -94}, {'48:8b:0a:f2:64:a3': -95}, {'48:8b:0a:f4:27:e3': -93}, {'84:f1:47:a8:73:c3': -95}, {'84:f1:47:a8:77:23': -71}, {'f0:1d:2d:a5:1d:c3': -60}, {'48:8b:0a:f3:19:43': -94}, {'48:8b:0a:f2:3a:c3': -94}, {'84:f1:47:a8:36:c1': -60}, {'84:5a:3e:94:a4:81': -94}, {'48:8b:0a:f2:64:a1': -95}, {'84:f1:47:a8:73:c1': -96}, {'84:f1:47:a8:77:21': -60}, {'f0:1d:2d:a5:1d:c1': -60}, {'48:8b:0a:f3:19:41': -94}, {'48:8b:0a:f2:3a:c1': -94}, {'48:8b:0a:f3:7b:01': -96}, {'84:f1:47:a8:36:c0': -60}, {'84:5a:3e:94:a4:80': -94}, {'48:8b:0a:f2:64:a0': -95}, {'84:f1:47:a8:73:c0': -95}, {'84:f1:47:a8:77:20': -71}, {'f0:1d:2d:a5:1d:c0': -60}, {'48:8b:0a:f3:19:40': -94}, {'48:8b:0a:f3:7b:00': -96}, {'48:8b:0a:f2:3a:c0': -94}, {'32:13:8b:3e:57:39': -59}]"
7,29,"[{'48:8b:0a:f3:19:41': -94}, {'84:f1:47:a8:36:c1': -72}, {'48:8b:0a:f2:3a:c1': -94}, {'84:5a:3e:94:a4:81': -94}, {'48:8b:0a:f2:64:a1': -96}, {'48:8b:0a:f4:27:e1': -94}, {'84:f1:47:a8:73:c1': -96}, {'f0:1d:2d:a5:1d:c1': -59}, {'84:f1:47:a8:77:21': -73}, {'48:8b:0a:f3:19:40': -95}, {'84:f1:47:a8:36:c0': -72}, {'48:8b:0a:f2:3a:c0': -94}, {'84:5a:3e:94:a4:80': -94}, {'48:8b:0a:f2:64:a0': -96}, {'48:8b:0a:f4:27:e0': -94}, {'84:f1:47:a8:73:c0': -96}, {'84:f1:47:a8:77:20': -73}, {'f0:1d:2d:a5:1d:c0': -59}, {'84:f1:47:a8:36:c3': -72}, {'48:8b:0a:f2:3a:c3': -94}, {'84:5a:3e:94:a4:83': -94}, {'48:8b:0a:f4:27:e3': -94}, {'48:8b:0a:f2:64:a3': -95}, {'84:f1:47:a8:73:c3': -96}, {'84:f1:47:a8:77:23': -73}, {'f0:1d:2d:a5:1d:c3': -59}, {'48:8b:0a:f3:19:43': -94}, {'84:f1:47:a8:36:c2': -72}, {'48:8b:0a:f2:3a:c2': -94}, {'84:5a:3e:94:a4:82': -94}, {'48:8b:0a:f2:64:a2': -95}, {'48:8b:0a:f4:27:e2': -94}, {'84:f1:47:a8:73:c2': -96}, {'f0:1d:2d:a5:1d:c2': -59}, {'84:f1:47:a8:77:22': -73}, {'48:8b:0a:f3:19:42': -95}, {'32:13:8b:3e:57:39': -59}]"
7,30,"[{'84:f1:47:a8:36:c3': -71}, {'48:8b:0a:f4:fa:23': -94}, {'84:f1:47:a8:73:c3': -96}, {'48:8b:0a:f4:27:e3': -87}, {'84:5a:3e:94:a4:83': -94}, {'48:8b:0a:f2:64:a3': -95}, {'84:f1:47:a8:77:23': -71}, {'f0:1d:2d:a5:1d:c3': -59}, {'48:8b:0a:f2:3a:c3': -96}, {'48:8b:0a:f2:3a:c2': -87}, {'84:f1:47:a8:36:c2': -60}, {'48:8b:0a:f4:fa:22': -94}, {'84:f1:47:a8:73:c2': -96}, {'48:8b:0a:f4:27:e2': -93}, {'84:5a:3e:94:a4:82': -94}, {'48:8b:0a:f2:64:a2': -95}, {'84:f1:47:a8:77:22': -71}, {'f0:1d:2d:a5:1d:c2': -59}, {'48:8b:0a:f2:3a:c0': -95}, {'84:f1:47:a8:36:c0': -60}, {'48:8b:0a:f4:fa:20': -94}, {'84:f1:47:a8:73:c0': -96}, {'48:8b:0a:f4:27:e0': -93}, {'84:5a:3e:94:a4:80': -94}, {'48:8b:0a:f2:64:a0': -95}, {'84:f1:47:a8:77:20': -71}, {'f0:1d:2d:a5:1d:c0': -59}, {'48:8b:0a:f3:19:40': -96}, {'84:f1:47:a8:36:c1': -60}, {'48:8b:0a:f4:fa:21': -94}, {'84:f1:47:a8:73:c1': -95}, {'48:8b:0a:f4:27:e1': -87}, {'84:5a:3e:94:a4:81': -94}, {'48:8b:0a:f2:64:a1': -95}, {'f0:1d:2d:a5:1d:c1': -59}, {'48:8b:0a:f2:3a:c1': -96}, {'48:8b:0a:f3:19:41': -96}, {'b0:95:75:bb:5d:e0': -99}, {'32:13:8b:3e:57:39': -59}]"
7,31,"[{'84:f1:47:a8:36:c3': -71}, {'48:8b:0a:f4:27:e3': -95}, {'84:5a:3e:94:a4:83': -94}, {'48:8b:0a:f2:64:a3': -95}, {'48:8b:0a:f4:fa:23': -94}, {'84:f1:47:a8:77:23': -72}, {'f0:1d:2d:a5:1d:c3': -59}, {'48:8b:0a:f3:7b:03': -95}, {'b0:95:75:bb:5d:e0': -98}, {'48:8b:0a:f3:7b:01': -95}, {'84:f1:47:a8:36:c1': -60}, {'48:8b:0a:f4:27:e1': -94}, {'84:5a:3e:94:a4:81': -94}, {'48:8b:0a:f2:64:a1': -95}, {'84:f1:47:a8:77:21': -72}, {'f0:1d:2d:a5:1d:c1': -59}, {'48:8b:0a:f2:3a:c1': -96}, {'48:8b:0a:f3:7b:00': -95}, {'84:f1:47:a8:36:c0': -60}, {'48:8b:0a:f4:27:e0': -95}, {'84:5a:3e:94:a4:80': -94}, {'48:8b:0a:f2:64:a0': -95}, {'84:f1:47:a8:77:20': -72}, {'f0:1d:2d:a5:1d:c0': -59}, {'84:f1:47:a8:36:c2': -60}, {'48:8b:0a:f4:27:e2': -95}, {'84:5a:3e:94:a4:82': -94}, {'48:8b:0a:f2:64:a2': -95}, {'84:f1:47:a8:77:22': -72}, {'f0:1d:2d:a5:1d:c2': -59}, {'48:8b:0a:f3:7b:02': -95}, {'32:13:8b:3e:57:39': -59}]"
7,32,"[{'48:8b:0a:f4:ff:80': -96}, {'48:8b:0a:f3:7b:00': -95}, {'84:f1:47:a8:36:c0': -72}, {'84:5a:3e:94:a4:80': -87}, {'48:8b:0a:f2:64:a0': -96}, {'48:8b:0a:f4:fa:20': -94}, {'f0:1d:2d:a5:1d:c0': -58}, {'84:f1:47:a8:77:20': -73}, {'48:8b:0a:f3:19:40': -96}, {'84:f1:47:a8:36:c3': -73}, {'48:8b:0a:f3:7b:03': -95}, {'84:5a:3e:94:a4:83': -93}, {'48:8b:0a:f4:fa:23': -94}, {'84:f1:47:a8:77:23': -73}, {'f0:1d:2d:a5:1d:c3': -58}, {'48:8b:0a:f3:7b:02': -96}, {'84:f1:47:a8:36:c2': -72}, {'84:5a:3e:94:a4:82': -87}, {'48:8b:0a:f2:64:a2': -95}, {'48:8b:0a:f4:fa:22': -94}, {'84:f1:47:a8:77:22': -73}, {'f0:1d:2d:a5:1d:c2': -58}, {'48:8b:0a:f3:7b:01': -95}, {'84:f1:47:a8:36:c1': -72}, {'48:8b:0a:f4:fa:21': -94}, {'84:f1:47:a8:77:21': -73}, {'f0:1d:2d:a5:1d:c1': -59}, {'48:8b:0a:f3:19:41': -95}, {'32:13:8b:3e:57:39': -59}]"
7,33,"[{'84:f1:47:a8:36:c3': -60}, {'48:8b:0a:f3:7b:03': -94}, {'48:8b:0a:f4:27:e3': -85}, {'84:5a:3e:94:a4:83': -96}, {'84:f1:47:a8:77:23': -83}, {'f0:1d:2d:a5:1d:c3': -59}, {'48:8b:0a:f4:ff:80': -96}, {'48:8b:0a:f3:7b:00': -94}, {'84:f1:47:a8:36:c0': -60}, {'48:8b:0a:f4:27:e0': -85}, {'84:5a:3e:94:a4:80': -96}, {'84:f1:47:a8:77:20': -84}, {'f0:1d:2d:a5:1d:c0': -59}, {'48:8b:0a:f2:3a:c0': -96}, {'48:8b:0a:f3:7b:02': -85}, {'84:f1:47:a8:36:c2': -60}, {'48:8b:0a:f4:27:e2': -85}, {'84:5a:3e:94:a4:82': -96}, {'84:f1:47:a8:77:22': -83}, {'f0:1d:2d:a5:1d:c2': -59}, {'48:8b:0a:f3:19:42': -97}, {'48:8b:0a:f3:7b:01': -85}, {'84:f1:47:a8:36:c1': -60}, {'48:8b:0a:f4:27:e1': -85}, {'84:5a:3e:94:a4:81': -96}, {'84:f1:47:a8:77:21': -84}, {'f0:1d:2d:a5:1d:c1': -59}, {'48:8b:0a:f2:3a:c1': -96}, {'b0:95:75:bb:5d:e0': -97}, {'32:13:8b:3e:57:39': -73}]"
7,34,"[{'84:f1:47:a8:36:c0': -72}, {'48:8b:0a:f3:7b:00': -85}, {'48:8b:0a:f4:fa:20': -95}, {'48:8b:0a:f4:27:e0': -86}, {'f0:1d:2d:a5:1d:c0': -59}, {'84:f1:47:a8:77:20': -83}, {'48:8b:0a:f4:ff:80': -95}, {'84:f1:47:a8:36:c3': -72}, {'48:8b:0a:f4:ff:83': -95}, {'48:8b:0a:f4:fa:23': -95}, {'48:8b:0a:f4:27:e3': -86}, {'f0:1d:2d:a5:1d:c3': -59}, {'84:f1:47:a8:77:23': -82}, {'48:8b:0a:f3:7b:03': -94}, {'84:f1:47:a8:36:c2': -72}, {'48:8b:0a:f4:ff:82': -94}, {'48:8b:0a:f4:fa:22': -95}, {'48:8b:0a:f4:27:e2': -86}, {'f0:1d:2d:a5:1d:c2': -59}, {'84:f1:47:a8:77:22': -82}, {'48:8b:0a:f3:7b:02': -94}, {'84:f1:47:a8:36:c1': -71}, {'48:8b:0a:f4:ff:81': -94}, {'48:8b:0a:f4:fa:21': -95}, {'48:8b:0a:f4:27:e1': -86}, {'f0:1d:2d:a5:1d:c1': -59}, {'84:f1:47:a8:77:21': -82}, {'48:8b:0a:f3:7b:01': -94}, {'b0:95:75:bb:5d:e0': -97}, {'32:13:8b:3e:57:39': -59}]"
7,35,"[{'84:f1:47:a8:36:c3': -74}, {'48:8b:0a:f3:7b:03': -93}, {'48:8b:0a:f4:27:e3': -73}, {'84:5a:3e:94:a4:83': -95}, {'48:8b:0a:f4:fa:23': -94}, {'84:f1:47:a8:77:23': -74}, {'f0:1d:2d:a5:1d:c3': -59}, {'48:8b:0a:f4:ff:81': -96}, {'48:8b:0a:f3:7b:01': -93}, {'84:f1:47:a8:36:c1': -72}, {'48:8b:0a:f4:27:e1': -73}, {'48:8b:0a:f4:fa:21': -95}, {'84:5a:3e:94:a4:81': -95}, {'84:f1:47:a8:77:21': -74}, {'f0:1d:2d:a5:1d:c1': -59}, {'48:8b:0a:f2:3a:c1': -96}, {'b0:95:75:bb:5d:e0': -96}, {'48:8b:0a:f4:ff:80': -95}, {'48:8b:0a:f3:7b:00': -93}, {'84:f1:47:a8:36:c0': -72}, {'48:8b:0a:f4:27:e0': -73}, {'48:8b:0a:f4:fa:20': -94}, {'84:5a:3e:94:a4:80': -95}, {'84:f1:47:a8:77:20': -74}, {'f0:1d:2d:a5:1d:c0': -59}, {'48:8b:0a:f3:7b:02': -87}, {'84:f1:47:a8:36:c2': -72}, {'84:5a:3e:94:a4:82': -95}, {'48:8b:0a:f4:27:e2': -73}, {'48:8b:0a:f4:fa:22': -95}, {'84:f1:47:a8:77:22': -74}, {'f0:1d:2d:a5:1d:c2': -59}, {'32:13:8b:3e:57:39': -84}]"
7,36,"[{'84:f1:47:a8:36:c3': -83}, {'48:8b:0a:f3:7b:03': -86}, {'84:5a:3e:94:a4:83': -94}, {'48:8b:0a:f4:27:e3': -83}, {'48:8b:0a:f4:fa:23': -94}, {'84:f1:47:a8:77:23': -83}, {'f0:1d:2d:a5:1d:c3': -58}, {'48:8b:0a:f4:ff:83': -95}, {'48:8b:0a:f4:ff:81': -95}, {'48:8b:0a:f3:7b:01': -86}, {'84:f1:47:a8:36:c1': -74}, {'84:5a:3e:94:a4:81': -94}, {'48:8b:0a:f4:27:e1': -83}, {'48:8b:0a:f4:fa:21': -94}, {'84:f1:47:a8:77:21': -83}, {'f0:1d:2d:a5:1d:c1': -58}, {'48:8b:0a:f4:ff:80': -95}, {'48:8b:0a:f3:7b:00': -85}, {'84:f1:47:a8:36:c0': -74}, {'84:5a:3e:94:a4:80': -94}, {'48:8b:0a:f4:27:e0': -83}, {'48:8b:0a:f4:fa:20': -94}, {'84:f1:47:a8:77:20': -83}, {'f0:1d:2d:a5:1d:c0': -58}, {'48:8b:0a:f3:7b:02': -85}, {'84:f1:47:a8:36:c2': -74}, {'84:5a:3e:94:a4:82': -94}, {'48:8b:0a:f4:27:e2': -83}, {'48:8b:0a:f4:fa:22': -94}, {'84:f1:47:a8:77:22': -83}, {'f0:1d:2d:a5:1d:c2': -58}, {'32:13:8b:3e:57:39': -72}]"
7,37,"[{'48:8b:0a:f4:fa:20': -95}, {'48:8b:0a:f4:27:e0': -74}, {'84:5a:3e:94:a4:80': -95}, {'48:8b:0a:f2:64:a0': -96}, {'f0:1d:2d:a5:1d:c0': -58}, {'84:f1:47:a8:77:20': -83}, {'84:f1:47:a8:36:c0': -84}, {'48:8b:0a:f4:ff:80': -94}, {'48:8b:0a:f3:7b:00': -74}, {'84:f1:47:a8:36:c3': -83}, {'48:8b:0a:f4:fa:23': -95}, {'48:8b:0a:f2:64:a3': -96}, {'48:8b:0a:f4:27:e3': -74}, {'84:5a:3e:94:a4:83': -95}, {'f0:1d:2d:a5:1d:c3': -58}, {'84:f1:47:a8:77:23': -83}, {'48:8b:0a:f4:ff:83': -94}, {'48:8b:0a:f3:7b:03': -74}, {'48:8b:0a:f4:fa:22': -95}, {'48:8b:0a:f4:27:e2': -73}, {'84:5a:3e:94:a4:82': -95}, {'f0:1d:2d:a5:1d:c2': -58}, {'84:f1:47:a8:77:22': -83}, {'48:8b:0a:f4:ff:82': -94}, {'48:8b:0a:f3:7b:02': -74}, {'84:f1:47:a8:36:c2': -83}, {'48:8b:0a:f4:fa:21': -95}, {'48:8b:0a:f4:27:e1': -74}, {'84:5a:3e:94:a4:81': -94}, {'f0:1d:2d:a5:1d:c1': -58}, {'84:f1:47:a8:77:21': -83}, {'48:8b:0a:f4:ff:81': -94}, {'48:8b:0a:f3:7b:01': -74}, {'84:f1:47:a8:36:c1': -85}, {'b0:95:75:bb:5d:e0': -97}, {'32:13:8b:3e:57:39': -83}]"
7,38,"[{'48:8b:0a:f3:7b:03': -58}, {'84:f1:47:a8:36:c3': -83}, {'48:8b:0a:f4:27:e3': -60}, {'84:f1:47:a8:77:23': -83}, {'f0:1d:2d:a5:1d:c3': -57}, {'48:8b:0a:f4:ff:83': -94}, {'84:f1:47:a8:83:23': -96}, {'84:f1:47:a8:83:20': -95}, {'48:8b:0a:f3:7b:00': -58}, {'84:f1:47:a8:36:c0': -83}, {'48:8b:0a:f4:27:e0': -60}, {'84:f1:47:a8:77:20': -83}, {'f0:1d:2d:a5:1d:c0': -57}, {'48:8b:0a:f4:ff:80': -94}, {'48:8b:0a:f4:ff:81': -94}, {'48:8b:0a:f3:7b:01': -58}, {'84:f1:47:a8:36:c1': -84}, {'48:8b:0a:f4:27:e1': -60}, {'84:f1:47:a8:77:21': -83}, {'f0:1d:2d:a5:1d:c1': -57}, {'48:8b:0a:f3:7b:02': -59}, {'84:f1:47:a8:36:c2': -84}, {'48:8b:0a:f4:27:e2': -60}, {'84:f1:47:a8:77:22': -84}, {'f0:1d:2d:a5:1d:c2': -57}, {'48:8b:0a:f4:ff:82': -94}, {'32:13:8b:3e:57:39': -74}, {'90:32:4b:74:6e:ea': -100}]"
7,39,"[{'48:8b:0a:f3:7b:03': -59}, {'84:f1:47:a8:36:c3': -73}, {'48:8b:0a:f4:ff:83': -86}, {'48:8b:0a:f4:27:e3': -59}, {'48:8b:0a:f4:fa:23': -94}, {'84:f1:47:a8:77:23': -83}, {'84:f1:47:a8:44:23': -95}, {'f0:1d:2d:a5:1d:c3': -57}, {'48:8b:0a:f3:7b:02': -58}, {'84:f1:47:a8:36:c2': -74}, {'48:8b:0a:f4:ff:82': -85}, {'48:8b:0a:f4:fa:22': -94}, {'48:8b:0a:f4:27:e2': -59}, {'84:f1:47:a8:77:22': -83}, {'f0:1d:2d:a5:1d:c2': -57}, {'48:8b:0a:f3:7b:01': -58}, {'84:f1:47:a8:36:c1': -74}, {'48:8b:0a:f4:ff:81': -85}, {'48:8b:0a:f4:fa:21': -94}, {'48:8b:0a:f4:27:e1': -59}, {'f0:1d:2d:a5:1d:c1': -57}, {'84:f1:47:a8:77:21': -84}, {'48:8b:0a:f3:19:41': -96}, {'48:8b:0a:f3:7b:00': -58}, {'84:f1:47:a8:36:c0': -73}, {'48:8b:0a:f4:ff:80': -85}, {'48:8b:0a:f4:fa:20': -94}, {'48:8b:0a:f4:27:e0': -59}, {'84:f1:47:a8:44:20': -95}, {'f0:1d:2d:a5:1d:c0': -57}, {'84:f1:47:a8:77:20': -83}, {'48:8b:0a:f3:19:40': -96}, {'b0:95:75:bb:5d:e0': -95}, {'32:13:8b:3e:57:39': -83}]"
7,40,"[{'48:8b:0a:f3:7b:03': -59}, {'84:f1:47:a8:36:c3': -83}, {'48:8b:0a:f4:fa:23': -94}, {'48:8b:0a:f4:27:e3': -58}, {'f0:1d:2d:a5:1d:c3': -57}, {'84:f1:47:a8:77:23': -86}, {'84:f1:47:a8:44:23': -96}, {'48:8b:0a:f3:19:43': -96}, {'48:8b:0a:f4:ff:83': -87}, {'48:8b:0a:f3:7b:02': -59}, {'84:f1:47:a8:36:c2': -83}, {'48:8b:0a:f4:fa:22': -95}, {'48:8b:0a:f4:27:e2': -58}, {'f0:1d:2d:a5:1d:c2': -57}, {'84:f1:47:a8:77:22': -85}, {'48:8b:0a:f4:ff:82': -87}, {'48:8b:0a:f3:7b:01': -59}, {'84:f1:47:a8:36:c1': -83}, {'48:8b:0a:f4:ff:81': -87}, {'48:8b:0a:f4:fa:21': -94}, {'48:8b:0a:f4:27:e1': -58}, {'f0:1d:2d:a5:1d:c1': -57}, {'84:f1:47:a8:77:21': -85}, {'48:8b:0a:f3:19:41': -96}, {'48:8b:0a:f3:7b:00': -59}, {'84:f1:47:a8:36:c0': -83}, {'48:8b:0a:f4:ff:80': -87}, {'48:8b:0a:f4:fa:20': -95}, {'48:8b:0a:f4:27:e0': -58}, {'84:f1:47:a8:44:20': -96}, {'f0:1d:2d:a5:1d:c0': -57}, {'84:f1:47:a8:77:20': -85}, {'48:8b:0a:f3:19:40': -96}, {'b0:95:75:bb:5d:e0': -96}, {'32:13:8b:3e:57:39': -85}]"
7,41,"[{'48:8b:0a:f3:7b:03': -59}, {'84:f1:47:a8:36:c3': -82}, {'48:8b:0a:f4:fa:23': -94}, {'84:f1:47:a8:73:c3': -96}, {'48:8b:0a:f4:27:e3': -58}, {'84:f1:47:a8:77:23': -94}, {'f0:1d:2d:a5:1d:c3': -57}, {'84:f1:47:a8:83:23': -95}, {'48:8b:0a:f4:ff:83': -86}, {'84:f1:47:a8:36:c2': -82}, {'48:8b:0a:f3:7b:02': -59}, {'48:8b:0a:f4:fa:22': -94}, {'84:f1:47:a8:73:c2': -96}, {'48:8b:0a:f4:27:e2': -58}, {'84:f1:47:a8:77:22': -94}, {'84:f1:47:a8:44:22': -97}, {'f0:1d:2d:a5:1d:c2': -57}, {'84:f1:47:a8:83:22': -95}, {'48:8b:0a:f4:ff:82': -85}, {'48:8b:0a:f3:7b:01': -59}, {'84:f1:47:a8:36:c1': -82}, {'48:8b:0a:f4:fa:21': -93}, {'84:f1:47:a8:73:c1': -96}, {'48:8b:0a:f4:27:e1': -58}, {'f0:1d:2d:a5:1d:c1': -57}, {'84:f1:47:a8:83:21': -95}, {'48:8b:0a:f3:19:41': -96}, {'48:8b:0a:f4:ff:81': -85}, {'48:8b:0a:f3:7b:00': -59}, {'84:f1:47:a8:36:c0': -74}, {'48:8b:0a:f4:fa:20': -93}, {'84:f1:47:a8:73:c0': -96}, {'48:8b:0a:f4:27:e0': -58}, {'f0:1d:2d:a5:1d:c0': -57}, {'84:f1:47:a8:77:20': -95}, {'84:f1:47:a8:83:20': -95}, {'48:8b:0a:f3:19:40': -96}, {'48:8b:0a:f4:ff:80': -85}, {'32:13:8b:3e:57:39': -73}]"
7,42,"[{'48:8b:0a:f3:7b:03': -59}, {'48:8b:0a:f4:ff:83': -85}, {'84:f1:47:a8:36:c3': -74}, {'84:5a:3e:94:a4:83': -97}, {'48:8b:0a:f4:27:e3': -60}, {'48:8b:0a:f4:fa:23': -87}, {'84:f1:47:a8:77:23': -87}, {'f0:1d:2d:a5:1d:c3': -56}, {'48:8b:0a:f5:24:23': -96}, {'84:f1:47:a8:44:23': -95}, {'84:f1:47:a8:83:23': -95}, {'48:8b:0a:f4:ff:82': -86}, {'48:8b:0a:f3:7b:02': -59}, {'84:f1:47:a8:36:c2': -73}, {'84:5a:3e:94:a4:82': -96}, {'48:8b:0a:f4:27:e2': -60}, {'48:8b:0a:f4:fa:22': -93}, {'84:f1:47:a8:77:22': -87}, {'f0:1d:2d:a5:1d:c2': -56}, {'48:8b:0a:f5:24:22': -96}, {'84:f1:47:a8:83:22': -96}, {'48:8b:0a:f4:ff:81': -85}, {'48:8b:0a:f3:7b:01': -60}, {'84:f1:47:a8:83:21': -95}, {'84:f1:47:a8:36:c1': -73}, {'84:5a:3e:94:a4:81': -96}, {'48:8b:0a:f4:27:e1': -60}, {'48:8b:0a:f4:fa:21': -87}, {'84:f1:47:a8:77:21': -87}, {'f0:1d:2d:a5:1d:c1': -56}, {'48:8b:0a:f5:24:21': -96}, {'48:8b:0a:f4:ff:80': -85}, {'48:8b:0a:f3:7b:00': -59}, {'84:f1:47:a8:83:20': -95}, {'84:f1:47:a8:36:c0': -73}, {'84:5a:3e:94:a4:80': -96}, {'48:8b:0a:f4:27:e0': -60}, {'48:8b:0a:f4:fa:20': -93}, {'84:f1:47:a8:77:20': -93}, {'f0:1d:2d:a5:1d:c0': -56}, {'32:13:8b:3e:57:39': -85}]"
7,43,"[{'48:8b:0a:f3:7b:03': -59}, {'48:8b:0a:f4:ff:83': -94}, {'84:f1:47:a8:36:c3': -82}, {'48:8b:0a:f4:27:e3': -59}, {'84:5a:3e:94:a4:83': -95}, {'48:8b:0a:f4:fa:23': -94}, {'84:f1:47:a8:77:23': -94}, {'f0:1d:2d:a5:1d:c3': -56}, {'48:8b:0a:f3:19:43': -96}, {'48:8b:0a:f3:19:41': -96}, {'48:8b:0a:f4:ff:81': -87}, {'48:8b:0a:f3:7b:01': -59}, {'84:f1:47:a8:36:c1': -82}, {'84:f1:47:a8:73:c1': -95}, {'48:8b:0a:f4:27:e1': -59}, {'84:5a:3e:94:a4:81': -95}, {'48:8b:0a:f4:fa:21': -94}, {'84:f1:47:a8:77:21': -94}, {'f0:1d:2d:a5:1d:c1': -56}, {'48:8b:0a:f3:19:40': -95}, {'48:8b:0a:f4:ff:80': -94}, {'48:8b:0a:f3:7b:00': -59}, {'84:f1:47:a8:36:c0': -82}, {'84:f1:47:a8:73:c0': -96}, {'48:8b:0a:f4:27:e0': -59}, {'84:5a:3e:94:a4:80': -95}, {'48:8b:0a:f4:fa:20': -94}, {'84:f1:47:a8:77:20': -94}, {'f0:1d:2d:a5:1d:c0': -56}, {'84:f1:47:a8:44:20': -97}, {'48:8b:0a:f4:ff:82': -94}, {'48:8b:0a:f3:7b:02': -59}, {'84:f1:47:a8:36:c2': -82}, {'48:8b:0a:f4:27:e2': -59}, {'84:5a:3e:94:a4:82': -95}, {'48:8b:0a:f4:fa:22': -94}, {'84:f1:47:a8:77:22': -94}, {'f0:1d:2d:a5:1d:c2': -56}, {'48:8b:0a:f3:19:42': -96}, {'b0:95:75:bb:5d:e0': -94}, {'02:41:0e:f5:32:f4': -97}, {'32:13:8b:3e:57:39': -87}]"
7,44,"[{'48:8b:0a:f3:7b:02': -59}, {'84:f1:47:a8:36:c2': -82}, {'48:8b:0a:f4:ff:82': -86}, {'84:f1:47:a8:73:c2': -95}, {'48:8b:0a:f4:27:e2': -59}, {'84:5a:3e:94:a4:82': -94}, {'f0:1d:2d:a5:1d:c2': -55}, {'84:f1:47:a8:77:22': -94}, {'48:8b:0a:f3:19:42': -96}, {'48:8b:0a:f3:7b:01': -59}, {'84:f1:47:a8:36:c1': -82}, {'48:8b:0a:f4:ff:81': -87}, {'48:8b:0a:f4:27:e1': -59}, {'84:5a:3e:94:a4:81': -95}, {'f0:1d:2d:a5:1d:c1': -55}, {'84:f1:47:a8:77:21': -94}, {'84:f1:47:a8:83:21': -95}, {'48:8b:0a:f3:19:41': -96}, {'48:8b:0a:f3:7b:00': -59}, {'84:f1:47:a8:36:c0': -82}, {'48:8b:0a:f4:ff:80': -87}, {'48:8b:0a:f4:27:e0': -59}, {'84:5a:3e:94:a4:80': -94}, {'84:f1:47:a8:77:20': -94}, {'f0:1d:2d:a5:1d:c0': -55}, {'84:f1:47:a8:83:20': -95}, {'48:8b:0a:f3:19:40': -96}, {'48:8b:0a:f3:7b:03': -59}, {'84:f1:47:a8:36:c3': -82}, {'48:8b:0a:f4:ff:83': -87}, {'84:f1:47:a8:73:c3': -95}, {'48:8b:0a:f4:fa:23': -85}, {'48:8b:0a:f4:27:e3': -59}, {'84:5a:3e:94:a4:83': -95}, {'f0:1d:2d:a5:1d:c3': -55}, {'84:f1:47:a8:77:23': -94}, {'84:f1:47:a8:83:23': -95}, {'48:8b:0a:f3:19:43': -96}, {'b0:95:75:bb:5d:e0': -96}, {'32:13:8b:3e:57:39': -85}]"
7,45,"[{'48:8b:0a:f4:ff:82': -94}, {'84:f1:47:a8:36:c2': -84}, {'48:8b:0a:f3:7b:02': -59}, {'84:5a:3e:94:a4:82': -95}, {'48:8b:0a:f4:27:e2': -59}, {'48:8b:0a:f4:fa:22': -85}, {'84:f1:47:a8:73:c2': -96}, {'84:f1:47:a8:77:22': -94}, {'f0:1d:2d:a5:1d:c2': -56}, {'48:8b:0a:f3:19:42': -95}, {'48:8b:0a:f3:7b:03': -59}, {'84:f1:47:a8:36:c3': -84}, {'84:5a:3e:94:a4:83': -95}, {'48:8b:0a:f4:27:e3': -59}, {'48:8b:0a:f4:fa:23': -86}, {'84:f1:47:a8:73:c3': -96}, {'84:f1:47:a8:77:23': -94}, {'f0:1d:2d:a5:1d:c3': -56}, {'48:8b:0a:f3:19:43': -95}, {'84:f1:47:a8:83:23': -95}, {'48:8b:0a:f4:ff:83': -94}, {'84:f1:47:a8:36:c1': -84}, {'48:8b:0a:f3:7b:01': -59}, {'84:5a:3e:94:a4:81': -95}, {'48:8b:0a:f4:27:e1': -59}, {'48:8b:0a:f4:fa:21': -87}, {'84:f1:47:a8:77:21': -94}, {'f0:1d:2d:a5:1d:c1': -56}, {'48:8b:0a:f3:19:41': -95}, {'84:f1:47:a8:83:21': -95}, {'48:8b:0a:f4:ff:81': -94}, {'84:f1:47:a8:36:c0': -84}, {'48:8b:0a:f3:7b:00': -59}, {'84:5a:3e:94:a4:80': -95}, {'48:8b:0a:f4:27:e0': -59}, {'48:8b:0a:f4:fa:20': -86}, {'84:f1:47:a8:73:c0': -96}, {'84:f1:47:a8:77:20': -94}, {'f0:1d:2d:a5:1d:c0': -56}, {'48:8b:0a:f3:19:40': -95}, {'84:f1:47:a8:83:20': -95}, {'48:8b:0a:f4:ff:80': -94}, {'32:13:8b:3e:57:39': -94}]"
7,46,"[{'48:8b:0a:f3:7b:03': -59}, {'84:f1:47:a8:36:c3': -83}, {'48:8b:0a:f4:fa:23': -85}, {'84:f1:47:a8:73:c3': -95}, {'48:8b:0a:f4:27:e3': -74}, {'84:f1:47:a8:44:23': -97}, {'f0:1d:2d:a5:1d:c3': -58}, {'48:8b:0a:f4:ff:83': -95}, {'84:f1:47:a8:83:23': -94}, {'84:f1:47:a8:83:21': -94}, {'48:8b:0a:f3:19:41': -95}, {'48:8b:0a:f3:7b:01': -59}, {'84:f1:47:a8:36:c1': -83}, {'48:8b:0a:f4:fa:21': -86}, {'84:f1:47:a8:73:c1': -95}, {'48:8b:0a:f4:27:e1': -74}, {'f0:1d:2d:a5:1d:c1': -58}, {'84:f1:47:a8:77:21': -94}, {'48:8b:0a:f4:ff:81': -95}, {'48:8b:0a:f3:19:40': -95}, {'48:8b:0a:f3:7b:00': -59}, {'84:f1:47:a8:36:c0': -83}, {'48:8b:0a:f4:fa:20': -86}, {'84:f1:47:a8:73:c0': -95}, {'48:8b:0a:f4:27:e0': -74}, {'f0:1d:2d:a5:1d:c0': -58}, {'84:f1:47:a8:77:20': -94}, {'48:8b:0a:f4:ff:80': -95}, {'84:f1:47:a8:83:20': -94}, {'b0:95:75:bb:5d:e0': -95}, {'48:8b:0a:f3:7b:02': -59}, {'84:f1:47:a8:36:c2': -83}, {'48:8b:0a:f4:fa:22': -85}, {'84:f1:47:a8:73:c2': -95}, {'48:8b:0a:f4:27:e2': -74}, {'f0:1d:2d:a5:1d:c2': -58}, {'84:f1:47:a8:77:22': -94}, {'48:8b:0a:f4:ff:82': -95}, {'84:f1:47:a8:83:22': -95}, {'32:13:8b:3e:57:39': -84}, {'02:41:0e:f5:32:f4': -97}]"
7,47,"[{'84:f1:47:a8:83:22': -94}, {'48:8b:0a:f4:ff:82': -94}, {'48:8b:0a:f3:7b:02': -60}, {'84:f1:47:a8:36:c2': -83}, {'48:8b:0a:f4:fa:22': -87}, {'48:8b:0a:f4:27:e2': -85}, {'84:f1:47:a8:77:22': -95}, {'f0:1d:2d:a5:1d:c2': -58}, {'48:8b:0a:f3:7b:03': -71}, {'48:8b:0a:f4:ff:83': -95}, {'84:f1:47:a8:36:c3': -83}, {'84:f1:47:a8:83:23': -94}, {'48:8b:0a:f4:fa:23': -87}, {'48:8b:0a:f4:27:e3': -85}, {'84:f1:47:a8:77:23': -95}, {'f0:1d:2d:a5:1d:c3': -58}, {'48:8b:0a:f3:7b:01': -60}, {'84:f1:47:a8:36:c1': -83}, {'84:f1:47:a8:83:21': -94}, {'48:8b:0a:f4:fa:21': -87}, {'48:8b:0a:f4:27:e1': -85}, {'84:f1:47:a8:77:21': -95}, {'f0:1d:2d:a5:1d:c1': -58}, {'48:8b:0a:f4:ff:81': -95}, {'48:8b:0a:f3:7b:00': -60}, {'84:f1:47:a8:36:c0': -84}, {'48:8b:0a:f4:fa:20': -87}, {'48:8b:0a:f4:27:e0': -85}, {'84:f1:47:a8:77:20': -95}, {'f0:1d:2d:a5:1d:c0': -58}, {'48:8b:0a:f4:ff:80': -95}, {'84:f1:47:a8:83:20': -95}, {'b0:95:75:bb:5d:e0': -94}, {'32:13:8b:3e:57:39': -84}]"
7,48,"[{'48:8b:0a:f3:7b:03': -60}, {'48:8b:0a:f4:ff:83': -94}, {'84:f1:47:a8:36:c3': -73}, {'48:8b:0a:f4:fa:23': -85}, {'48:8b:0a:f4:27:e3': -74}, {'84:5a:3e:94:a4:83': -96}, {'84:f1:47:a8:77:23': -95}, {'f0:1d:2d:a5:1d:c3': -59}, {'84:f1:47:a8:83:23': -94}, {'48:8b:0a:f4:ff:80': -94}, {'84:f1:47:a8:36:c0': -74}, {'48:8b:0a:f3:7b:00': -59}, {'48:8b:0a:f4:fa:20': -85}, {'48:8b:0a:f4:27:e0': -74}, {'84:5a:3e:94:a4:80': -95}, {'84:f1:47:a8:77:20': -95}, {'f0:1d:2d:a5:1d:c0': -59}, {'84:f1:47:a8:83:20': -94}, {'48:8b:0a:f3:19:40': -96}, {'48:8b:0a:f4:ff:81': -94}, {'84:f1:47:a8:36:c1': -73}, {'48:8b:0a:f3:7b:01': -59}, {'48:8b:0a:f4:27:e1': -74}, {'48:8b:0a:f4:fa:21': -86}, {'84:5a:3e:94:a4:81': -95}, {'84:f1:47:a8:77:21': -95}, {'f0:1d:2d:a5:1d:c1': -59}, {'84:f1:47:a8:83:21': -94}, {'b0:95:75:bb:5d:e0': -87}, {'84:f1:47:a8:36:c2': -83}, {'48:8b:0a:f3:7b:02': -59}, {'48:8b:0a:f4:fa:22': -85}, {'48:8b:0a:f4:27:e2': -74}, {'84:5a:3e:94:a4:82': -95}, {'84:f1:47:a8:77:22': -95}, {'f0:1d:2d:a5:1d:c2': -59}, {'84:f1:47:a8:83:22': -94}, {'48:8b:0a:f4:ff:82': -94}, {'32:13:8b:3e:57:39': -94}]"
7,49,"[{'48:8b:0a:f3:7b:03': -73}, {'84:f1:47:a8:83:23': -94}, {'48:8b:0a:f4:fa:23': -83}, {'48:8b:0a:f4:27:e3': -82}, {'84:5a:3e:94:a4:83': -95}, {'84:f1:47:a8:77:23': -94}, {'f0:1d:2d:a5:1d:c3': -59}, {'84:f1:47:a8:36:c3': -84}, {'48:8b:0a:f3:19:43': -95}, {'48:8b:0a:f4:ff:83': -94}, {'84:f1:47:a8:83:21': -94}, {'48:8b:0a:f3:19:41': -95}, {'48:8b:0a:f3:7b:01': -72}, {'84:f1:47:a8:36:c1': -84}, {'48:8b:0a:f4:fa:21': -84}, {'48:8b:0a:f4:27:e1': -74}, {'84:5a:3e:94:a4:81': -95}, {'84:f1:47:a8:77:21': -94}, {'f0:1d:2d:a5:1d:c1': -59}, {'84:f1:47:a8:83:20': -94}, {'48:8b:0a:f3:7b:00': -60}, {'84:f1:47:a8:36:c0': -83}, {'48:8b:0a:f4:fa:20': -84}, {'48:8b:0a:f4:27:e0': -74}, {'84:5a:3e:94:a4:80': -95}, {'84:f1:47:a8:77:20': -94}, {'f0:1d:2d:a5:1d:c0': -59}, {'48:8b:0a:f4:ff:80': -94}, {'48:8b:0a:f3:19:40': -95}, {'48:8b:0a:f3:7b:02': -71}, {'84:f1:47:a8:36:c2': -82}, {'48:8b:0a:f4:fa:22': -83}, {'48:8b:0a:f4:27:e2': -74}, {'84:5a:3e:94:a4:82': -95}, {'84:f1:47:a8:77:22': -94}, {'f0:1d:2d:a5:1d:c2': -59}, {'48:8b:0a:f3:19:42': -95}, {'84:f1:47:a8:83:22': -94}, {'48:8b:0a:f4:ff:82': -94}, {'02:41:0e:f5:32:f4': -96}, {'32:13:8b:3e:57:39': -87}]"
7,50,"[{'48:8b:0a:f3:7b:03': -73}, {'84:f1:47:a8:83:23': -85}, {'48:8b:0a:f4:ff:83': -94}, {'48:8b:0a:f4:fa:23': -72}, {'48:8b:0a:f4:27:e3': -84}, {'84:5a:3e:94:a4:83': -96}, {'f0:1d:2d:a5:1d:c3': -60}, {'84:f1:47:a8:36:c3': -84}, {'84:f1:47:a8:83:22': -85}, {'48:8b:0a:f3:7b:02': -74}, {'48:8b:0a:f4:ff:82': -94}, {'48:8b:0a:f4:fa:22': -73}, {'84:5a:3e:94:a4:82': -96}, {'48:8b:0a:f4:27:e2': -83}, {'84:f1:47:a8:44:22': -95}, {'f0:1d:2d:a5:1d:c2': -60}, {'84:f1:47:a8:36:c2': -84}, {'84:f1:47:a8:83:21': -85}, {'48:8b:0a:f3:19:41': -97}, {'48:8b:0a:f3:7b:01': -73}, {'48:8b:0a:f4:ff:81': -94}, {'48:8b:0a:f4:fa:21': -73}, {'48:8b:0a:f4:27:e1': -84}, {'f0:1d:2d:a5:1d:c1': -60}, {'84:f1:47:a8:36:c1': -84}, {'84:f1:47:a8:83:20': -85}, {'48:8b:0a:f3:7b:00': -74}, {'48:8b:0a:f4:ff:80': -94}, {'48:8b:0a:f4:fa:20': -73}, {'48:8b:0a:f4:27:e0': -84}, {'f0:1d:2d:a5:1d:c0': -60}, {'84:f1:47:a8:36:c0': -84}, {'b0:95:75:bb:5d:e0': -95}, {'32:13:8b:3e:57:39': -86}]"
8,47,"[{'f0:1d:2d:a5:1d:c3': -59}, {'84:f1:47:a8:44:23': -95}, {'84:f1:47:a8:77:23': -86}, {'48:8b:0a:f4:fa:23': -83}, {'48:8b:0a:f4:27:e3': -83}, {'84:f1:47:a8:73:c3': -95}, {'84:f1:47:a8:36:c3': -84}, {'48:8b:0a:f3:7b:03': -71}, {'84:f1:47:a8:83:23': -87}, {'48:8b:0a:f4:ff:83': -84}, {'84:f1:47:a8:44:22': -94}, {'f0:1d:2d:a5:1d:c2': -59}, {'48:8b:0a:f4:fa:22': -82}, {'48:8b:0a:f4:27:e2': -82}, {'84:f1:47:a8:73:c2': -95}, {'84:f1:47:a8:36:c2': -84}, {'84:f1:47:a8:83:22': -87}, {'48:8b:0a:f3:7b:02': -72}, {'48:8b:0a:f4:ff:82': -84}, {'84:f1:47:a8:77:22': -87}, {'84:f1:47:a8:44:21': -95}, {'f0:1d:2d:a5:1d:c1': -59}, {'84:f1:47:a8:77:21': -87}, {'48:8b:0a:f4:fa:21': -82}, {'48:8b:0a:f4:27:e1': -82}, {'84:f1:47:a8:73:c1': -94}, {'84:f1:47:a8:36:c1': -84}, {'48:8b:0a:f3:7b:01': -72}, {'84:f1:47:a8:83:21': -93}, {'48:8b:0a:f4:ff:81': -84}, {'84:f1:47:a8:44:20': -95}, {'f0:1d:2d:a5:1d:c0': -58}, {'48:8b:0a:f4:fa:20': -83}, {'48:8b:0a:f4:27:e0': -83}, {'84:f1:47:a8:73:c0': -95}, {'84:5a:3e:94:a4:80': -95}, {'84:f1:47:a8:36:c0': -84}, {'48:8b:0a:f3:7b:00': -72}, {'84:f1:47:a8:83:20': -87}, {'48:8b:0a:f4:ff:80': -84}, {'84:f1:47:a8:77:20': -93}, {'b0:95:75:bb:5d:e0': -94}, {'32:13:8b:3e:57:39': -83}, {'02:41:0e:be:ec:3c': -96}, {'02:41:0e:f5:32:f4': -96}]"
9,47,"[{'f0:1d:2d:a5:1d:c3': -60}, {'84:f1:47:a8:73:c3': -95}, {'48:8b:0a:f4:fa:23': -83}, {'48:8b:0a:f4:27:e3': -83}, {'84:f1:47:a8:36:c3': -84}, {'48:8b:0a:f3:7b:03': -71}, {'84:f1:47:a8:83:23': -87}, {'48:8b:0a:f4:ff:83': -84}, {'84:f1:47:a8:44:23': -95}, {'84:f1:47:a8:77:23': -86}, {'48:8b:0a:f4:fa:21': -82}, {'84:f1:47:a8:73:c1': -94}, {'48:8b:0a:f4:27:e1': -82}, {'84:f1:47:a8:36:c1': -84}, {'48:8b:0a:f3:7b:01': -72}, {'84:f1:47:a8:83:21': -93}, {'48:8b:0a:f4:ff:81': -84}, {'f0:1d:2d:a5:1d:c1': -59}, {'84:f1:47:a8:44:21': -95}, {'84:f1:47:a8:77:21': -87}, {'48:8b:0a:f4:fa:20': -83}, {'84:f1:47:a8:73:c0': -95}, {'48:8b:0a:f4:27:e0': -83}, {'84:5a:3e:94:a4:80': -95}, {'84:f1:47:a8:36:c0': -84}, {'48:8b:0a:f3:7b:00': -72}, {'84:f1:47:a8:83:20': -87}, {'48:8b:0a:f4:ff:80': -84}, {'f0:1d:2d:a5:1d:c0': -58}, {'84:f1:47:a8:44:20': -95}, {'84:f1:47:a8:77:20': -93}, {'b0:95:75:bb:5d:e0': -94}, {'84:f1:47:a8:73:c2': -95}, {'48:8b:0a:f4:fa:22': -82}, {'48:8b:0a:f4:27:e2': -82}, {'84:f1:47:a8:36:c2': -84}, {'84:f1:47:a8:83:22': -87}, {'48:8b:0a:f3:7b:02': -72}, {'48:8b:0a:f4:ff:82': -84}, {'f0:1d:2d:a5:1d:c2': -59}, {'84:f1:47:a8:44:22': -94}, {'84:f1:47:a8:77:22': -87}, {'02:41:0e:be:ec:3c': -96}, {'32:13:8b:3e:57:39': -83}, {'02:41:0e:f5:32:f4': -96}]"
10,47,"[{'f0:1d:2d:a5:1d:c3': -60}, {'84:f1:47:a8:73:c3': -95}, {'48:8b:0a:f4:fa:23': -83}, {'48:8b:0a:f4:27:e3': -83}, {'84:f1:47:a8:36:c3': -84}, {'48:8b:0a:f3:7b:03': -71}, {'84:f1:47:a8:83:23': -87}, {'48:8b:0a:f4:ff:83': -84}, {'84:f1:47:a8:44:23': -95}, {'84:f1:47:a8:77:23': -86}, {'48:8b:0a:f4:fa:21': -82}, {'84:f1:47:a8:73:c1': -94}, {'48:8b:0a:f4:27:e1': -82}, {'84:f1:47:a8:36:c1': -84}, {'48:8b:0a:f3:7b:01': -72}, {'84:f1:47:a8:83:21': -93}, {'48:8b:0a:f4:ff:81': -84}, {'f0:1d:2d:a5:1d:c1': -59}, {'84:f1:47:a8:44:21': -95}, {'84:f1:47:a8:77:21': -87}, {'48:8b:0a:f4:fa:20': -83}, {'84:f1:47:a8:73:c0': -95}, {'48:8b:0a:f4:27:e0': -83}, {'84:5a:3e:94:a4:80': -95}, {'84:f1:47:a8:36:c0': -84}, {'48:8b:0a:f3:7b:00': -72}, {'84:f1:47:a8:83:20': -87}, {'48:8b:0a:f4:ff:80': -84}, {'f0:1d:2d:a5:1d:c0': -58}, {'84:f1:47:a8:44:20': -95}, {'84:f1:47:a8:77:20': -93}, {'b0:95:75:bb:5d:e0': -94}, {'84:f1:47:a8:73:c2': -95}, {'48:8b:0a:f4:fa:22': -82}, {'48:8b:0a:f4:27:e2': -82}, {'84:f1:47:a8:36:c2': -84}, {'84:f1:47:a8:83:22': -87}, {'48:8b:0a:f3:7b:02': -72}, {'48:8b:0a:f4:ff:82': -84}, {'f0:1d:2d:a5:1d:c2': -59}, {'84:f1:47:a8:44:22': -94}, {'84:f1:47:a8:77:22': -87}, {'02:41:0e:be:ec:3c': -96}, {'32:13:8b:3e:57:39': -83}, {'02:41:0e:f5:32:f4': -96}]"
11,47,"[{'f0:1d:2d:a5:1d:c1': -59}, {'84:f1:47:a8:77:21': -83}, {'48:8b:0a:f4:27:e1': -74}, {'48:8b:0a:f3:7b:01': -72}, {'84:f1:47:a8:83:21': -87}, {'84:f1:47:a8:44:21': -93}, {'f0:1d:2d:a5:1d:c0': -59}, {'48:8b:0a:f4:27:e0': -82}, {'48:8b:0a:f4:fa:20': -74}, {'48:8b:0a:f3:7b:00': -72}, {'84:f1:47:a8:83:20': -86}, {'84:f1:47:a8:44:20': -87}, {'84:f1:47:a8:77:20': -84}, {'b0:95:75:bb:5d:e0': -94}, {'f0:1d:2d:a5:1d:c2': -59}, {'48:8b:0a:f4:27:e2': -82}, {'48:8b:0a:f4:fa:22': -74}, {'48:8b:0a:f3:7b:02': -72}, {'84:f1:47:a8:83:22': -86}, {'84:f1:47:a8:44:22': -86}, {'84:f1:47:a8:77:22': -84}, {'32:13:8b:3e:57:39': -82}, {'f0:1d:2d:a5:1d:c3': -59}, {'84:f1:47:a8:77:23': -83}, {'48:8b:0a:f4:27:e3': -82}, {'48:8b:0a:f4:fa:23': -74}, {'48:8b:0a:f4:ff:83': -93}, {'48:8b:0a:f3:7b:03': -72}, {'84:f1:47:a8:83:23': -87}, {'02:41:0e:be:ec:3c': -95}, {'02:41:0e:f5:32:f4': -95}]"
12,47,"[{'f0:1d:2d:a5:1d:c3': -59}, {'84:f1:47:a8:73:c3': -94}, {'48:8b:0a:f4:27:e3': -84}, {'48:8b:0a:f4:fa:23': -57}, {'48:8b:0a:f3:7b:03': -59}, {'f0:1d:2d:a5:1d:c2': -59}, {'84:f1:47:a8:73:c2': -94}, {'48:8b:0a:f4:27:e2': -84}, {'48:8b:0a:f4:fa:22': -57}, {'84:f1:47:a8:83:22': -86}, {'48:8b:0a:f3:7b:02': -59}, {'32:13:8b:3e:57:39': -85}, {'f0:1d:2d:a5:1d:c1': -59}, {'84:f1:47:a8:73:c1': -94}, {'48:8b:0a:f4:27:e1': -84}, {'48:8b:0a:f4:fa:21': -54}, {'48:8b:0a:f3:7b:01': -59}, {'f0:1d:2d:a5:1d:c0': -59}, {'84:f1:47:a8:73:c0': -94}, {'48:8b:0a:f4:fa:20': -59}, {'48:8b:0a:f3:7b:00': -59}]"
13,47,"[{'f0:1d:2d:a5:1d:c3': -60}, {'84:f1:47:a8:77:23': -86}, {'84:f1:47:a8:73:c3': -95}, {'48:8b:0a:f4:fa:23': -72}, {'48:8b:0a:f4:27:e3': -73}, {'48:8b:0a:f4:ff:83': -87}, {'48:8b:0a:f3:7b:03': -72}, {'84:f1:47:a8:44:23': -95}, {'f0:1d:2d:a5:1d:c1': -60}, {'84:f1:47:a8:77:21': -86}, {'84:f1:47:a8:73:c1': -94}, {'48:8b:0a:f4:fa:21': -72}, {'48:8b:0a:f4:27:e1': -73}, {'48:8b:0a:f4:ff:81': -87}, {'48:8b:0a:f3:7b:01': -72}, {'84:f1:47:a8:44:21': -95}, {'84:f1:47:a8:77:22': -86}, {'f0:1d:2d:a5:1d:c2': -60}, {'84:f1:47:a8:73:c2': -94}, {'48:8b:0a:f4:fa:22': -72}, {'48:8b:0a:f4:27:e2': -73}, {'48:8b:0a:f4:ff:82': -87}, {'48:8b:0a:f3:7b:02': -72}, {'84:f1:47:a8:44:22': -95}, {'84:f1:47:a8:77:20': -87}, {'f0:1d:2d:a5:1d:c0': -60}, {'84:f1:47:a8:73:c0': -94}, {'48:8b:0a:f4:fa:20': -72}, {'48:8b:0a:f4:27:e0': -73}, {'48:8b:0a:f4:ff:80': -86}, {'84:f1:47:a8:44:20': -95}, {'b0:95:75:bb:5d:e0': -86}, {'32:13:8b:3e:57:39': -85}, {'de:cd:2f:81:b5:10': -97}, {'02:41:0e:f5:32:f4': -94}]"
14,47,"[{'84:f1:47:a8:44:20': -94}, {'f0:1d:2d:a5:1d:c0': -59}, {'84:f1:47:a8:77:20': -84}, {'48:8b:0a:f4:27:e0': -74}, {'48:8b:0a:f4:fa:20': -93}, {'84:f1:47:a8:73:c0': -94}, {'48:8b:0a:f4:ff:80': -84}, {'48:8b:0a:f3:7b:00': -59}, {'f0:1d:2d:a5:1d:c3': -59}, {'84:f1:47:a8:77:23': -84}, {'48:8b:0a:f4:27:e3': -73}, {'48:8b:0a:f4:fa:23': -94}, {'84:f1:47:a8:73:c3': -94}, {'84:f1:47:a8:83:23': -93}, {'48:8b:0a:f4:ff:83': -84}, {'48:8b:0a:f3:7b:03': -59}, {'f0:1d:2d:a5:1d:c2': -59}, {'84:f1:47:a8:77:22': -84}, {'48:8b:0a:f4:27:e2': -73}, {'48:8b:0a:f4:fa:22': -94}, {'84:f1:47:a8:73:c2': -94}, {'48:8b:0a:f4:ff:82': -84}, {'48:8b:0a:f3:7b:02': -59}, {'32:13:8b:3e:57:39': -84}, {'f0:1d:2d:a5:1d:c1': -59}, {'84:f1:47:a8:77:21': -84}, {'48:8b:0a:f4:27:e1': -73}, {'48:8b:0a:f4:fa:21': -94}, {'84:f1:47:a8:73:c1': -94}, {'48:8b:0a:f4:ff:81': -84}, {'48:8b:0a:f3:7b:01': -59}]"
15,47,"[{'48:8b:0a:f3:7b:03': -73}, {'48:8b:0a:f4:ff:83': -83}, {'84:f1:47:a8:73:c3': -86}, {'48:8b:0a:f4:fa:23': -82}, {'48:8b:0a:f4:27:e3': -74}, {'84:f1:47:a8:77:23': -84}, {'84:f1:47:a8:44:23': -94}, {'f0:1d:2d:a5:1d:c3': -59}, {'48:8b:0a:f4:ff:82': -83}, {'48:8b:0a:f3:7b:02': -73}, {'84:f1:47:a8:73:c2': -86}, {'48:8b:0a:f4:fa:22': -83}, {'48:8b:0a:f4:27:e2': -74}, {'84:f1:47:a8:44:22': -94}, {'84:f1:47:a8:77:22': -85}, {'f0:1d:2d:a5:1d:c2': -59}, {'48:8b:0a:f4:ff:81': -83}, {'48:8b:0a:f3:7b:01': -73}, {'84:f1:47:a8:73:c1': -86}, {'48:8b:0a:f4:fa:21': -83}, {'48:8b:0a:f4:27:e1': -73}, {'84:f1:47:a8:77:21': -85}, {'84:f1:47:a8:44:21': -94}, {'f0:1d:2d:a5:1d:c1': -59}, {'84:f1:47:a8:36:c1': -96}, {'48:8b:0a:f4:ff:80': -83}, {'48:8b:0a:f3:7b:00': -74}, {'48:8b:0a:f4:fa:20': -82}, {'84:f1:47:a8:73:c0': -86}, {'48:8b:0a:f4:27:e0': -74}, {'84:f1:47:a8:77:20': -85}, {'84:f1:47:a8:44:20': -94}, {'f0:1d:2d:a5:1d:c0': -59}, {'84:f1:47:a8:36:c0': -96}, {'b0:95:75:bb:5d:e0': -86}, {'32:13:8b:3e:57:39': -84}, {'de:cd:2f:81:b5:10': -97}]"
16,47,"[{'48:8b:0a:f3:7b:03': -84}, {'48:8b:0a:f4:ff:83': -74}, {'48:8b:0a:f4:27:e3': -84}, {'48:8b:0a:f4:fa:23': -85}, {'84:f1:47:a8:73:c3': -93}, {'84:f1:47:a8:77:23': -86}, {'84:f1:47:a8:44:23': -94}, {'f0:1d:2d:a5:1d:c3': -72}, {'48:8b:0a:f3:7b:02': -82}, {'48:8b:0a:f4:ff:82': -74}, {'48:8b:0a:f4:27:e2': -84}, {'48:8b:0a:f4:fa:22': -85}, {'84:f1:47:a8:73:c2': -93}, {'84:f1:47:a8:77:22': -86}, {'48:8b:0a:f5:24:22': -95}, {'f0:1d:2d:a5:1d:c2': -72}, {'84:f1:47:a8:44:22': -94}, {'48:8b:0a:f3:7b:01': -83}, {'48:8b:0a:f4:ff:81': -74}, {'48:8b:0a:f4:27:e1': -84}, {'48:8b:0a:f4:fa:21': -85}, {'84:f1:47:a8:73:c1': -87}, {'84:f1:47:a8:77:21': -93}, {'84:f1:47:a8:44:21': -94}, {'f0:1d:2d:a5:1d:c1': -72}, {'48:8b:0a:f3:7b:00': -83}, {'48:8b:0a:f4:ff:80': -74}, {'48:8b:0a:f4:27:e0': -84}, {'48:8b:0a:f4:fa:20': -85}, {'84:f1:47:a8:73:c0': -87}, {'84:f1:47:a8:77:20': -86}, {'48:8b:0a:f5:24:20': -96}, {'84:f1:47:a8:44:20': -94}, {'f0:1d:2d:a5:1d:c0': -72}, {'b0:95:75:bb:5d:e0': -86}, {'02:41:0e:f5:32:f4': -95}, {'32:13:8b:3e:57:39': -83}, {'84:f1:47:a8:83:23': -94}, {'84:f1:47:a8:83:22': -94}, {'84:f1:47:a8:83:21': -94}, {'84:f1:47:a8:83:20': -94}]"
17,47,"[{'48:8b:0a:f4:27:e3': -82}, {'84:f1:47:a8:77:23': -87}, {'f0:1d:2d:a5:1d:c3': -74}, {'84:f1:47:a8:44:23': -95}, {'84:f1:47:a8:83:23': -95}, {'48:8b:0a:f4:ff:83': -73}, {'48:8b:0a:f3:7b:03': -74}, {'84:f1:47:a8:73:c3': -95}, {'48:8b:0a:f4:fa:23': -94}, {'48:8b:0a:f4:27:e2': -73}, {'84:f1:47:a8:77:22': -87}, {'f0:1d:2d:a5:1d:c2': -74}, {'84:f1:47:a8:83:22': -94}, {'48:8b:0a:f4:ff:82': -73}, {'48:8b:0a:f3:7b:02': -74}, {'84:f1:47:a8:73:c2': -95}, {'48:8b:0a:f4:fa:22': -94}, {'48:8b:0a:f4:27:e1': -73}, {'84:f1:47:a8:77:21': -87}, {'f0:1d:2d:a5:1d:c1': -74}, {'84:f1:47:a8:44:21': -96}, {'84:f1:47:a8:83:21': -94}, {'48:8b:0a:f4:ff:81': -73}, {'48:8b:0a:f3:7b:01': -74}, {'84:f1:47:a8:73:c1': -95}, {'48:8b:0a:f4:fa:21': -94}, {'48:8b:0a:f4:27:e0': -73}, {'84:f1:47:a8:77:20': -93}, {'f0:1d:2d:a5:1d:c0': -74}, {'84:f1:47:a8:44:20': -95}, {'84:f1:47:a8:83:20': -94}, {'48:8b:0a:f4:ff:80': -73}, {'48:8b:0a:f3:7b:00': -74}, {'84:f1:47:a8:73:c0': -95}, {'48:8b:0a:f4:fa:20': -94}, {'b0:95:75:bb:5d:e0': -93}, {'32:13:8b:3e:57:39': -85}]"
18,47,"[{'48:8b:0a:f4:27:e3': -72}, {'48:8b:0a:f4:fa:23': -87}, {'f0:1d:2d:a5:1d:c3': -71}, {'84:f1:47:a8:77:23': -86}, {'84:f1:47:a8:36:c3': -95}, {'48:8b:0a:f3:7b:03': -74}, {'48:8b:0a:f4:ff:83': -60}, {'84:f1:47:a8:83:23': -95}, {'84:f1:47:a8:73:c3': -86}, {'48:8b:0a:f4:fa:20': -87}, {'84:f1:47:a8:73:c0': -86}, {'48:8b:0a:f4:27:e0': -71}, {'f0:1d:2d:a5:1d:c0': -71}, {'48:8b:0a:f3:7b:00': -74}, {'48:8b:0a:f4:ff:80': -60}, {'84:f1:47:a8:83:20': -95}, {'b0:95:75:bb:5d:e0': -94}, {'48:8b:0a:f4:fa:22': -93}, {'48:8b:0a:f4:27:e2': -71}, {'f0:1d:2d:a5:1d:c2': -71}, {'84:f1:47:a8:77:22': -86}, {'84:f1:47:a8:36:c2': -95}, {'48:8b:0a:f3:7b:02': -74}, {'84:f1:47:a8:83:22': -95}, {'48:8b:0a:f4:ff:82': -60}, {'84:f1:47:a8:73:c2': -86}, {'48:8b:0a:f4:fa:21': -93}, {'48:8b:0a:f4:27:e1': -71}, {'f0:1d:2d:a5:1d:c1': -71}, {'84:f1:47:a8:77:21': -86}, {'48:8b:0a:f3:7b:01': -74}, {'48:8b:0a:f4:ff:81': -60}, {'84:f1:47:a8:83:21': -95}, {'84:f1:47:a8:73:c1': -86}, {'32:13:8b:3e:57:39': -83}]"
19,47,"[{'48:8b:0a:f4:27:e3': -73}, {'84:f1:47:a8:77:23': -87}, {'84:f1:47:a8:44:23': -94}, {'f0:1d:2d:a5:1d:c3': -71}, {'48:8b:0a:f4:ff:83': -59}, {'48:8b:0a:f3:7b:03': -74}, {'48:8b:0a:f4:fa:23': -94}, {'84:f1:47:a8:73:c3': -94}, {'48:8b:0a:f4:27:e2': -74}, {'84:f1:47:a8:77:22': -93}, {'84:f1:47:a8:44:22': -94}, {'f0:1d:2d:a5:1d:c2': -60}, {'48:8b:0a:f4:ff:82': -59}, {'48:8b:0a:f3:7b:02': -74}, {'48:8b:0a:f4:fa:22': -94}, {'84:f1:47:a8:73:c2': -87}, {'48:8b:0a:f4:27:e1': -74}, {'84:f1:47:a8:77:21': -93}, {'f0:1d:2d:a5:1d:c1': -60}, {'48:8b:0a:f4:ff:81': -59}, {'48:8b:0a:f3:7b:01': -74}, {'48:8b:0a:f4:fa:21': -94}, {'84:f1:47:a8:73:c1': -94}, {'48:8b:0a:f4:27:e0': -74}, {'48:8b:0a:f4:fa:20': -94}, {'84:f1:47:a8:77:20': -93}, {'f0:1d:2d:a5:1d:c0': -60}, {'84:f1:47:a8:44:20': -93}, {'48:8b:0a:f4:ff:80': -59}, {'48:8b:0a:f3:7b:00': -74}, {'84:f1:47:a8:73:c0': -93}, {'b0:95:75:bb:5d:e0': -93}, {'32:13:8b:3e:57:39': -74}]"
20,47,"[{'48:8b:0a:f4:27:e3': -73}, {'48:8b:0a:f4:fa:23': -86}, {'84:f1:47:a8:44:23': -87}, {'84:f1:47:a8:77:23': -85}, {'f0:1d:2d:a5:1d:c3': -60}, {'48:8b:0a:f4:ff:83': -59}, {'48:8b:0a:f3:7b:03': -84}, {'84:f1:47:a8:73:c3': -93}, {'48:8b:0a:f4:27:e2': -72}, {'48:8b:0a:f4:fa:22': -84}, {'84:f1:47:a8:77:22': -85}, {'f0:1d:2d:a5:1d:c2': -60}, {'48:8b:0a:f3:7b:02': -84}, {'48:8b:0a:f4:ff:82': -59}, {'84:f1:47:a8:73:c2': -87}, {'48:8b:0a:f4:27:e1': -72}, {'48:8b:0a:f4:fa:21': -85}, {'84:f1:47:a8:44:21': -87}, {'84:f1:47:a8:77:21': -85}, {'f0:1d:2d:a5:1d:c1': -60}, {'48:8b:0a:f4:ff:81': -59}, {'48:8b:0a:f3:7b:01': -84}, {'84:f1:47:a8:73:c1': -93}, {'48:8b:0a:f4:27:e0': -73}, {'48:8b:0a:f4:fa:20': -84}, {'f0:1d:2d:a5:1d:c0': -60}, {'48:8b:0a:f4:ff:80': -59}, {'48:8b:0a:f3:7b:00': -84}, {'84:f1:47:a8:73:c0': -87}, {'b0:95:75:bb:5d:e0': -86}, {'02:41:0e:f5:32:f4': -94}, {'32:13:8b:3e:57:39': -72}]"
21,47,"[{'48:8b:0a:f4:27:e3': -82}, {'84:f1:47:a8:44:23': -87}, {'84:f1:47:a8:77:23': -85}, {'f0:1d:2d:a5:1d:c3': -60}, {'48:8b:0a:f4:ff:83': -59}, {'48:8b:0a:f3:7b:03': -84}, {'48:8b:0a:f4:fa:23': -86}, {'84:f1:47:a8:73:c3': -93}, {'b0:95:75:bb:5d:e0': -86}, {'84:f1:47:a8:44:21': -87}, {'84:f1:47:a8:77:21': -85}, {'f0:1d:2d:a5:1d:c1': -60}, {'48:8b:0a:f4:ff:81': -59}, {'48:8b:0a:f3:7b:01': -84}, {'48:8b:0a:f4:fa:21': -85}, {'84:f1:47:a8:73:c1': -93}, {'48:8b:0a:f4:27:e1': -72}, {'84:f1:47:a8:77:22': -85}, {'f0:1d:2d:a5:1d:c2': -60}, {'48:8b:0a:f3:7b:02': -84}, {'48:8b:0a:f4:ff:82': -59}, {'48:8b:0a:f4:fa:22': -84}, {'84:f1:47:a8:73:c2': -87}, {'48:8b:0a:f4:27:e2': -72}, {'02:41:0e:f5:32:f4': -94}, {'32:13:8b:3e:57:39': -72}, {'f0:1d:2d:a5:1d:c0': -60}, {'48:8b:0a:f4:ff:80': -59}, {'48:8b:0a:f3:7b:00': -84}, {'48:8b:0a:f4:fa:20': -84}, {'84:f1:47:a8:73:c0': -87}, {'48:8b:0a:f4:27:e0': -73}]"
8,48,"[{'48:8b:0a:f4:27:e3': -74}, {'84:f1:47:a8:44:23': -87}, {'84:f1:47:a8:77:23': -85}, {'f0:1d:2d:a5:1d:c3': -60}, {'48:8b:0a:f4:ff:83': -59}, {'48:8b:0a:f3:7b:03': -84}, {'48:8b:0a:f4:fa:23': -86}, {'84:f1:47:a8:73:c3': -93}, {'b0:95:75:bb:5d:e0': -86}, {'84:f1:47:a8:44:21': -87}, {'84:f1:47:a8:77:21': -85}, {'f0:1d:2d:a5:1d:c1': -60}, {'48:8b:0a:f4:ff:81': -59}, {'48:8b:0a:f3:7b:01': -84}, {'48:8b:0a:f4:fa:21': -85}, {'84:f1:47:a8:73:c1': -93}, {'48:8b:0a:f4:27:e1': -72}, {'84:f1:47:a8:77:22': -85}, {'f0:1d:2d:a5:1d:c2': -60}, {'48:8b:0a:f3:7b:02': -84}, {'48:8b:0a:f4:ff:82': -59}, {'48:8b:0a:f4:fa:22': -84}, {'84:f1:47:a8:73:c2': -87}, {'48:8b:0a:f4:27:e2': -72}, {'02:41:0e:f5:32:f4': -94}, {'32:13:8b:3e:57:39': -72}, {'f0:1d:2d:a5:1d:c0': -60}, {'48:8b:0a:f4:ff:80': -59}, {'48:8b:0a:f3:7b:00': -84}, {'48:8b:0a:f4:fa:20': -84}, {'84:f1:47:a8:73:c0': -87}, {'48:8b:0a:f4:27:e0': -73}]"
9,48,"[{'48:8b:0a:f4:27:e3': -73}, {'84:f1:47:a8:73:c3': -95}, {'84:f1:47:a8:44:23': -94}, {'84:f1:47:a8:77:23': -87}, {'f0:1d:2d:a5:1d:c3': -59}, {'84:f1:47:a8:83:23': -86}, {'84:5a:3e:94:a4:83': -95}, {'48:8b:0a:f3:7b:03': -72}, {'48:8b:0a:f4:fa:23': -83}, {'84:f1:47:a8:73:c2': -95}, {'48:8b:0a:f4:27:e2': -73}, {'48:8b:0a:f4:fa:22': -83}, {'84:f1:47:a8:44:22': -95}, {'84:f1:47:a8:77:22': -87}, {'f0:1d:2d:a5:1d:c2': -59}, {'48:8b:0a:f4:ff:82': -84}, {'48:8b:0a:f3:7b:02': -72}, {'84:f1:47:a8:73:c1': -94}, {'48:8b:0a:f4:27:e1': -73}, {'48:8b:0a:f4:fa:21': -83}, {'84:f1:47:a8:44:21': -95}, {'f0:1d:2d:a5:1d:c1': -59}, {'84:f1:47:a8:77:21': -87}, {'48:8b:0a:f4:ff:81': -84}, {'48:8b:0a:f3:7b:01': -72}, {'84:f1:47:a8:73:c0': -95}, {'48:8b:0a:f4:27:e0': -73}, {'48:8b:0a:f4:fa:20': -83}, {'84:f1:47:a8:44:20': -94}, {'f0:1d:2d:a5:1d:c0': -59}, {'84:f1:47:a8:77:20': -87}, {'84:f1:47:a8:83:20': -85}, {'84:5a:3e:94:a4:80': -95}, {'48:8b:0a:f4:ff:80': -84}, {'48:8b:0a:f3:7b:00': -73}, {'b0:95:75:bb:5d:e0': -85}, {'90:32:4b:74:6e:ea': -98}, {'02:41:0e:be:ec:3c': -96}, {'32:13:8b:3e:57:39': -85}]"
10,48,"[{'48:8b:0a:f4:27:e3': -74}, {'84:f1:47:a8:77:23': -85}, {'f0:1d:2d:a5:1d:c3': -60}, {'48:8b:0a:f4:ff:83': -85}, {'84:f1:47:a8:83:23': -85}, {'48:8b:0a:f3:7b:03': -59}, {'48:8b:0a:f4:fa:23': -59}, {'84:f1:47:a8:73:c3': -94}, {'84:f1:47:a8:77:22': -86}, {'f0:1d:2d:a5:1d:c2': -60}, {'84:f1:47:a8:83:22': -84}, {'48:8b:0a:f4:ff:82': -85}, {'48:8b:0a:f3:7b:02': -59}, {'48:8b:0a:f4:27:e2': -85}, {'48:8b:0a:f4:fa:22': -59}, {'84:f1:47:a8:73:c2': -94}, {'84:f1:47:a8:73:c1': -94}, {'84:f1:47:a8:77:21': -86}, {'f0:1d:2d:a5:1d:c1': -60}, {'48:8b:0a:f4:ff:81': -85}, {'48:8b:0a:f3:7b:01': -59}, {'48:8b:0a:f4:27:e1': -74}, {'48:8b:0a:f4:fa:21': -60}, {'84:f1:47:a8:77:20': -86}, {'f0:1d:2d:a5:1d:c0': -60}, {'84:f1:47:a8:83:20': -85}, {'48:8b:0a:f4:ff:80': -85}, {'48:8b:0a:f3:7b:00': -59}, {'48:8b:0a:f4:27:e0': -82}, {'48:8b:0a:f4:fa:20': -59}, {'84:f1:47:a8:73:c0': -94}, {'b0:95:75:bb:5d:e0': -94}, {'32:13:8b:3e:57:39': -82}]"
11,48,"[{'48:8b:0a:f4:27:e3': -73}, {'84:f1:47:a8:77:23': -85}, {'f0:1d:2d:a5:1d:c3': -60}, {'48:8b:0a:f4:ff:83': -85}, {'84:f1:47:a8:83:23': -85}, {'48:8b:0a:f3:7b:03': -59}, {'48:8b:0a:f4:fa:23': -59}, {'84:f1:47:a8:73:c3': -94}, {'84:f1:47:a8:73:c1': -94}, {'84:f1:47:a8:77:21': -86}, {'f0:1d:2d:a5:1d:c1': -60}, {'48:8b:0a:f4:ff:81': -85}, {'48:8b:0a:f3:7b:01': -59}, {'48:8b:0a:f4:27:e1': -74}, {'48:8b:0a:f4:fa:21': -60}, {'b0:95:75:bb:5d:e0': -94}, {'84:f1:47:a8:77:22': -86}, {'f0:1d:2d:a5:1d:c2': -60}, {'84:f1:47:a8:83:22': -84}, {'48:8b:0a:f4:ff:82': -85}, {'48:8b:0a:f3:7b:02': -59}, {'48:8b:0a:f4:27:e2': -85}, {'48:8b:0a:f4:fa:22': -59}, {'84:f1:47:a8:73:c2': -94}, {'84:f1:47:a8:77:20': -86}, {'f0:1d:2d:a5:1d:c0': -60}, {'84:f1:47:a8:83:20': -85}, {'48:8b:0a:f4:ff:80': -85}, {'48:8b:0a:f3:7b:00': -59}, {'48:8b:0a:f4:27:e0': -82}, {'48:8b:0a:f4:fa:20': -59}, {'84:f1:47:a8:73:c0': -94}, {'32:13:8b:3e:57:39': -82}]"
12,48,"[{'48:8b:0a:f4:27:e3': -73}, {'84:f1:47:a8:73:c3': -94}, {'48:8b:0a:f4:fa:23': -73}, {'84:f1:47:a8:77:23': -85}, {'f0:1d:2d:a5:1d:c3': -59}, {'48:8b:0a:f3:7b:03': -83}, {'b0:95:75:bb:5d:e0': -85}, {'48:8b:0a:f4:fa:21': -74}, {'48:8b:0a:f4:27:e1': -73}, {'84:f1:47:a8:77:21': -86}, {'f0:1d:2d:a5:1d:c1': -59}, {'48:8b:0a:f3:7b:01': -83}, {'84:f1:47:a8:73:c1': -94}, {'84:f1:47:a8:73:c2': -94}, {'48:8b:0a:f4:fa:22': -74}, {'84:f1:47:a8:77:22': -85}, {'f0:1d:2d:a5:1d:c2': -59}, {'48:8b:0a:f3:7b:02': -83}, {'48:8b:0a:f4:27:e2': -73}, {'48:8b:0a:f4:fa:20': -83}, {'84:f1:47:a8:77:20': -86}, {'f0:1d:2d:a5:1d:c0': -60}, {'48:8b:0a:f3:7b:00': -83}, {'48:8b:0a:f4:27:e0': -73}, {'84:f1:47:a8:73:c0': -94}, {'32:13:8b:3e:57:39': -84}]"
13,48,"[{'48:8b:0a:f4:27:e3': -73}, {'48:8b:0a:f4:fa:23': -73}, {'f0:1d:2d:a5:1d:c3': -59}, {'84:f1:47:a8:77:23': -85}, {'48:8b:0a:f3:7b:03': -84}, {'48:8b:0a:f4:ff:83': -84}, {'84:f1:47:a8:73:c3': -94}, {'48:8b:0a:f4:27:e2': -72}, {'48:8b:0a:f4:fa:22': -74}, {'f0:1d:2d:a5:1d:c2': -59}, {'84:f1:47:a8:77:22': -86}, {'48:8b:0a:f3:7b:02': -83}, {'48:8b:0a:f4:ff:82': -83}, {'84:f1:47:a8:73:c2': -94}, {'48:8b:0a:f4:27:e1': -72}, {'48:8b:0a:f4:fa:21': -74}, {'84:f1:47:a8:73:c1': -94}, {'f0:1d:2d:a5:1d:c1': -59}, {'84:f1:47:a8:77:21': -85}, {'48:8b:0a:f3:7b:01': -82}, {'48:8b:0a:f4:ff:81': -83}, {'48:8b:0a:f4:27:e0': -72}, {'48:8b:0a:f4:fa:20': -74}, {'84:f1:47:a8:73:c0': -94}, {'f0:1d:2d:a5:1d:c0': -59}, {'84:f1:47:a8:77:20': -85}, {'48:8b:0a:f3:7b:00': -83}, {'48:8b:0a:f4:ff:80': -84}, {'b0:95:75:bb:5d:e0': -85}, {'32:13:8b:3e:57:39': -84}]"
14,48,"[{'48:8b:0a:f4:27:e3': -74}, {'48:8b:0a:f4:fa:23': -84}, {'84:f1:47:a8:73:c3': -93}, {'f0:1d:2d:a5:1d:c3': -59}, {'84:f1:47:a8:77:23': -83}, {'48:8b:0a:f4:ff:83': -85}, {'48:8b:0a:f3:7b:03': -74}, {'48:8b:0a:f4:fa:22': -85}, {'84:f1:47:a8:73:c2': -87}, {'48:8b:0a:f4:27:e2': -74}, {'84:f1:47:a8:44:22': -86}, {'f0:1d:2d:a5:1d:c2': -60}, {'84:f1:47:a8:77:22': -84}, {'48:8b:0a:f3:7b:02': -74}, {'48:8b:0a:f4:ff:82': -84}, {'48:8b:0a:f4:fa:21': -85}, {'84:f1:47:a8:73:c1': -87}, {'48:8b:0a:f4:27:e1': -74}, {'84:f1:47:a8:44:21': -86}, {'f0:1d:2d:a5:1d:c1': -60}, {'84:f1:47:a8:77:21': -84}, {'48:8b:0a:f4:ff:81': -85}, {'48:8b:0a:f3:7b:01': -74}, {'48:8b:0a:f4:fa:20': -84}, {'84:f1:47:a8:73:c0': -93}, {'48:8b:0a:f4:27:e0': -74}, {'84:f1:47:a8:44:20': -87}, {'f0:1d:2d:a5:1d:c0': -60}, {'84:f1:47:a8:77:20': -83}, {'48:8b:0a:f4:ff:80': -85}, {'48:8b:0a:f3:7b:00': -74}, {'b0:95:75:bb:5d:e0': -87}, {'32:13:8b:3e:57:39': -87}]"
15,48,"[{'48:8b:0a:f4:27:e3': -73}, {'48:8b:0a:f4:fa:23': -94}, {'f0:1d:2d:a5:1d:c3': -60}, {'84:f1:47:a8:77:23': -84}, {'48:8b:0a:f4:ff:83': -74}, {'48:8b:0a:f3:7b:03': -84}, {'84:f1:47:a8:73:c3': -94}, {'48:8b:0a:f4:fa:21': -94}, {'84:f1:47:a8:73:c1': -94}, {'48:8b:0a:f4:27:e1': -72}, {'84:f1:47:a8:44:21': -86}, {'f0:1d:2d:a5:1d:c1': -60}, {'84:f1:47:a8:77:21': -84}, {'48:8b:0a:f3:7b:01': -84}, {'b0:95:75:bb:5d:e0': -94}, {'84:f1:47:a8:73:c2': -94}, {'48:8b:0a:f4:27:e2': -72}, {'84:f1:47:a8:44:22': -86}, {'f0:1d:2d:a5:1d:c2': -60}, {'84:f1:47:a8:77:22': -84}, {'48:8b:0a:f3:7b:02': -84}, {'48:8b:0a:f4:fa:22': -95}, {'48:8b:0a:f4:27:e0': -72}, {'84:f1:47:a8:44:20': -86}, {'f0:1d:2d:a5:1d:c0': -60}, {'84:f1:47:a8:77:20': -84}, {'48:8b:0a:f3:7b:00': -83}, {'48:8b:0a:f4:fa:20': -95}, {'84:f1:47:a8:73:c0': -94}]"
16,48,"[{'48:8b:0a:f4:27:e3': -72}, {'84:f1:47:a8:73:c3': -94}, {'f0:1d:2d:a5:1d:c3': -72}, {'48:8b:0a:f3:7b:03': -86}, {'48:8b:0a:f4:ff:83': -83}, {'48:8b:0a:f4:fa:23': -94}, {'84:f1:47:a8:73:c1': -93}, {'48:8b:0a:f4:27:e1': -71}, {'f0:1d:2d:a5:1d:c1': -71}, {'84:f1:47:a8:77:21': -94}, {'48:8b:0a:f3:7b:01': -85}, {'48:8b:0a:f4:fa:21': -93}, {'b0:95:75:bb:5d:e0': -85}, {'84:f1:47:a8:73:c2': -93}, {'48:8b:0a:f4:27:e2': -71}, {'f0:1d:2d:a5:1d:c2': -72}, {'48:8b:0a:f4:ff:82': -83}, {'48:8b:0a:f3:7b:02': -86}, {'48:8b:0a:f4:fa:22': -93}, {'84:f1:47:a8:73:c0': -94}, {'48:8b:0a:f4:27:e0': -71}, {'f0:1d:2d:a5:1d:c0': -71}, {'84:f1:47:a8:77:20': -93}, {'48:8b:0a:f3:7b:00': -86}, {'48:8b:0a:f4:ff:80': -82}, {'48:8b:0a:f4:fa:20': -93}]"
17,48,"[{'48:8b:0a:f4:27:e3': -72}, {'48:8b:0a:f4:fa:23': -94}, {'f0:1d:2d:a5:1d:c3': -73}, {'48:8b:0a:f3:7b:03': -84}, {'48:8b:0a:f4:ff:83': -59}, {'84:f1:47:a8:73:c3': -95}, {'48:8b:0a:f4:27:e2': -73}, {'48:8b:0a:f4:fa:22': -93}, {'f0:1d:2d:a5:1d:c2': -73}, {'48:8b:0a:f3:7b:02': -85}, {'48:8b:0a:f4:ff:82': -59}, {'84:f1:47:a8:73:c2': -94}, {'48:8b:0a:f4:27:e1': -73}, {'48:8b:0a:f4:fa:21': -93}, {'f0:1d:2d:a5:1d:c1': -73}, {'48:8b:0a:f4:ff:81': -59}, {'84:f1:47:a8:73:c1': -94}, {'48:8b:0a:f4:27:e0': -73}, {'48:8b:0a:f4:fa:20': -94}, {'f0:1d:2d:a5:1d:c0': -73}, {'48:8b:0a:f3:7b:00': -85}, {'48:8b:0a:f4:ff:80': -59}, {'84:f1:47:a8:73:c0': -94}, {'b0:95:75:bb:5d:e0': -93}, {'32:13:8b:3e:57:39': -87}]"
18,48,"[{'48:8b:0a:f4:27:e3': -72}, {'f0:1d:2d:a5:1d:c3': -73}, {'48:8b:0a:f3:7b:03': -84}, {'48:8b:0a:f4:ff:83': -59}, {'48:8b:0a:f4:fa:23': -94}, {'84:f1:47:a8:73:c3': -95}, {'f0:1d:2d:a5:1d:c2': -73}, {'48:8b:0a:f3:7b:02': -85}, {'48:8b:0a:f4:ff:82': -59}, {'48:8b:0a:f4:fa:22': -93}, {'84:f1:47:a8:73:c2': -94}, {'48:8b:0a:f4:27:e2': -73}, {'f0:1d:2d:a5:1d:c1': -73}, {'48:8b:0a:f4:ff:81': -59}, {'48:8b:0a:f4:fa:21': -93}, {'84:f1:47:a8:73:c1': -94}, {'48:8b:0a:f4:27:e1': -73}, {'32:13:8b:3e:57:39': -87}, {'f0:1d:2d:a5:1d:c0': -73}, {'48:8b:0a:f3:7b:00': -85}, {'48:8b:0a:f4:ff:80': -59}, {'48:8b:0a:f4:fa:20': -94}, {'84:f1:47:a8:73:c0': -94}, {'48:8b:0a:f4:27:e0': -73}, {'b0:95:75:bb:5d:e0': -93}]"
19,48,"[{'48:8b:0a:f4:27:e3': -73}, {'48:8b:0a:f4:fa:23': -85}, {'84:f1:47:a8:73:c3': -94}, {'84:f1:47:a8:77:23': -86}, {'f0:1d:2d:a5:1d:c3': -60}, {'48:8b:0a:f4:ff:83': -60}, {'84:5a:3e:94:a4:83': -84}, {'48:8b:0a:f4:fa:22': -85}, {'84:f1:47:a8:73:c2': -94}, {'48:8b:0a:f4:27:e2': -72}, {'84:f1:47:a8:77:22': -87}, {'f0:1d:2d:a5:1d:c2': -60}, {'48:8b:0a:f4:ff:82': -71}, {'84:5a:3e:94:a4:82': -85}, {'48:8b:0a:f4:fa:21': -85}, {'84:f1:47:a8:73:c1': -93}, {'48:8b:0a:f4:27:e1': -72}, {'84:f1:47:a8:77:21': -87}, {'f0:1d:2d:a5:1d:c1': -60}, {'48:8b:0a:f4:ff:81': -60}, {'84:5a:3e:94:a4:81': -84}, {'48:8b:0a:f4:fa:20': -85}, {'84:f1:47:a8:73:c0': -87}, {'48:8b:0a:f4:27:e0': -72}, {'84:f1:47:a8:77:20': -86}, {'f0:1d:2d:a5:1d:c0': -60}, {'48:8b:0a:f4:ff:80': -71}, {'84:5a:3e:94:a4:80': -85}, {'b0:95:75:bb:5d:e0': -84}, {'32:13:8b:3e:57:39': -82}]"
20,48,"[{'48:8b:0a:f4:27:e3': -73}, {'f0:1d:2d:a5:1d:c3': -59}, {'84:f1:47:a8:77:23': -87}, {'48:8b:0a:f4:ff:83': -60}, {'84:5a:3e:94:a4:83': -86}, {'48:8b:0a:f3:7b:03': -87}, {'48:8b:0a:f4:fa:23': -94}, {'84:f1:47:a8:73:c3': -95}, {'48:8b:0a:f4:27:e0': -72}, {'f0:1d:2d:a5:1d:c0': -59}, {'84:f1:47:a8:77:20': -93}, {'84:5a:3e:94:a4:80': -86}, {'48:8b:0a:f3:7b:00': -87}, {'48:8b:0a:f4:ff:80': -60}, {'84:f1:47:a8:73:c0': -95}, {'48:8b:0a:f4:27:e2': -72}, {'f0:1d:2d:a5:1d:c2': -59}, {'84:5a:3e:94:a4:82': -86}, {'48:8b:0a:f3:7b:02': -87}, {'48:8b:0a:f4:ff:82': -60}, {'48:8b:0a:f4:fa:22': -94}, {'84:f1:47:a8:73:c2': -95}, {'48:8b:0a:f4:27:e1': -72}, {'f0:1d:2d:a5:1d:c1': -59}, {'84:5a:3e:94:a4:81': -86}, {'48:8b:0a:f3:7b:01': -87}, {'48:8b:0a:f4:ff:81': -60}, {'48:8b:0a:f4:fa:21': -94}, {'84:f1:47:a8:73:c1': -95}, {'32:13:8b:3e:57:39': -94}]"
21,48,"[{'48:8b:0a:f4:27:e3': -74}, {'84:f1:47:a8:44:23': -95}, {'84:f1:47:a8:77:23': -95}, {'f0:1d:2d:a5:1d:c3': -83}, {'48:8b:0a:f3:7b:03': -73}, {'48:8b:0a:f4:ff:83': -59}, {'b0:95:75:bb:5d:e0': -94}, {'84:f1:47:a8:44:22': -95}, {'84:f1:47:a8:77:22': -95}, {'f0:1d:2d:a5:1d:c2': -83}, {'48:8b:0a:f4:ff:82': -59}, {'48:8b:0a:f3:7b:02': -73}, {'48:8b:0a:f4:27:e2': -83}, {'84:f1:47:a8:44:21': -95}, {'84:f1:47:a8:77:21': -95}, {'f0:1d:2d:a5:1d:c1': -83}, {'48:8b:0a:f3:7b:01': -73}, {'48:8b:0a:f4:27:e1': -83}, {'84:f1:47:a8:44:20': -95}, {'84:f1:47:a8:77:20': -95}, {'f0:1d:2d:a5:1d:c0': -82}, {'48:8b:0a:f3:7b:00': -72}, {'48:8b:0a:f4:ff:80': -59}, {'48:8b:0a:f4:27:e0': -82}, {'32:13:8b:3e:57:39': -86}]"
8,49,"[{'48:8b:0a:f4:27:e3': -74}, {'48:8b:0a:f4:fa:23': -82}, {'f0:1d:2d:a5:1d:c3': -59}, {'84:f1:47:a8:83:23': -85}, {'84:f1:47:a8:36:c3': -94}, {'48:8b:0a:f4:27:e2': -74}, {'48:8b:0a:f4:fa:22': -82}, {'f0:1d:2d:a5:1d:c2': -59}, {'84:f1:47:a8:83:22': -85}, {'48:8b:0a:f3:7b:02': -73}, {'84:f1:47:a8:36:c2': -93}, {'48:8b:0a:f4:27:e1': -83}, {'48:8b:0a:f4:fa:21': -82}, {'f0:1d:2d:a5:1d:c1': -59}, {'48:8b:0a:f3:7b:01': -73}, {'48:8b:0a:f4:27:e0': -73}, {'48:8b:0a:f4:fa:20': -82}, {'f0:1d:2d:a5:1d:c0': -59}, {'84:f1:47:a8:83:20': -85}, {'48:8b:0a:f3:7b:00': -73}, {'b0:95:75:bb:5d:e0': -94}, {'32:13:8b:3e:57:39': -73}]"
9,49,"[{'48:8b:0a:f4:27:e3': -74}, {'f0:1d:2d:a5:1d:c3': -59}, {'84:f1:47:a8:83:23': -85}, {'84:f1:47:a8:36:c3': -94}, {'48:8b:0a:f4:fa:23': -82}, {'b0:95:75:bb:5d:e0': -94}, {'f0:1d:2d:a5:1d:c2': -59}, {'84:f1:47:a8:83:22': -85}, {'48:8b:0a:f3:7b:02': -73}, {'84:f1:47:a8:36:c2': -93}, {'48:8b:0a:f4:27:e2': -74}, {'48:8b:0a:f4:fa:22': -82}, {'f0:1d:2d:a5:1d:c1': -59}, {'48:8b:0a:f3:7b:01': -73}, {'48:8b:0a:f4:27:e1': -83}, {'48:8b:0a:f4:fa:21': -82}, {'f0:1d:2d:a5:1d:c0': -59}, {'84:f1:47:a8:83:20': -85}, {'48:8b:0a:f3:7b:00': -73}, {'48:8b:0a:f4:27:e0': -73}, {'48:8b:0a:f4:fa:20': -82}, {'32:13:8b:3e:57:39': -73}]"
10,49,"[{'48:8b:0a:f4:27:e3': -74}, {'48:8b:0a:f4:fa:23': -74}, {'84:f1:47:a8:77:23': -85}, {'f0:1d:2d:a5:1d:c3': -71}, {'84:f1:47:a8:83:23': -86}, {'48:8b:0a:f3:7b:03': -72}, {'48:8b:0a:f4:27:e2': -83}, {'48:8b:0a:f4:fa:22': -74}, {'84:f1:47:a8:77:22': -85}, {'f0:1d:2d:a5:1d:c2': -71}, {'84:f1:47:a8:83:22': -85}, {'48:8b:0a:f4:ff:82': -93}, {'48:8b:0a:f3:7b:02': -73}, {'48:8b:0a:f4:27:e1': -83}, {'48:8b:0a:f4:fa:21': -74}, {'84:f1:47:a8:77:21': -84}, {'f0:1d:2d:a5:1d:c1': -60}, {'84:f1:47:a8:83:21': -86}, {'48:8b:0a:f4:ff:81': -94}, {'48:8b:0a:f3:7b:01': -72}, {'48:8b:0a:f4:27:e0': -83}, {'48:8b:0a:f4:fa:20': -74}, {'84:f1:47:a8:77:20': -85}, {'f0:1d:2d:a5:1d:c0': -60}, {'84:f1:47:a8:44:20': -94}, {'84:f1:47:a8:83:20': -85}, {'48:8b:0a:f4:ff:80': -87}, {'48:8b:0a:f3:7b:00': -72}, {'b0:95:75:bb:5d:e0': -86}, {'32:13:8b:3e:57:39': -74}, {'1a:bd:dc:3d:5a:3b': -95}]"
11,49,"[{'48:8b:0a:f4:27:e3': -83}, {'48:8b:0a:f4:fa:23': -73}, {'84:f1:47:a8:77:23': -84}, {'f0:1d:2d:a5:1d:c3': -59}, {'84:f1:47:a8:83:23': -94}, {'48:8b:0a:f4:ff:83': -85}, {'48:8b:0a:f3:7b:03': -73}, {'48:8b:0a:f4:fa:22': -73}, {'48:8b:0a:f4:27:e2': -84}, {'84:f1:47:a8:77:22': -85}, {'f0:1d:2d:a5:1d:c2': -59}, {'48:8b:0a:f4:ff:82': -85}, {'48:8b:0a:f3:7b:02': -74}, {'48:8b:0a:f4:fa:21': -73}, {'48:8b:0a:f4:27:e1': -84}, {'84:f1:47:a8:77:21': -84}, {'f0:1d:2d:a5:1d:c1': -59}, {'84:f1:47:a8:83:21': -86}, {'48:8b:0a:f4:ff:81': -86}, {'48:8b:0a:f3:7b:01': -74}, {'48:8b:0a:f4:fa:20': -73}, {'48:8b:0a:f4:27:e0': -84}, {'84:f1:47:a8:77:20': -85}, {'f0:1d:2d:a5:1d:c0': -59}, {'84:f1:47:a8:83:20': -94}, {'48:8b:0a:f4:ff:80': -85}, {'48:8b:0a:f3:7b:00': -74}, {'32:13:8b:3e:57:39': -85}, {'b0:95:75:bb:5d:e0': -84}]"
12,49,"[{'48:8b:0a:f4:27:e3': -73}, {'48:8b:0a:f4:fa:23': -74}, {'f0:1d:2d:a5:1d:c3': -59}, {'84:f1:47:a8:77:23': -93}, {'48:8b:0a:f3:7b:03': -74}, {'48:8b:0a:f4:fa:22': -82}, {'48:8b:0a:f4:27:e2': -74}, {'f0:1d:2d:a5:1d:c2': -59}, {'84:f1:47:a8:77:22': -87}, {'48:8b:0a:f3:7b:02': -74}, {'48:8b:0a:f4:ff:82': -86}, {'48:8b:0a:f4:fa:21': -82}, {'48:8b:0a:f4:27:e1': -74}, {'f0:1d:2d:a5:1d:c1': -59}, {'84:f1:47:a8:77:21': -87}, {'48:8b:0a:f3:7b:01': -74}, {'48:8b:0a:f4:fa:20': -82}, {'48:8b:0a:f4:27:e0': -74}, {'f0:1d:2d:a5:1d:c0': -59}, {'84:f1:47:a8:77:20': -87}, {'48:8b:0a:f3:7b:00': -74}, {'48:8b:0a:f4:ff:80': -86}, {'32:13:8b:3e:57:39': -84}, {'b0:95:75:bb:5d:e0': -84}]"
13,49,"[{'48:8b:0a:f4:27:e3': -73}, {'48:8b:0a:f4:fa:23': -74}, {'84:f1:47:a8:73:c3': -86}, {'84:f1:47:a8:77:23': -86}, {'f0:1d:2d:a5:1d:c3': -59}, {'84:f1:47:a8:83:23': -93}, {'48:8b:0a:f4:ff:83': -86}, {'84:5a:3e:94:a4:83': -94}, {'48:8b:0a:f3:7b:03': -84}, {'84:f1:47:a8:73:c1': -86}, {'48:8b:0a:f4:fa:21': -74}, {'84:f1:47:a8:77:21': -86}, {'f0:1d:2d:a5:1d:c1': -59}, {'48:8b:0a:f4:ff:81': -86}, {'84:5a:3e:94:a4:81': -94}, {'48:8b:0a:f3:7b:01': -85}, {'48:8b:0a:f4:27:e1': -84}, {'b0:95:75:bb:5d:e0': -86}, {'48:8b:0a:f4:fa:22': -74}, {'84:f1:47:a8:73:c2': -86}, {'f0:1d:2d:a5:1d:c2': -59}, {'84:f1:47:a8:44:22': -94}, {'48:8b:0a:f4:ff:82': -86}, {'84:5a:3e:94:a4:82': -94}, {'48:8b:0a:f3:7b:02': -84}, {'48:8b:0a:f4:27:e2': -84}, {'48:8b:0a:f4:fa:20': -74}, {'84:f1:47:a8:73:c0': -86}, {'84:f1:47:a8:77:20': -86}, {'f0:1d:2d:a5:1d:c0': -59}, {'84:f1:47:a8:83:20': -94}, {'48:8b:0a:f4:ff:80': -85}, {'84:5a:3e:94:a4:80': -94}, {'48:8b:0a:f3:7b:00': -84}, {'48:8b:0a:f4:27:e0': -83}, {'32:13:8b:3e:57:39': -86}]"
14,49,"[{'48:8b:0a:f4:27:e3': -73}, {'84:f1:47:a8:44:23': -85}, {'84:f1:47:a8:77:23': -85}, {'f0:1d:2d:a5:1d:c3': -59}, {'48:8b:0a:f3:7b:03': -74}, {'48:8b:0a:f4:ff:83': -83}, {'84:f1:47:a8:73:c3': -94}, {'48:8b:0a:f4:fa:23': -94}, {'b0:95:75:bb:5d:e0': -86}, {'48:8b:0a:f4:27:e2': -74}, {'84:f1:47:a8:44:22': -86}, {'84:f1:47:a8:77:22': -84}, {'f0:1d:2d:a5:1d:c2': -59}, {'48:8b:0a:f3:7b:02': -74}, {'48:8b:0a:f4:ff:82': -84}, {'48:8b:0a:f4:fa:22': -94}, {'84:f1:47:a8:73:c2': -94}, {'48:8b:0a:f4:27:e1': -73}, {'84:f1:47:a8:44:21': -87}, {'84:f1:47:a8:77:21': -84}, {'f0:1d:2d:a5:1d:c1': -59}, {'48:8b:0a:f3:7b:01': -74}, {'48:8b:0a:f4:ff:81': -84}, {'48:8b:0a:f4:fa:21': -94}, {'84:f1:47:a8:73:c1': -93}, {'48:8b:0a:f4:27:e0': -73}, {'84:f1:47:a8:44:20': -86}, {'84:f1:47:a8:77:20': -84}, {'f0:1d:2d:a5:1d:c0': -59}, {'48:8b:0a:f3:7b:00': -74}, {'48:8b:0a:f4:ff:80': -84}, {'48:8b:0a:f4:fa:20': -94}, {'84:f1:47:a8:73:c0': -94}, {'32:13:8b:3e:57:39': -82}]"
15,49,"[{'b0:95:75:bb:5d:e0': -94}, {'84:f1:47:a8:73:c2': -94}, {'48:8b:0a:f4:27:e2': -73}, {'48:8b:0a:f4:fa:22': -94}, {'84:f1:47:a8:44:22': -94}, {'48:8b:0a:f5:24:22': -96}, {'84:f1:47:a8:77:22': -84}, {'f0:1d:2d:a5:1d:c2': -59}, {'48:8b:0a:f3:7b:02': -83}, {'84:f1:47:a8:83:22': -95}, {'48:8b:0a:f4:ff:82': -84}, {'84:5a:3e:94:a4:82': -94}, {'84:f1:47:a8:73:c0': -94}, {'48:8b:0a:f4:27:e0': -73}, {'48:8b:0a:f4:fa:20': -95}, {'84:f1:47:a8:44:20': -94}, {'84:f1:47:a8:77:20': -84}, {'f0:1d:2d:a5:1d:c0': -59}, {'48:8b:0a:f3:7b:00': -83}, {'84:f1:47:a8:83:20': -95}, {'48:8b:0a:f4:ff:80': -84}, {'84:5a:3e:94:a4:80': -94}, {'84:f1:47:a8:73:c1': -94}, {'48:8b:0a:f4:27:e1': -73}, {'48:8b:0a:f4:fa:21': -94}, {'84:f1:47:a8:44:21': -94}, {'84:f1:47:a8:77:21': -84}, {'f0:1d:2d:a5:1d:c1': -59}, {'48:8b:0a:f3:7b:01': -83}, {'84:f1:47:a8:83:21': -95}, {'48:8b:0a:f4:ff:81': -85}, {'84:5a:3e:94:a4:81': -94}, {'48:8b:0a:f4:27:e3': -72}, {'84:f1:47:a8:73:c3': -94}, {'84:f1:47:a8:44:23': -94}, {'84:f1:47:a8:77:23': -84}, {'f0:1d:2d:a5:1d:c3': -59}, {'48:8b:0a:f3:7b:03': -83}, {'48:8b:0a:f2:3a:c3': -97}, {'84:f1:47:a8:83:23': -96}, {'48:8b:0a:f4:ff:83': -85}, {'84:5a:3e:94:a4:83': -94}, {'48:8b:0a:f4:fa:23': -95}, {'02:41:0e:be:ec:3c': -96}, {'02:41:0e:f5:32:f4': -95}, {'32:13:8b:3e:57:39': -84}, {'fa:23:37:3f:ca:97': -97}]"
16,49,"[{'48:8b:0a:f4:27:e3': -73}, {'48:8b:0a:f4:fa:23': -94}, {'f0:1d:2d:a5:1d:c3': -55}, {'48:8b:0a:f4:ff:83': -82}, {'48:8b:0a:f3:7b:03': -83}, {'48:8b:0a:f4:27:e2': -71}, {'48:8b:0a:f4:fa:22': -94}, {'f0:1d:2d:a5:1d:c2': -55}, {'48:8b:0a:f4:ff:82': -82}, {'48:8b:0a:f3:7b:02': -83}, {'48:8b:0a:f4:27:e1': -72}, {'48:8b:0a:f4:fa:21': -94}, {'f0:1d:2d:a5:1d:c1': -55}, {'48:8b:0a:f4:ff:81': -82}, {'48:8b:0a:f3:7b:01': -83}, {'48:8b:0a:f4:27:e0': -72}, {'f0:1d:2d:a5:1d:c0': -55}, {'48:8b:0a:f4:ff:80': -74}, {'48:8b:0a:f3:7b:00': -82}, {'b0:95:75:bb:5d:e0': -93}]"
17,49,"[{'48:8b:0a:f4:27:e3': -73}, {'48:8b:0a:f4:fa:23': -94}, {'84:f1:47:a8:73:c3': -95}, {'f0:1d:2d:a5:1d:c3': -74}, {'84:f1:47:a8:77:23': -86}, {'48:8b:0a:f3:7b:03': -86}, {'48:8b:0a:f4:ff:83': -73}, {'48:8b:0a:f4:fa:21': -94}, {'84:f1:47:a8:73:c1': -95}, {'48:8b:0a:f4:27:e1': -73}, {'f0:1d:2d:a5:1d:c1': -73}, {'84:f1:47:a8:77:21': -86}, {'48:8b:0a:f3:7b:01': -86}, {'48:8b:0a:f4:ff:81': -73}, {'48:8b:0a:f4:fa:20': -94}, {'84:f1:47:a8:73:c0': -95}, {'48:8b:0a:f4:27:e0': -73}, {'f0:1d:2d:a5:1d:c0': -74}, {'84:f1:47:a8:77:20': -86}, {'48:8b:0a:f3:7b:00': -85}, {'48:8b:0a:f4:ff:80': -73}, {'84:f1:47:a8:73:c2': -95}, {'48:8b:0a:f4:27:e2': -72}, {'f0:1d:2d:a5:1d:c2': -74}, {'84:f1:47:a8:77:22': -87}, {'48:8b:0a:f3:7b:02': -86}, {'48:8b:0a:f4:ff:82': -73}, {'b0:95:75:bb:5d:e0': -93}, {'32:13:8b:3e:57:39': -87}, {'02:41:0e:f5:32:f4': -94}]"
18,49,"[{'48:8b:0a:f4:27:e3': -72}, {'48:8b:0a:f4:fa:23': -94}, {'84:f1:47:a8:73:c3': -95}, {'84:f1:47:a8:77:23': -86}, {'f0:1d:2d:a5:1d:c3': -74}, {'48:8b:0a:f4:ff:83': -73}, {'48:8b:0a:f3:7b:03': -86}, {'48:8b:0a:f4:fa:21': -94}, {'84:f1:47:a8:73:c1': -95}, {'84:f1:47:a8:77:21': -86}, {'f0:1d:2d:a5:1d:c1': -73}, {'48:8b:0a:f3:7b:01': -86}, {'48:8b:0a:f4:ff:81': -73}, {'48:8b:0a:f4:27:e1': -73}, {'48:8b:0a:f4:fa:20': -94}, {'84:f1:47:a8:73:c0': -95}, {'84:f1:47:a8:77:20': -86}, {'f0:1d:2d:a5:1d:c0': -74}, {'48:8b:0a:f3:7b:00': -85}, {'48:8b:0a:f4:ff:80': -73}, {'48:8b:0a:f4:27:e0': -73}, {'84:f1:47:a8:73:c2': -95}, {'84:f1:47:a8:77:22': -87}, {'f0:1d:2d:a5:1d:c2': -74}, {'48:8b:0a:f3:7b:02': -86}, {'48:8b:0a:f4:ff:82': -73}, {'48:8b:0a:f4:27:e2': -72}, {'32:13:8b:3e:57:39': -87}, {'02:41:0e:f5:32:f4': -94}, {'b0:95:75:bb:5d:e0': -93}]"
19,49,"[{'48:8b:0a:f4:27:e3': -60}, {'48:8b:0a:f4:fa:23': -87}, {'f0:1d:2d:a5:1d:c3': -71}, {'48:8b:0a:f4:ff:83': -58}, {'84:f1:47:a8:73:c3': -94}, {'48:8b:0a:f4:27:e2': -60}, {'48:8b:0a:f4:fa:22': -87}, {'84:f1:47:a8:77:22': -85}, {'f0:1d:2d:a5:1d:c2': -71}, {'48:8b:0a:f4:ff:82': -58}, {'84:f1:47:a8:73:c2': -94}, {'48:8b:0a:f4:27:e1': -60}, {'48:8b:0a:f4:fa:21': -93}, {'f0:1d:2d:a5:1d:c1': -71}, {'48:8b:0a:f4:ff:81': -58}, {'84:f1:47:a8:73:c1': -94}, {'48:8b:0a:f4:27:e0': -60}, {'48:8b:0a:f4:fa:20': -87}, {'f0:1d:2d:a5:1d:c0': -71}, {'48:8b:0a:f4:ff:80': -58}, {'84:f1:47:a8:73:c0': -94}, {'b0:95:75:bb:5d:e0': -74}, {'32:13:8b:3e:57:39': -83}]"
20,49,"[{'48:8b:0a:f4:27:e3': -73}, {'84:f1:47:a8:73:c3': -93}, {'f0:1d:2d:a5:1d:c3': -59}, {'84:f1:47:a8:77:23': -85}, {'48:8b:0a:f4:ff:83': -60}, {'84:f1:47:a8:73:c2': -94}, {'48:8b:0a:f4:27:e2': -74}, {'84:f1:47:a8:44:22': -95}, {'84:f1:47:a8:77:22': -85}, {'f0:1d:2d:a5:1d:c2': -59}, {'48:8b:0a:f4:ff:82': -59}, {'84:f1:47:a8:73:c1': -93}, {'48:8b:0a:f4:27:e1': -74}, {'84:f1:47:a8:44:21': -96}, {'f0:1d:2d:a5:1d:c1': -59}, {'84:f1:47:a8:77:21': -85}, {'48:8b:0a:f4:ff:81': -60}, {'48:8b:0a:f4:fa:21': -95}, {'84:f1:47:a8:73:c0': -94}, {'48:8b:0a:f4:27:e0': -73}, {'f0:1d:2d:a5:1d:c0': -59}, {'84:f1:47:a8:77:20': -85}, {'48:8b:0a:f4:ff:80': -60}, {'48:8b:0a:f4:fa:20': -95}, {'b0:95:75:bb:5d:e0': -95}, {'32:13:8b:3e:57:39': -87}]"
21,49,"[{'48:8b:0a:f4:27:e3': -82}, {'48:8b:0a:f4:fa:23': -95}, {'f0:1d:2d:a5:1d:c3': -72}, {'84:f1:47:a8:77:23': -94}, {'48:8b:0a:f3:7b:03': -87}, {'48:8b:0a:f4:ff:83': -60}, {'84:5a:3e:94:a4:83': -95}, {'48:8b:0a:f4:fa:22': -94}, {'48:8b:0a:f4:27:e2': -74}, {'f0:1d:2d:a5:1d:c2': -72}, {'84:f1:47:a8:77:22': -94}, {'48:8b:0a:f3:7b:02': -87}, {'48:8b:0a:f4:ff:82': -60}, {'84:5a:3e:94:a4:82': -95}, {'48:8b:0a:f4:fa:21': -95}, {'48:8b:0a:f4:27:e1': -82}, {'f0:1d:2d:a5:1d:c1': -72}, {'84:f1:47:a8:44:21': -95}, {'84:f1:47:a8:77:21': -94}, {'48:8b:0a:f3:7b:01': -93}, {'84:5a:3e:94:a4:81': -95}, {'48:8b:0a:f4:fa:20': -95}, {'48:8b:0a:f4:27:e0': -74}, {'f0:1d:2d:a5:1d:c0': -72}, {'84:f1:47:a8:44:20': -95}, {'84:f1:47:a8:77:20': -94}, {'48:8b:0a:f3:7b:00': -86}, {'b0:95:75:bb:5d:e0': -94}, {'32:13:8b:3e:57:39': -94}]"
8,50,"[{'32:13:8b:3e:57:39': -83}, {'f0:1d:2d:a5:1d:c3': -60}, {'48:8b:0a:f4:fa:23': -73}, {'84:f1:47:a8:73:c3': -94}, {'48:8b:0a:f4:27:e3': -84}, {'84:f1:47:a8:36:c3': -86}, {'84:f1:47:a8:83:23': -84}, {'48:8b:0a:f3:7b:03': -73}, {'84:f1:47:a8:44:23': -94}, {'f0:1d:2d:a5:1d:c2': -60}, {'48:8b:0a:f4:fa:22': -82}, {'84:f1:47:a8:73:c2': -95}, {'48:8b:0a:f4:27:e2': -85}, {'48:8b:0a:f3:7b:02': -73}, {'84:f1:47:a8:36:c2': -86}, {'84:f1:47:a8:83:22': -84}, {'84:f1:47:a8:44:22': -94}, {'f0:1d:2d:a5:1d:c1': -60}, {'48:8b:0a:f4:fa:21': -82}, {'84:f1:47:a8:73:c1': -94}, {'48:8b:0a:f4:27:e1': -85}, {'84:f1:47:a8:83:21': -84}, {'48:8b:0a:f3:7b:01': -73}, {'48:8b:0a:f4:ff:81': -86}, {'84:f1:47:a8:44:21': -94}, {'f0:1d:2d:a5:1d:c0': -60}, {'48:8b:0a:f4:fa:20': -82}, {'84:f1:47:a8:73:c0': -94}, {'48:8b:0a:f4:27:e0': -85}, {'84:f1:47:a8:36:c0': -86}, {'84:f1:47:a8:83:20': -84}, {'48:8b:0a:f3:7b:00': -73}, {'48:8b:0a:f4:ff:80': -86}, {'84:f1:47:a8:44:20': -94}, {'02:41:0e:f5:32:f4': -93}]"
9,50,"[{'f0:1d:2d:a5:1d:c3': -72}, {'84:f1:47:a8:73:c3': -94}, {'48:8b:0a:f4:fa:23': -73}, {'48:8b:0a:f4:27:e3': -84}, {'84:f1:47:a8:36:c3': -86}, {'84:f1:47:a8:83:23': -84}, {'48:8b:0a:f3:7b:03': -73}, {'84:f1:47:a8:44:23': -94}, {'48:8b:0a:f4:fa:22': -82}, {'84:f1:47:a8:73:c2': -95}, {'48:8b:0a:f4:27:e2': -85}, {'48:8b:0a:f3:7b:02': -73}, {'84:f1:47:a8:36:c2': -86}, {'84:f1:47:a8:83:22': -84}, {'f0:1d:2d:a5:1d:c2': -60}, {'84:f1:47:a8:44:22': -94}, {'84:f1:47:a8:73:c1': -94}, {'48:8b:0a:f4:fa:21': -82}, {'48:8b:0a:f4:27:e1': -85}, {'84:f1:47:a8:83:21': -84}, {'48:8b:0a:f4:ff:81': -86}, {'48:8b:0a:f3:7b:01': -73}, {'f0:1d:2d:a5:1d:c1': -60}, {'84:f1:47:a8:44:21': -94}, {'84:f1:47:a8:73:c0': -94}, {'48:8b:0a:f4:fa:20': -82}, {'48:8b:0a:f4:27:e0': -85}, {'84:f1:47:a8:36:c0': -86}, {'84:f1:47:a8:83:20': -84}, {'48:8b:0a:f4:ff:80': -86}, {'48:8b:0a:f3:7b:00': -73}, {'f0:1d:2d:a5:1d:c0': -60}, {'84:f1:47:a8:44:20': -94}, {'32:13:8b:3e:57:39': -83}, {'02:41:0e:f5:32:f4': -93}]"
10,50,"[{'f0:1d:2d:a5:1d:c3': -59}, {'84:f1:47:a8:77:23': -87}, {'48:8b:0a:f4:27:e3': -74}, {'48:8b:0a:f4:fa:23': -60}, {'84:f1:47:a8:83:23': -83}, {'48:8b:0a:f3:7b:03': -83}, {'84:f1:47:a8:44:23': -94}, {'84:f1:47:a8:77:22': -87}, {'f0:1d:2d:a5:1d:c2': -60}, {'48:8b:0a:f4:27:e2': -74}, {'48:8b:0a:f4:fa:22': -60}, {'84:f1:47:a8:83:22': -83}, {'48:8b:0a:f3:7b:02': -83}, {'84:f1:47:a8:44:22': -94}, {'84:f1:47:a8:77:21': -86}, {'f0:1d:2d:a5:1d:c1': -60}, {'48:8b:0a:f4:27:e1': -74}, {'48:8b:0a:f4:fa:21': -60}, {'84:f1:47:a8:83:21': -83}, {'48:8b:0a:f3:7b:01': -83}, {'84:f1:47:a8:44:21': -95}, {'84:f1:47:a8:77:20': -85}, {'f0:1d:2d:a5:1d:c0': -60}, {'48:8b:0a:f4:27:e0': -74}, {'48:8b:0a:f4:fa:20': -60}, {'84:f1:47:a8:83:20': -83}, {'48:8b:0a:f3:7b:00': -83}, {'02:41:0e:f5:32:f4': -94}, {'32:13:8b:3e:57:39': -86}, {'b0:95:75:bb:5d:e0': -94}, {'02:41:0e:be:ec:3c': -95}]"
11,50,"[{'f0:1d:2d:a5:1d:c3': -59}, {'84:f1:47:a8:44:23': -94}, {'84:f1:47:a8:77:23': -85}, {'48:8b:0a:f4:fa:23': -71}, {'84:f1:47:a8:73:c3': -95}, {'48:8b:0a:f4:27:e3': -74}, {'48:8b:0a:f3:7b:03': -86}, {'84:f1:47:a8:44:22': -87}, {'84:f1:47:a8:77:22': -86}, {'f0:1d:2d:a5:1d:c2': -59}, {'48:8b:0a:f4:fa:22': -71}, {'48:8b:0a:f4:27:e2': -74}, {'48:8b:0a:f3:7b:02': -86}, {'84:f1:47:a8:44:21': -87}, {'84:f1:47:a8:77:21': -86}, {'f0:1d:2d:a5:1d:c1': -59}, {'48:8b:0a:f4:fa:21': -71}, {'48:8b:0a:f4:27:e1': -74}, {'48:8b:0a:f3:7b:01': -86}, {'84:f1:47:a8:44:20': -87}, {'84:f1:47:a8:77:20': -85}, {'f0:1d:2d:a5:1d:c0': -59}, {'48:8b:0a:f4:fa:20': -71}, {'48:8b:0a:f4:27:e0': -74}, {'84:5a:3e:94:a4:80': -96}, {'48:8b:0a:f3:7b:00': -87}, {'32:13:8b:3e:57:39': -84}]"
12,50,"[{'f0:1d:2d:a5:1d:c3': -59}, {'84:f1:47:a8:77:23': -85}, {'48:8b:0a:f4:fa:23': -84}, {'48:8b:0a:f4:27:e3': -74}, {'48:8b:0a:f3:7b:03': -85}, {'84:f1:47:a8:83:23': -86}, {'84:f1:47:a8:77:22': -86}, {'f0:1d:2d:a5:1d:c2': -59}, {'48:8b:0a:f4:27:e2': -73}, {'48:8b:0a:f4:fa:22': -84}, {'48:8b:0a:f3:7b:02': -85}, {'48:8b:0a:f4:ff:82': -86}, {'84:f1:47:a8:83:22': -86}, {'84:f1:47:a8:77:21': -85}, {'f0:1d:2d:a5:1d:c1': -60}, {'48:8b:0a:f4:fa:21': -84}, {'48:8b:0a:f4:27:e1': -74}, {'48:8b:0a:f3:7b:01': -85}, {'84:f1:47:a8:83:21': -86}, {'48:8b:0a:f4:ff:81': -87}, {'84:f1:47:a8:77:20': -85}, {'f0:1d:2d:a5:1d:c0': -60}, {'48:8b:0a:f4:fa:20': -84}, {'48:8b:0a:f4:27:e0': -73}, {'48:8b:0a:f3:7b:00': -85}, {'84:f1:47:a8:83:20': -86}, {'32:13:8b:3e:57:39': -87}]"
13,50,"[{'02:41:0e:f5:32:f4': -94}, {'84:f1:47:a8:77:20': -84}, {'f0:1d:2d:a5:1d:c0': -59}, {'84:f1:47:a8:44:20': -87}, {'84:f1:47:a8:73:c0': -94}, {'48:8b:0a:f4:27:e0': -73}, {'48:8b:0a:f4:fa:20': -83}, {'84:f1:47:a8:83:20': -86}, {'48:8b:0a:f4:ff:80': -94}, {'48:8b:0a:f3:19:40': -96}, {'84:5a:3e:94:a4:80': -95}, {'48:8b:0a:f3:7b:00': -84}, {'f0:1d:2d:a5:1d:c3': -59}, {'84:f1:47:a8:44:23': -87}, {'84:f1:47:a8:77:23': -84}, {'48:8b:0a:f4:27:e3': -73}, {'48:8b:0a:f4:fa:23': -83}, {'84:f1:47:a8:83:23': -86}, {'48:8b:0a:f4:ff:83': -94}, {'48:8b:0a:f3:19:43': -96}, {'84:5a:3e:94:a4:83': -95}, {'48:8b:0a:f3:7b:03': -83}, {'f0:1d:2d:a5:1d:c2': -59}, {'84:f1:47:a8:44:22': -87}, {'84:f1:47:a8:77:22': -84}, {'84:f1:47:a8:73:c2': -94}, {'48:8b:0a:f4:27:e2': -73}, {'48:8b:0a:f4:fa:22': -83}, {'84:f1:47:a8:83:22': -87}, {'48:8b:0a:f4:ff:82': -94}, {'84:5a:3e:94:a4:82': -95}, {'48:8b:0a:f3:7b:02': -84}, {'84:f1:47:a8:36:c2': -96}, {'32:13:8b:3e:57:39': -87}, {'f0:1d:2d:a5:1d:c1': -59}, {'84:f1:47:a8:44:21': -87}, {'84:f1:47:a8:77:21': -84}, {'84:f1:47:a8:73:c1': -94}, {'48:8b:0a:f4:27:e1': -73}, {'48:8b:0a:f4:fa:21': -83}, {'48:8b:0a:f4:ff:81': -94}, {'84:5a:3e:94:a4:81': -95}, {'48:8b:0a:f3:7b:01': -83}, {'48:8b:0a:f3:19:41': -95}, {'b0:95:75:bb:5d:e0': -83}, {'de:cd:2f:81:b5:10': -97}]"
14,50,"[{'f0:1d:2d:a5:1d:c3': -60}, {'84:f1:47:a8:44:23': -94}, {'84:f1:47:a8:77:23': -84}, {'48:8b:0a:f4:fa:23': -85}, {'84:f1:47:a8:73:c3': -95}, {'48:8b:0a:f4:27:e3': -74}, {'48:8b:0a:f3:7b:03': -86}, {'f0:1d:2d:a5:1d:c2': -60}, {'84:f1:47:a8:44:22': -94}, {'84:f1:47:a8:77:22': -84}, {'48:8b:0a:f4:fa:22': -86}, {'84:f1:47:a8:73:c2': -95}, {'48:8b:0a:f4:27:e2': -74}, {'48:8b:0a:f3:7b:02': -86}, {'48:8b:0a:f3:19:42': -96}, {'48:8b:0a:f4:ff:82': -94}, {'32:13:8b:3e:57:39': -94}, {'f0:1d:2d:a5:1d:c1': -60}, {'84:f1:47:a8:44:21': -94}, {'84:f1:47:a8:77:21': -84}, {'48:8b:0a:f4:fa:21': -86}, {'84:f1:47:a8:73:c1': -95}, {'48:8b:0a:f4:27:e1': -74}, {'48:8b:0a:f3:7b:01': -86}, {'48:8b:0a:f4:ff:81': -94}, {'48:8b:0a:f3:19:41': -96}, {'f0:1d:2d:a5:1d:c0': -60}, {'84:f1:47:a8:44:20': -94}, {'84:f1:47:a8:77:20': -84}, {'48:8b:0a:f4:fa:20': -86}, {'84:f1:47:a8:73:c0': -95}, {'48:8b:0a:f4:27:e0': -74}, {'84:5a:3e:94:a4:80': -95}, {'48:8b:0a:f3:7b:00': -86}, {'48:8b:0a:f4:ff:80': -94}, {'48:8b:0a:f3:19:40': -96}, {'02:41:0e:be:ec:3c': -96}, {'b0:95:75:bb:5d:e0': -94}]"
15,50,"[{'f0:1d:2d:a5:1d:c3': -59}, {'84:f1:47:a8:77:23': -86}, {'84:f1:47:a8:44:23': -87}, {'84:f1:47:a8:73:c3': -95}, {'48:8b:0a:f4:27:e3': -60}, {'84:5a:3e:94:a4:83': -95}, {'48:8b:0a:f4:ff:83': -74}, {'f0:1d:2d:a5:1d:c0': -60}, {'84:f1:47:a8:44:20': -87}, {'84:f1:47:a8:77:20': -86}, {'84:f1:47:a8:73:c0': -95}, {'48:8b:0a:f4:27:e0': -60}, {'48:8b:0a:f3:7b:00': -86}, {'48:8b:0a:f4:ff:80': -74}, {'84:f1:47:a8:44:22': -87}, {'84:f1:47:a8:77:22': -86}, {'f0:1d:2d:a5:1d:c2': -60}, {'84:f1:47:a8:73:c2': -95}, {'48:8b:0a:f4:27:e2': -60}, {'48:8b:0a:f3:7b:02': -86}, {'48:8b:0a:f4:ff:82': -74}, {'84:f1:47:a8:44:21': -93}, {'84:f1:47:a8:77:21': -85}, {'f0:1d:2d:a5:1d:c1': -60}, {'84:f1:47:a8:73:c1': -95}, {'48:8b:0a:f4:27:e1': -60}, {'48:8b:0a:f4:ff:81': -74}, {'32:13:8b:3e:57:39': -86}, {'02:41:0e:f5:32:f4': -95}]"
16,50,"[{'f0:1d:2d:a5:1d:c3': -59}, {'84:f1:47:a8:73:c3': -95}, {'48:8b:0a:f4:27:e3': -60}, {'84:5a:3e:94:a4:83': -95}, {'48:8b:0a:f4:ff:83': -74}, {'84:f1:47:a8:77:23': -86}, {'84:f1:47:a8:44:23': -87}, {'84:f1:47:a8:73:c2': -95}, {'48:8b:0a:f4:27:e2': -60}, {'48:8b:0a:f3:7b:02': -86}, {'48:8b:0a:f4:ff:82': -74}, {'84:f1:47:a8:44:22': -87}, {'84:f1:47:a8:77:22': -86}, {'f0:1d:2d:a5:1d:c2': -60}, {'84:f1:47:a8:73:c1': -95}, {'48:8b:0a:f4:27:e1': -60}, {'48:8b:0a:f4:ff:81': -74}, {'84:f1:47:a8:44:21': -93}, {'84:f1:47:a8:77:21': -85}, {'f0:1d:2d:a5:1d:c1': -60}, {'84:f1:47:a8:73:c0': -95}, {'48:8b:0a:f4:27:e0': -60}, {'48:8b:0a:f3:7b:00': -86}, {'48:8b:0a:f4:ff:80': -74}, {'84:f1:47:a8:44:20': -87}, {'84:f1:47:a8:77:20': -86}, {'f0:1d:2d:a5:1d:c0': -60}, {'02:41:0e:f5:32:f4': -95}, {'32:13:8b:3e:57:39': -86}]"
17,50,"[{'02:41:0e:f5:32:f4': -94}, {'02:41:0e:be:ec:3c': -96}, {'f0:1d:2d:a5:1d:c3': -60}, {'84:f1:47:a8:44:23': -94}, {'84:f1:47:a8:77:23': -86}, {'48:8b:0a:f5:24:23': -95}, {'48:8b:0a:f4:27:e3': -73}, {'48:8b:0a:f4:fa:23': -93}, {'84:f1:47:a8:73:c3': -95}, {'48:8b:0a:f4:ff:83': -73}, {'48:8b:0a:f3:19:43': -95}, {'48:8b:0a:f3:7b:03': -87}, {'f0:1d:2d:a5:1d:c2': -71}, {'84:f1:47:a8:44:22': -94}, {'84:f1:47:a8:77:22': -86}, {'84:f1:47:a8:73:c2': -95}, {'48:8b:0a:f4:27:e2': -73}, {'48:8b:0a:f4:fa:22': -93}, {'48:8b:0a:f3:19:42': -95}, {'48:8b:0a:f4:ff:82': -73}, {'48:8b:0a:f3:7b:02': -86}, {'48:8b:0a:f5:24:22': -96}, {'32:13:8b:3e:57:39': -94}, {'f0:1d:2d:a5:1d:c1': -60}, {'84:f1:47:a8:44:21': -94}, {'84:f1:47:a8:77:21': -86}, {'48:8b:0a:f5:24:21': -95}, {'84:f1:47:a8:73:c1': -96}, {'48:8b:0a:f4:27:e1': -72}, {'48:8b:0a:f4:fa:21': -93}, {'84:f1:47:a8:83:21': -96}, {'48:8b:0a:f4:ff:81': -73}, {'48:8b:0a:f3:19:41': -95}, {'84:5a:3e:94:a4:81': -96}, {'48:8b:0a:f3:7b:01': -85}, {'f0:1d:2d:a5:1d:c0': -60}, {'84:f1:47:a8:44:20': -94}, {'48:8b:0a:f5:24:20': -96}, {'84:f1:47:a8:77:20': -86}, {'84:f1:47:a8:73:c0': -96}, {'48:8b:0a:f4:27:e0': -73}, {'84:f1:47:a8:83:20': -95}, {'48:8b:0a:f4:ff:80': -73}, {'48:8b:0a:f3:19:40': -95}, {'84:5a:3e:94:a4:80': -95}, {'48:8b:0a:f3:7b:00': -93}, {'b0:95:75:bb:5d:e0': -86}]"
18,50,"[{'f0:1d:2d:a5:1d:c3': -60}, {'84:f1:47:a8:44:23': -94}, {'84:f1:47:a8:77:23': -87}, {'48:8b:0a:f5:24:23': -93}, {'48:8b:0a:f4:27:e3': -74}, {'48:8b:0a:f3:7b:03': -86}, {'84:f1:47:a8:83:23': -94}, {'48:8b:0a:f4:ff:83': -59}, {'84:f1:47:a8:44:22': -94}, {'84:f1:47:a8:77:22': -87}, {'48:8b:0a:f5:24:22': -93}, {'f0:1d:2d:a5:1d:c2': -60}, {'48:8b:0a:f4:27:e2': -74}, {'48:8b:0a:f4:fa:22': -85}, {'48:8b:0a:f3:7b:02': -86}, {'48:8b:0a:f4:ff:82': -59}, {'84:f1:47:a8:44:21': -95}, {'f0:1d:2d:a5:1d:c1': -60}, {'84:f1:47:a8:77:21': -87}, {'48:8b:0a:f5:24:21': -93}, {'48:8b:0a:f4:27:e1': -74}, {'48:8b:0a:f3:7b:01': -86}, {'48:8b:0a:f4:ff:81': -59}, {'84:f1:47:a8:44:20': -94}, {'84:f1:47:a8:77:20': -87}, {'48:8b:0a:f5:24:20': -93}, {'48:8b:0a:f4:27:e0': -74}, {'48:8b:0a:f4:ff:80': -59}, {'48:8b:0a:f3:7b:00': -86}, {'f0:1d:2d:a5:1d:c0': -71}, {'02:41:0e:f5:32:f4': -95}, {'02:41:0e:be:ec:3c': -95}, {'32:13:8b:3e:57:39': -84}, {'de:cd:2f:81:b5:10': -97}]"
19,50,"[{'f0:1d:2d:a5:1d:c3': -60}, {'84:f1:47:a8:44:23': -87}, {'84:f1:47:a8:77:23': -86}, {'48:8b:0a:f5:24:23': -87}, {'48:8b:0a:f4:fa:23': -94}, {'84:f1:47:a8:73:c3': -95}, {'48:8b:0a:f4:27:e3': -74}, {'48:8b:0a:f3:7b:03': -86}, {'84:f1:47:a8:83:23': -95}, {'48:8b:0a:f4:ff:83': -58}, {'84:f1:47:a8:44:22': -87}, {'84:f1:47:a8:77:22': -86}, {'48:8b:0a:f5:24:22': -87}, {'f0:1d:2d:a5:1d:c2': -72}, {'48:8b:0a:f4:fa:22': -94}, {'84:f1:47:a8:73:c2': -95}, {'48:8b:0a:f4:27:e2': -74}, {'48:8b:0a:f3:7b:02': -86}, {'48:8b:0a:f4:ff:82': -58}, {'84:f1:47:a8:44:21': -87}, {'84:f1:47:a8:77:21': -86}, {'48:8b:0a:f5:24:21': -87}, {'f0:1d:2d:a5:1d:c1': -72}, {'84:f1:47:a8:73:c1': -95}, {'48:8b:0a:f4:fa:21': -94}, {'48:8b:0a:f4:27:e1': -73}, {'48:8b:0a:f3:7b:01': -86}, {'84:f1:47:a8:83:21': -95}, {'48:8b:0a:f4:ff:81': -58}, {'84:f1:47:a8:44:20': -87}, {'84:f1:47:a8:77:20': -86}, {'48:8b:0a:f5:24:20': -87}, {'f0:1d:2d:a5:1d:c0': -72}, {'84:f1:47:a8:73:c0': -95}, {'48:8b:0a:f4:fa:20': -94}, {'48:8b:0a:f4:27:e0': -74}, {'48:8b:0a:f3:7b:00': -86}, {'84:f1:47:a8:83:20': -95}, {'48:8b:0a:f4:ff:80': -58}, {'02:41:0e:be:ec:3c': -95}, {'02:41:0e:f5:32:f4': -95}, {'32:13:8b:3e:57:39': -86}, {'de:cd:2f:81:b5:10': -97}]"
20,50,"[{'f0:1d:2d:a5:1d:c3': -71}, {'48:8b:0a:f5:24:23': -87}, {'48:8b:0a:f4:27:e3': -83}, {'48:8b:0a:f3:7b:03': -84}, {'48:8b:0a:f4:ff:83': -72}, {'f0:1d:2d:a5:1d:c2': -73}, {'84:f1:47:a8:44:22': -93}, {'48:8b:0a:f5:24:22': -86}, {'48:8b:0a:f4:27:e2': -83}, {'48:8b:0a:f3:7b:02': -85}, {'48:8b:0a:f4:ff:82': -60}, {'f0:1d:2d:a5:1d:c1': -73}, {'48:8b:0a:f5:24:21': -86}, {'48:8b:0a:f4:27:e1': -83}, {'48:8b:0a:f3:7b:01': -85}, {'48:8b:0a:f4:ff:81': -60}, {'f0:1d:2d:a5:1d:c0': -73}, {'48:8b:0a:f4:27:e0': -83}, {'48:8b:0a:f3:7b:00': -85}, {'48:8b:0a:f4:ff:80': -60}, {'b0:95:75:bb:5d:e0': -95}]"
21,50,"[{'f0:1d:2d:a5:1d:c3': -60}, {'48:8b:0a:f5:24:23': -94}, {'48:8b:0a:f4:fa:23': -94}, {'48:8b:0a:f4:27:e3': -84}, {'48:8b:0a:f3:7b:03': -93}, {'48:8b:0a:f4:ff:83': -58}, {'84:f1:47:a8:44:23': -95}, {'84:f1:47:a8:77:23': -94}, {'84:f1:47:a8:77:22': -94}, {'48:8b:0a:f5:24:22': -94}, {'f0:1d:2d:a5:1d:c2': -73}, {'48:8b:0a:f4:fa:22': -94}, {'48:8b:0a:f4:27:e2': -84}, {'48:8b:0a:f4:ff:82': -59}, {'84:f1:47:a8:44:22': -95}, {'32:13:8b:3e:57:39': -96}, {'84:f1:47:a8:77:21': -94}, {'48:8b:0a:f5:24:21': -94}, {'f0:1d:2d:a5:1d:c1': -73}, {'48:8b:0a:f4:fa:21': -94}, {'48:8b:0a:f4:27:e1': -84}, {'84:f1:47:a8:36:c1': -97}, {'48:8b:0a:f4:ff:81': -58}, {'48:8b:0a:f3:7b:01': -93}, {'84:f1:47:a8:44:21': -95}, {'84:f1:47:a8:77:20': -94}, {'48:8b:0a:f5:24:20': -94}, {'f0:1d:2d:a5:1d:c0': -73}, {'48:8b:0a:f4:fa:20': -94}, {'48:8b:0a:f4:27:e0': -84}, {'48:8b:0a:f3:7b:00': -93}, {'48:8b:0a:f4:ff:80': -58}, {'84:f1:47:a8:9d:20': -96}, {'84:f1:47:a8:44:20': -96}, {'b0:95:75:bb:5d:e0': -94}, {'02:41:0e:f5:32:f4': -97}]"
8,9,"[{'84:f1:47:a8:36:c3': -57}, {'84:f1:47:a8:73:c3': -95}, {'48:8b:0a:f2:64:a3': -85}, {'f0:1d:2d:a5:1d:c3': -84}, {'84:f1:47:a8:77:23': -94}, {'84:f1:47:a8:9d:23': -94}, {'48:8b:0a:ba:e1:e3': -94}, {'48:8b:0a:f2:3a:c3': -93}, {'48:8b:0a:f3:19:43': -85}, {'48:8b:0a:f3:19:40': -85}, {'84:f1:47:a8:36:c0': -58}, {'84:f1:47:a8:73:c0': -95}, {'48:8b:0a:f2:64:a0': -84}, {'f0:1d:2d:a5:1d:c0': -84}, {'84:f1:47:a8:77:20': -94}, {'84:f1:47:a8:9d:20': -94}, {'48:8b:0a:ba:e1:e0': -94}, {'48:8b:0a:f2:3a:c0': -93}, {'84:f1:47:a8:36:c2': -58}, {'84:f1:47:a8:73:c2': -95}, {'48:8b:0a:f2:64:a2': -85}, {'f0:1d:2d:a5:1d:c2': -83}, {'84:f1:47:a8:77:22': -94}, {'48:8b:0a:ba:e1:e2': -94}, {'48:8b:0a:f2:3a:c2': -87}, {'48:8b:0a:f3:19:42': -85}, {'84:f1:47:a8:36:c1': -58}, {'84:f1:47:a8:73:c1': -95}, {'48:8b:0a:f2:64:a1': -85}, {'f0:1d:2d:a5:1d:c1': -84}, {'84:f1:47:a8:77:21': -94}, {'84:f1:47:a8:9d:21': -94}, {'48:8b:0a:ba:e1:e1': -94}, {'48:8b:0a:f2:3a:c1': -87}, {'48:8b:0a:f3:19:41': -85}, {'ae:f4:66:11:f6:27': -97}]"
9,9,"[{'84:f1:47:a8:36:c3': -58}, {'84:f1:47:a8:73:c3': -95}, {'48:8b:0a:f2:64:a3': -85}, {'84:f1:47:a8:77:23': -94}, {'f0:1d:2d:a5:1d:c3': -84}, {'48:8b:0a:ba:e1:e3': -94}, {'84:f1:47:a8:9d:23': -94}, {'48:8b:0a:f2:3a:c3': -93}, {'48:8b:0a:f3:19:43': -85}, {'84:f1:47:a8:73:c1': -95}, {'48:8b:0a:f2:64:a1': -85}, {'f0:1d:2d:a5:1d:c1': -84}, {'84:f1:47:a8:77:21': -94}, {'84:f1:47:a8:9d:21': -94}, {'84:f1:47:a8:36:c1': -58}, {'48:8b:0a:ba:e1:e1': -94}, {'48:8b:0a:f2:3a:c1': -87}, {'48:8b:0a:f3:19:41': -85}, {'84:f1:47:a8:73:c0': -95}, {'48:8b:0a:f2:64:a0': -84}, {'f0:1d:2d:a5:1d:c0': -84}, {'84:f1:47:a8:77:20': -94}, {'84:f1:47:a8:9d:20': -94}, {'84:f1:47:a8:36:c0': -58}, {'48:8b:0a:ba:e1:e0': -94}, {'48:8b:0a:f2:3a:c0': -93}, {'48:8b:0a:f3:19:40': -85}, {'48:8b:0a:f2:64:a2': -85}, {'84:f1:47:a8:73:c2': -95}, {'f0:1d:2d:a5:1d:c2': -83}, {'84:f1:47:a8:77:22': -94}, {'84:f1:47:a8:36:c2': -58}, {'48:8b:0a:ba:e1:e2': -94}, {'48:8b:0a:f2:3a:c2': -87}, {'48:8b:0a:f3:19:42': -85}, {'ae:f4:66:11:f6:27': -97}]"
10,9,"[{'84:f1:47:a8:36:c3': -59}, {'48:8b:0a:f2:64:a3': -83}, {'84:f1:47:a8:73:c3': -85}, {'84:f1:47:a8:77:23': -94}, {'48:8b:0a:f2:3a:c3': -94}, {'84:f1:47:a8:9d:23': -94}, {'84:f1:47:a8:36:c2': -58}, {'48:8b:0a:f2:64:a2': -83}, {'84:f1:47:a8:73:c2': -86}, {'84:f1:47:a8:77:22': -94}, {'f0:1d:2d:a5:1d:c2': -94}, {'48:8b:0a:f2:3a:c2': -94}, {'84:f1:47:a8:36:c1': -58}, {'84:f1:47:a8:73:c1': -85}, {'48:8b:0a:f2:64:a1': -83}, {'84:f1:47:a8:77:21': -94}, {'f0:1d:2d:a5:1d:c1': -94}, {'48:8b:0a:ba:e1:e1': -95}, {'48:8b:0a:f2:3a:c1': -94}, {'48:8b:0a:f3:19:41': -95}, {'84:f1:47:a8:9d:21': -95}, {'84:f1:47:a8:36:c0': -58}, {'48:8b:0a:f2:64:a0': -83}, {'84:f1:47:a8:73:c0': -86}, {'84:f1:47:a8:77:20': -94}, {'f0:1d:2d:a5:1d:c0': -94}, {'48:8b:0a:ba:e1:e0': -96}, {'48:8b:0a:f3:19:40': -95}, {'48:8b:0a:f2:3a:c0': -94}, {'84:f1:47:a8:9d:20': -94}, {'86:9e:56:b9:17:6e': -97}]"
11,9,"[{'84:f1:47:a8:36:c3': -59}, {'84:f1:47:a8:9d:23': -94}, {'48:8b:0a:f2:3a:c3': -87}, {'48:8b:0a:f2:64:a3': -85}, {'84:f1:47:a8:73:c3': -86}, {'84:f1:47:a8:77:23': -86}, {'84:f1:47:a8:9d:21': -94}, {'84:f1:47:a8:36:c1': -59}, {'48:8b:0a:ba:e1:e1': -95}, {'48:8b:0a:f2:3a:c1': -87}, {'48:8b:0a:f2:64:a1': -85}, {'84:f1:47:a8:73:c1': -86}, {'84:f1:47:a8:77:21': -86}, {'84:f1:47:a8:9d:20': -94}, {'84:f1:47:a8:36:c0': -59}, {'48:8b:0a:f2:64:a0': -85}, {'84:f1:47:a8:73:c0': -86}, {'84:f1:47:a8:77:20': -93}, {'48:8b:0a:ba:e1:e0': -95}, {'48:8b:0a:f2:3a:c0': -94}, {'84:f1:47:a8:36:c2': -59}, {'48:8b:0a:f2:64:a2': -85}, {'84:f1:47:a8:73:c2': -86}, {'84:f1:47:a8:77:22': -86}, {'48:8b:0a:f2:3a:c2': -94}, {'84:f1:47:a8:9d:22': -94}, {'c4:9a:31:73:40:7e': -100}]"
12,9,"[{'84:f1:47:a8:36:c3': -58}, {'48:8b:0a:f2:64:a3': -85}, {'84:f1:47:a8:77:23': -94}, {'48:8b:0a:f2:3a:c3': -95}, {'48:8b:0a:ba:e1:e3': -86}, {'48:8b:0a:f3:19:43': -94}, {'84:f1:47:a8:9d:23': -85}, {'84:f1:47:a8:36:c2': -58}, {'48:8b:0a:f2:64:a2': -85}, {'84:f1:47:a8:73:c2': -94}, {'84:f1:47:a8:77:22': -94}, {'48:8b:0a:f2:3a:c2': -95}, {'48:8b:0a:ba:e1:e2': -86}, {'84:f1:47:a8:9d:22': -85}, {'84:f1:47:a8:36:c1': -58}, {'48:8b:0a:f2:64:a1': -84}, {'84:f1:47:a8:77:21': -94}, {'48:8b:0a:f3:19:41': -94}, {'48:8b:0a:f2:3a:c1': -95}, {'48:8b:0a:ba:e1:e1': -87}, {'84:f1:47:a8:9d:21': -85}, {'84:f1:47:a8:36:c0': -58}, {'48:8b:0a:f2:64:a0': -85}, {'84:f1:47:a8:77:20': -94}, {'f0:1d:2d:a5:1d:c0': -96}, {'48:8b:0a:f2:3a:c0': -95}, {'48:8b:0a:f3:19:40': -94}, {'48:8b:0a:ba:e1:e0': -86}, {'84:f1:47:a8:9d:20': -85}, {'86:9e:56:b9:17:6e': -97}]"
13,9,"[{'84:f1:47:a8:36:c3': -58}, {'48:8b:0a:f2:3a:c3': -94}, {'48:8b:0a:f3:19:43': -93}, {'48:8b:0a:ba:e1:e3': -85}, {'84:f1:47:a8:9d:23': -85}, {'84:f1:47:a8:73:c3': -94}, {'48:8b:0a:f2:64:a3': -84}, {'84:f1:47:a8:77:23': -94}, {'48:8b:0a:f2:3a:c2': -94}, {'48:8b:0a:ba:e1:e2': -94}, {'48:8b:0a:f3:19:42': -87}, {'84:f1:47:a8:36:c2': -58}, {'84:f1:47:a8:73:c2': -94}, {'48:8b:0a:f2:64:a2': -84}, {'84:f1:47:a8:77:22': -93}, {'84:f1:47:a8:9d:22': -85}, {'48:8b:0a:f2:3a:c1': -94}, {'48:8b:0a:ba:e1:e1': -93}, {'48:8b:0a:f3:19:41': -93}, {'84:f1:47:a8:36:c1': -58}, {'84:f1:47:a8:73:c1': -95}, {'48:8b:0a:f2:64:a1': -84}, {'84:f1:47:a8:77:21': -94}, {'84:f1:47:a8:9d:21': -85}, {'48:8b:0a:f2:3a:c0': -94}, {'48:8b:0a:ba:e1:e0': -94}, {'48:8b:0a:f3:19:40': -87}, {'84:f1:47:a8:36:c0': -58}, {'84:f1:47:a8:73:c0': -94}, {'48:8b:0a:f2:64:a0': -83}, {'84:f1:47:a8:77:20': -94}, {'f0:1d:2d:a5:1d:c0': -97}, {'84:f1:47:a8:9d:20': -85}, {'72:cf:49:d7:21:fc': -99}]"
14,9,"[{'84:f1:47:a8:36:c3': -59}, {'84:f1:47:a8:9d:23': -85}, {'48:8b:0a:ba:e1:e3': -93}, {'84:f1:47:a8:73:c3': -94}, {'48:8b:0a:f2:64:a3': -74}, {'f0:1d:2d:a5:1d:c3': -95}, {'84:f1:47:a8:77:23': -93}, {'48:8b:0a:f3:19:43': -93}, {'48:8b:0a:f2:3a:c3': -94}, {'84:f1:47:a8:9d:22': -85}, {'84:f1:47:a8:36:c2': -58}, {'48:8b:0a:f3:19:42': -87}, {'5c:a4:8a:4d:b2:e2': -97}, {'84:f1:47:a8:73:c2': -94}, {'48:8b:0a:f2:64:a2': -74}, {'84:f1:47:a8:77:22': -94}, {'48:8b:0a:ba:e1:e2': -87}, {'84:f1:47:a8:9d:21': -85}, {'84:f1:47:a8:36:c1': -58}, {'48:8b:0a:f3:19:41': -93}, {'5c:a4:8a:4d:b2:e1': -97}, {'84:f1:47:a8:73:c1': -94}, {'48:8b:0a:f2:64:a1': -74}, {'84:f1:47:a8:77:21': -93}, {'48:8b:0a:ba:e1:e1': -93}, {'48:8b:0a:f2:3a:c1': -94}, {'84:f1:47:a8:9d:20': -85}, {'84:f1:47:a8:36:c0': -58}, {'48:8b:0a:bb:22:80': -96}, {'84:f1:47:a8:73:c0': -93}, {'48:8b:0a:f2:64:a0': -82}, {'f0:1d:2d:a5:1d:c0': -95}, {'84:f1:47:a8:77:20': -93}, {'48:8b:0a:f3:19:40': -87}, {'48:8b:0a:ba:e1:e0': -87}, {'48:8b:0a:f2:3a:c0': -94}, {'86:9e:56:b9:17:6e': -96}, {'72:cf:49:d7:21:fc': -99}]"
15,9,"[{'84:f1:47:a8:36:c3': -58}, {'48:8b:0a:f2:3a:c3': -87}, {'48:8b:0a:ba:e1:e3': -86}, {'84:f1:47:a8:9d:23': -87}, {'84:f1:47:a8:73:c3': -85}, {'48:8b:0a:f2:64:a3': -86}, {'84:f1:47:a8:77:23': -86}, {'48:8b:0a:f3:19:43': -96}, {'48:8b:0a:f2:3a:c2': -86}, {'48:8b:0a:ba:e1:e2': -85}, {'84:f1:47:a8:9d:22': -86}, {'84:f1:47:a8:36:c2': -58}, {'84:f1:47:a8:73:c2': -85}, {'48:8b:0a:f2:64:a2': -86}, {'84:f1:47:a8:77:22': -86}, {'84:f1:47:a8:36:c1': -58}, {'48:8b:0a:f2:3a:c1': -86}, {'48:8b:0a:ba:e1:e1': -87}, {'84:f1:47:a8:9d:21': -87}, {'84:f1:47:a8:73:c1': -85}, {'48:8b:0a:f2:64:a1': -85}, {'84:f1:47:a8:77:21': -86}, {'84:f1:47:a8:36:c0': -53}, {'48:8b:0a:f2:3a:c0': -87}, {'48:8b:0a:ba:e1:e0': -87}, {'84:f1:47:a8:9d:20': -87}, {'84:f1:47:a8:73:c0': -85}, {'48:8b:0a:f2:64:a0': -85}, {'84:f1:47:a8:77:20': -86}, {'c4:9a:31:73:40:7e': -96}, {'86:9e:56:b9:17:6e': -97}]"
16,9,"[{'84:f1:47:a8:36:c3': -59}, {'48:8b:0a:f2:3a:c3': -87}, {'48:8b:0a:ba:e1:e3': -84}, {'84:f1:47:a8:9d:23': -83}, {'84:f1:47:a8:73:c3': -95}, {'48:8b:0a:f2:64:a3': -74}, {'84:f1:47:a8:77:23': -87}, {'84:f1:47:a8:36:c2': -59}, {'48:8b:0a:f2:3a:c2': -93}, {'48:8b:0a:ba:e1:e2': -84}, {'84:f1:47:a8:9d:22': -83}, {'48:8b:0a:f2:64:a2': -74}, {'84:f1:47:a8:77:22': -93}, {'f0:1d:2d:a5:83:22': -96}, {'84:f1:47:a8:36:c1': -59}, {'48:8b:0a:f2:3a:c1': -87}, {'48:8b:0a:ba:e1:e1': -84}, {'84:f1:47:a8:9d:21': -83}, {'84:f1:47:a8:73:c1': -95}, {'48:8b:0a:f2:64:a1': -74}, {'84:f1:47:a8:77:21': -93}, {'f0:1d:2d:a5:83:21': -96}, {'84:f1:47:a8:36:c0': -59}, {'48:8b:0a:f2:3a:c0': -87}, {'48:8b:0a:ba:e1:e0': -84}, {'84:f1:47:a8:9d:20': -83}, {'84:f1:47:a8:73:c0': -96}, {'48:8b:0a:f2:64:a0': -74}, {'84:f1:47:a8:77:20': -94}, {'f0:1d:2d:a5:83:20': -96}]"
17,9,"[{'84:f1:47:a8:36:c3': -58}, {'48:8b:0a:ba:e1:e3': -83}, {'48:8b:0a:f2:3a:c3': -94}, {'84:f1:47:a8:9d:23': -86}, {'48:8b:0a:f2:64:a3': -84}, {'84:f1:47:a8:73:c3': -96}, {'84:f1:47:a8:77:23': -86}, {'48:8b:0a:ba:e1:e2': -83}, {'48:8b:0a:f2:3a:c2': -94}, {'84:f1:47:a8:9d:22': -84}, {'84:f1:47:a8:36:c2': -58}, {'48:8b:0a:f2:64:a2': -84}, {'84:f1:47:a8:73:c2': -96}, {'84:f1:47:a8:77:22': -86}, {'48:8b:0a:ba:e1:e1': -83}, {'48:8b:0a:f2:3a:c1': -94}, {'84:f1:47:a8:9d:21': -84}, {'84:f1:47:a8:36:c1': -59}, {'48:8b:0a:f2:64:a1': -84}, {'84:f1:47:a8:73:c1': -96}, {'84:f1:47:a8:77:21': -86}, {'48:8b:0a:ba:e1:e0': -83}, {'48:8b:0a:f2:3a:c0': -94}, {'84:f1:47:a8:9d:20': -84}, {'84:f1:47:a8:36:c0': -58}, {'84:f1:47:a8:73:c0': -95}, {'48:8b:0a:f2:64:a0': -84}, {'84:f1:47:a8:77:20': -86}, {'c4:9a:31:73:40:7e': -94}, {'86:9e:56:b9:17:6e': -96}]"
18,9,"[{'84:f1:47:a8:36:c3': -59}, {'48:8b:0a:ba:e1:e3': -84}, {'48:8b:0a:f3:19:43': -95}, {'84:f1:47:a8:9d:23': -84}, {'84:f1:47:a8:73:c3': -95}, {'48:8b:0a:f2:64:a3': -85}, {'84:f1:47:a8:77:23': -86}, {'84:5a:3e:94:a4:83': -96}, {'48:8b:0a:ba:e1:e1': -84}, {'84:f1:47:a8:9d:21': -84}, {'84:f1:47:a8:36:c1': -60}, {'84:f1:47:a8:73:c1': -95}, {'48:8b:0a:f2:64:a1': -85}, {'84:f1:47:a8:77:21': -86}, {'48:8b:0a:f2:3a:c1': -95}, {'48:8b:0a:f3:19:41': -95}, {'48:8b:0a:ba:e1:e2': -84}, {'84:5a:3e:94:a4:82': -97}, {'84:f1:47:a8:36:c2': -72}, {'84:f1:47:a8:9d:22': -84}, {'84:f1:47:a8:73:c2': -95}, {'48:8b:0a:f2:64:a2': -85}, {'84:f1:47:a8:77:22': -86}, {'48:8b:0a:ba:e1:e0': -84}, {'48:8b:0a:f3:19:40': -95}, {'84:f1:47:a8:36:c0': -60}, {'48:8b:0a:f2:3a:c0': -94}, {'84:f1:47:a8:9d:20': -84}, {'84:f1:47:a8:73:c0': -95}, {'48:8b:0a:f2:64:a0': -85}, {'84:f1:47:a8:77:20': -85}, {'c4:9a:31:73:40:7e': -97}]"
19,9,"[{'84:5a:3e:94:a4:81': -95}, {'84:f1:47:a8:9d:21': -84}, {'84:f1:47:a8:36:c1': -59}, {'48:8b:0a:f2:3a:c1': -94}, {'48:8b:0a:ba:e1:e1': -83}, {'48:8b:0a:f2:64:a1': -94}, {'84:f1:47:a8:73:c1': -95}, {'84:f1:47:a8:77:21': -87}, {'48:8b:0a:f3:19:41': -95}, {'84:5a:3e:94:a4:80': -95}, {'84:f1:47:a8:9d:20': -83}, {'84:f1:47:a8:36:c0': -59}, {'48:8b:0a:f2:3a:c0': -94}, {'48:8b:0a:ba:e1:e0': -83}, {'84:f1:47:a8:73:c0': -95}, {'48:8b:0a:f2:64:a0': -95}, {'f0:1d:2d:a5:83:20': -96}, {'84:f1:47:a8:77:20': -87}, {'48:8b:0a:f3:19:40': -95}, {'84:f1:47:a8:36:c3': -72}, {'84:f1:47:a8:9d:23': -84}, {'48:8b:0a:f2:3a:c3': -93}, {'48:8b:0a:ba:e1:e3': -83}, {'84:5a:3e:94:a4:83': -94}, {'48:8b:0a:f2:64:a3': -94}, {'84:f1:47:a8:73:c3': -95}, {'84:f1:47:a8:9d:22': -83}, {'84:f1:47:a8:36:c2': -59}, {'48:8b:0a:f2:3a:c2': -93}, {'48:8b:0a:ba:e1:e2': -83}, {'48:8b:0a:f2:64:a2': -94}, {'84:f1:47:a8:73:c2': -95}, {'84:f1:47:a8:77:22': -87}, {'c4:9a:31:73:40:7e': -95}]"
20,9,"[{'84:f1:47:a8:36:c3': -60}, {'48:8b:0a:f3:19:43': -87}, {'84:5a:3e:94:a4:83': -86}, {'84:f1:47:a8:9d:23': -82}, {'48:8b:0a:ba:e1:e3': -94}, {'48:8b:0a:f4:ff:83': -86}, {'84:f1:47:a8:77:23': -96}, {'f0:1d:2d:a5:83:23': -96}, {'48:8b:0a:f3:19:40': -86}, {'84:5a:3e:94:a4:80': -86}, {'84:f1:47:a8:9d:20': -82}, {'84:f1:47:a8:36:c0': -60}, {'48:8b:0a:f2:3a:c0': -96}, {'48:8b:0a:f4:ff:80': -86}, {'48:8b:0a:ba:e1:e0': -95}, {'f0:1d:2d:a5:83:20': -95}, {'48:8b:0a:f3:19:42': -86}, {'84:5a:3e:94:a4:82': -86}, {'84:f1:47:a8:9d:22': -82}, {'84:f1:47:a8:36:c2': -60}, {'48:8b:0a:ba:e1:e2': -94}, {'48:8b:0a:f4:ff:82': -86}, {'f0:1d:2d:a5:83:22': -95}, {'48:8b:0a:f3:19:41': -87}, {'84:5a:3e:94:a4:81': -86}, {'84:f1:47:a8:9d:21': -82}, {'84:f1:47:a8:36:c1': -60}, {'48:8b:0a:ba:e1:e1': -95}, {'f0:1d:2d:a5:83:21': -96}, {'48:8b:0a:f2:3a:c1': -95}, {'48:8b:0a:f4:ff:81': -86}]"
21,9,"[{'84:f1:47:a8:36:c3': -60}, {'48:8b:0a:ba:e1:e3': -93}, {'84:5a:3e:94:a4:83': -94}, {'84:f1:47:a8:9d:23': -83}, {'48:8b:0a:f3:19:43': -94}, {'48:8b:0a:f2:64:a3': -94}, {'f0:1d:2d:a5:83:23': -96}, {'84:f1:47:a8:77:23': -86}, {'48:8b:0a:f4:ff:83': -94}, {'48:8b:0a:f2:3a:c3': -94}, {'48:8b:0a:ba:e1:e2': -87}, {'84:5a:3e:94:a4:82': -94}, {'84:f1:47:a8:9d:22': -83}, {'84:f1:47:a8:36:c2': -71}, {'48:8b:0a:f3:19:42': -93}, {'48:8b:0a:f2:64:a2': -94}, {'f0:1d:2d:a5:1d:c2': -96}, {'84:f1:47:a8:77:22': -86}, {'48:8b:0a:f4:ff:82': -94}, {'48:8b:0a:f2:3a:c2': -94}, {'84:5a:3e:94:a4:81': -94}, {'84:f1:47:a8:9d:21': -83}, {'84:f1:47:a8:36:c1': -71}, {'48:8b:0a:ba:e1:e1': -87}, {'48:8b:0a:f3:19:41': -94}, {'48:8b:0a:f2:64:a1': -94}, {'f0:1d:2d:a5:83:21': -96}, {'f0:1d:2d:a5:1d:c1': -96}, {'84:f1:47:a8:77:21': -86}, {'48:8b:0a:f2:3a:c1': -94}, {'48:8b:0a:f4:ff:81': -94}, {'84:5a:3e:94:a4:80': -93}, {'84:f1:47:a8:9d:20': -82}, {'84:f1:47:a8:36:c0': -71}, {'48:8b:0a:ba:e1:e0': -93}, {'48:8b:0a:f3:19:40': -94}, {'48:8b:0a:f2:64:a0': -94}, {'f0:1d:2d:a5:83:20': -96}, {'84:f1:47:a8:77:20': -87}, {'48:8b:0a:f2:3a:c0': -94}, {'48:8b:0a:f4:ff:80': -94}, {'c4:9a:31:73:40:7e': -96}]"
22,9,"[{'84:f1:47:a8:36:c3': -71}, {'84:f1:47:a8:9d:23': -72}, {'84:f1:47:a8:73:c3': -96}, {'48:8b:0a:f2:64:a3': -95}, {'f0:1d:2d:a5:1d:c3': -96}, {'84:f1:47:a8:77:23': -85}, {'48:8b:0a:f3:19:43': -95}, {'84:f1:47:a8:9d:22': -72}, {'84:f1:47:a8:36:c2': -72}, {'48:8b:0a:f2:64:a2': -95}, {'f0:1d:2d:a5:83:22': -95}, {'84:f1:47:a8:77:22': -85}, {'84:f1:47:a8:9d:21': -72}, {'84:f1:47:a8:36:c1': -72}, {'48:8b:0a:f2:3a:c1': -95}, {'84:5a:3e:94:a4:81': -95}, {'84:f1:47:a8:73:c1': -96}, {'48:8b:0a:f2:64:a1': -95}, {'84:f1:47:a8:77:21': -85}, {'48:8b:0a:f3:19:41': -95}, {'48:8b:0a:ba:e1:e1': -95}, {'84:f1:47:a8:9d:20': -72}, {'84:f1:47:a8:36:c0': -72}, {'48:8b:0a:f2:3a:c0': -95}, {'84:5a:3e:94:a4:80': -95}, {'48:8b:0a:f2:64:a0': -95}, {'f0:1d:2d:a5:83:20': -95}, {'84:f1:47:a8:77:20': -85}, {'48:8b:0a:f3:19:40': -95}, {'c4:9a:31:73:40:7e': -95}]"
23,9,"[{'84:f1:47:a8:36:c3': -60}, {'48:8b:0a:ba:e1:e3': -95}, {'84:5a:3e:94:a4:83': -95}, {'84:f1:47:a8:9d:23': -60}, {'48:8b:0a:f2:64:a3': -95}, {'84:f1:47:a8:77:23': -94}, {'f0:1d:2d:a5:83:23': -94}, {'48:8b:0a:f2:3a:c3': -95}, {'84:5a:3e:94:a4:81': -95}, {'48:8b:0a:f2:3a:c1': -96}, {'84:f1:47:a8:36:c1': -60}, {'48:8b:0a:ba:e1:e1': -94}, {'84:f1:47:a8:9d:21': -60}, {'48:8b:0a:f2:64:a1': -95}, {'84:f1:47:a8:77:21': -94}, {'f0:1d:2d:a5:83:21': -94}, {'48:8b:0a:f3:19:41': -95}, {'84:5a:3e:94:a4:80': -95}, {'48:8b:0a:f2:3a:c0': -96}, {'84:f1:47:a8:36:c0': -60}, {'48:8b:0a:ba:e1:e0': -94}, {'84:f1:47:a8:9d:20': -60}, {'48:8b:0a:f2:64:a0': -96}, {'84:f1:47:a8:77:20': -94}, {'f0:1d:2d:a5:83:20': -94}, {'48:8b:0a:f3:19:40': -96}, {'84:5a:3e:94:a4:82': -95}, {'84:f1:47:a8:36:c2': -60}, {'84:f1:47:a8:9d:22': -60}, {'84:f1:47:a8:77:22': -94}, {'f0:1d:2d:a5:83:22': -94}, {'72:cf:49:d7:21:fc': -97}]"
23,10,"[{'84:f1:47:a8:36:c3': -59}, {'48:8b:0a:ba:e1:e3': -95}, {'84:5a:3e:94:a4:83': -95}, {'48:8b:0a:f2:64:a3': -95}, {'84:f1:47:a8:77:23': -94}, {'f0:1d:2d:a5:83:23': -94}, {'48:8b:0a:f2:3a:c3': -95}, {'84:f1:47:a8:9d:23': -60}, {'84:5a:3e:94:a4:81': -95}, {'48:8b:0a:f2:64:a1': -95}, {'84:f1:47:a8:77:21': -94}, {'f0:1d:2d:a5:83:21': -94}, {'48:8b:0a:f2:3a:c1': -96}, {'84:f1:47:a8:36:c1': -60}, {'48:8b:0a:ba:e1:e1': -94}, {'48:8b:0a:f3:19:41': -95}, {'84:f1:47:a8:9d:21': -60}, {'84:5a:3e:94:a4:80': -95}, {'48:8b:0a:f2:64:a0': -96}, {'84:f1:47:a8:77:20': -94}, {'f0:1d:2d:a5:83:20': -94}, {'84:f1:47:a8:36:c0': -60}, {'48:8b:0a:ba:e1:e0': -94}, {'48:8b:0a:f2:3a:c0': -96}, {'48:8b:0a:f3:19:40': -96}, {'84:f1:47:a8:9d:20': -60}, {'84:5a:3e:94:a4:82': -95}, {'84:f1:47:a8:77:22': -94}, {'f0:1d:2d:a5:83:22': -94}, {'84:f1:47:a8:36:c2': -60}, {'84:f1:47:a8:9d:22': -60}, {'72:cf:49:d7:21:fc': -97}]"
22,10,"[{'84:f1:47:a8:36:c3': -59}, {'84:f1:47:a8:9d:23': -74}, {'48:8b:0a:f2:3a:c3': -94}, {'48:8b:0a:f2:64:a3': -95}, {'84:f1:47:a8:77:23': -84}, {'f0:1d:2d:a5:83:23': -87}, {'48:8b:0a:f3:19:43': -94}, {'48:8b:0a:ba:e1:e3': -94}, {'84:f1:47:a8:9d:22': -82}, {'48:8b:0a:f3:19:42': -94}, {'48:8b:0a:f2:3a:c2': -95}, {'84:f1:47:a8:36:c2': -59}, {'48:8b:0a:f2:64:a2': -95}, {'84:f1:47:a8:77:22': -85}, {'f0:1d:2d:a5:83:22': -87}, {'48:8b:0a:ba:e1:e2': -93}, {'48:8b:0a:f3:19:41': -94}, {'84:5a:3e:94:a4:81': -94}, {'84:f1:47:a8:9d:21': -74}, {'48:8b:0a:ba:e1:e1': -94}, {'84:f1:47:a8:36:c1': -59}, {'48:8b:0a:f2:3a:c1': -95}, {'48:8b:0a:f2:64:a1': -95}, {'84:f1:47:a8:77:21': -85}, {'f0:1d:2d:a5:83:21': -87}, {'48:8b:0a:f4:ff:81': -96}, {'48:8b:0a:f3:19:40': -94}, {'84:5a:3e:94:a4:80': -94}, {'84:f1:47:a8:9d:20': -73}, {'48:8b:0a:ba:e1:e0': -93}, {'84:f1:47:a8:36:c0': -59}, {'48:8b:0a:f2:3a:c0': -94}, {'84:f1:47:a8:73:c0': -97}, {'48:8b:0a:f2:64:a0': -95}, {'84:f1:47:a8:77:20': -85}, {'f0:1d:2d:a5:83:20': -87}, {'48:8b:0a:f4:ff:80': -96}]"
21,10,"[{'84:f1:47:a8:36:c3': -59}, {'48:8b:0a:f4:ff:83': -93}, {'84:5a:3e:94:a4:83': -94}, {'84:f1:47:a8:9d:23': -72}, {'48:8b:0a:ba:e1:e3': -94}, {'48:8b:0a:f3:19:43': -84}, {'84:f1:47:a8:77:23': -95}, {'84:5a:3e:94:a4:82': -94}, {'84:f1:47:a8:9d:22': -73}, {'48:8b:0a:f4:ff:82': -93}, {'48:8b:0a:ba:e1:e2': -94}, {'48:8b:0a:f3:19:42': -84}, {'48:8b:0a:f2:3a:c2': -95}, {'84:f1:47:a8:36:c2': -60}, {'84:f1:47:a8:77:22': -94}, {'f0:1d:2d:a5:83:22': -95}, {'84:5a:3e:94:a4:81': -94}, {'84:f1:47:a8:9d:21': -73}, {'48:8b:0a:f4:ff:81': -93}, {'48:8b:0a:ba:e1:e1': -94}, {'48:8b:0a:f3:19:41': -84}, {'84:f1:47:a8:36:c1': -60}, {'48:8b:0a:f2:3a:c1': -95}, {'84:f1:47:a8:73:c1': -96}, {'84:f1:47:a8:77:21': -94}, {'f0:1d:2d:a5:83:21': -95}, {'84:5a:3e:94:a4:80': -87}, {'84:f1:47:a8:9d:20': -72}, {'48:8b:0a:f4:ff:80': -87}, {'84:f1:47:a8:36:c0': -60}, {'48:8b:0a:f2:3a:c0': -95}, {'48:8b:0a:ba:e1:e0': -94}, {'48:8b:0a:f3:19:40': -84}, {'84:f1:47:a8:73:c0': -96}, {'84:f1:47:a8:77:20': -94}, {'f0:1d:2d:a5:83:20': -94}]"
20,10,"[{'84:f1:47:a8:36:c3': -59}, {'84:5a:3e:94:a4:83': -86}, {'84:f1:47:a8:9d:23': -74}, {'48:8b:0a:f4:ff:83': -87}, {'48:8b:0a:f3:19:43': -84}, {'48:8b:0a:f2:64:a3': -94}, {'48:8b:0a:bb:22:83': -96}, {'84:f1:47:a8:77:23': -85}, {'f0:1d:2d:a5:83:23': -94}, {'f0:1d:2d:a5:1d:c3': -96}, {'48:8b:0a:ba:e1:e3': -86}, {'84:5a:3e:94:a4:82': -86}, {'84:f1:47:a8:9d:22': -74}, {'84:f1:47:a8:36:c2': -59}, {'48:8b:0a:f3:19:42': -84}, {'48:8b:0a:f2:64:a2': -94}, {'84:f1:47:a8:77:22': -85}, {'f0:1d:2d:a5:83:22': -94}, {'f0:1d:2d:a5:1d:c2': -95}, {'48:8b:0a:ba:e1:e2': -87}, {'48:8b:0a:f4:ff:82': -94}, {'84:5a:3e:94:a4:81': -86}, {'84:f1:47:a8:9d:21': -74}, {'84:f1:47:a8:36:c1': -59}, {'48:8b:0a:f3:19:41': -84}, {'48:8b:0a:f2:64:a1': -94}, {'84:f1:47:a8:77:21': -85}, {'f0:1d:2d:a5:83:21': -94}, {'48:8b:0a:f4:ff:81': -94}, {'48:8b:0a:ba:e1:e1': -86}, {'48:8b:0a:f2:3a:c1': -95}, {'84:5a:3e:94:a4:80': -86}, {'84:f1:47:a8:9d:20': -74}, {'84:f1:47:a8:36:c0': -59}, {'48:8b:0a:f3:19:40': -84}, {'48:8b:0a:f2:64:a0': -94}, {'48:8b:0a:bb:22:80': -95}, {'84:f1:47:a8:77:20': -85}, {'f0:1d:2d:a5:83:20': -94}, {'48:8b:0a:f2:3a:c0': -95}, {'48:8b:0a:f4:ff:80': -93}, {'48:8b:0a:ba:e1:e0': -87}, {'86:9e:56:b9:17:6e': -97}]"
19,10,"[{'84:f1:47:a8:36:c3': -58}, {'48:8b:0a:bb:22:83': -96}, {'48:8b:0a:f2:64:a3': -94}, {'f0:1d:2d:a5:83:23': -94}, {'f0:1d:2d:a5:1d:c3': -96}, {'84:f1:47:a8:77:23': -85}, {'84:5a:3e:94:a4:83': -86}, {'48:8b:0a:f4:ff:83': -87}, {'48:8b:0a:ba:e1:e3': -86}, {'48:8b:0a:f3:19:43': -84}, {'84:f1:47:a8:9d:23': -74}, {'48:8b:0a:bb:22:80': -95}, {'48:8b:0a:f2:64:a0': -94}, {'f0:1d:2d:a5:83:20': -94}, {'84:f1:47:a8:77:20': -85}, {'48:8b:0a:f2:3a:c0': -95}, {'48:8b:0a:f4:ff:80': -93}, {'48:8b:0a:ba:e1:e0': -87}, {'48:8b:0a:f3:19:40': -84}, {'84:5a:3e:94:a4:80': -86}, {'84:f1:47:a8:9d:20': -74}, {'84:f1:47:a8:36:c0': -59}, {'48:8b:0a:f2:64:a1': -94}, {'f0:1d:2d:a5:83:21': -94}, {'84:f1:47:a8:77:21': -85}, {'48:8b:0a:f2:3a:c1': -95}, {'48:8b:0a:f4:ff:81': -94}, {'48:8b:0a:ba:e1:e1': -86}, {'48:8b:0a:f3:19:41': -84}, {'84:5a:3e:94:a4:81': -86}, {'84:f1:47:a8:9d:21': -74}, {'84:f1:47:a8:36:c1': -59}, {'48:8b:0a:f2:64:a2': -94}, {'f0:1d:2d:a5:83:22': -94}, {'f0:1d:2d:a5:1d:c2': -95}, {'84:f1:47:a8:77:22': -85}, {'48:8b:0a:ba:e1:e2': -87}, {'48:8b:0a:f4:ff:82': -94}, {'48:8b:0a:f3:19:42': -84}, {'84:5a:3e:94:a4:82': -86}, {'84:f1:47:a8:9d:22': -74}, {'84:f1:47:a8:36:c2': -59}, {'86:9e:56:b9:17:6e': -97}]"
18,10,"[{'84:f1:47:a8:36:c3': -58}, {'48:8b:0a:ba:e1:e3': -85}, {'84:f1:47:a8:9d:23': -83}, {'84:f1:47:a8:73:c3': -95}, {'48:8b:0a:f2:64:a3': -94}, {'84:f1:47:a8:77:23': -94}, {'48:8b:0a:f2:3a:c0': -93}, {'48:8b:0a:ba:e1:e0': -85}, {'84:f1:47:a8:9d:20': -83}, {'84:f1:47:a8:36:c0': -58}, {'84:f1:47:a8:73:c0': -95}, {'48:8b:0a:f2:64:a0': -93}, {'84:f1:47:a8:77:20': -94}, {'48:8b:0a:f3:19:40': -95}, {'84:5a:3e:94:a4:80': -96}, {'48:8b:0a:ba:e1:e2': -85}, {'84:f1:47:a8:36:c2': -58}, {'84:f1:47:a8:9d:22': -83}, {'84:f1:47:a8:73:c2': -95}, {'48:8b:0a:f2:64:a2': -93}, {'84:f1:47:a8:77:22': -94}, {'48:8b:0a:ba:e1:e1': -85}, {'84:f1:47:a8:36:c1': -58}, {'84:f1:47:a8:9d:21': -83}, {'84:f1:47:a8:73:c1': -95}, {'48:8b:0a:f2:64:a1': -94}, {'84:f1:47:a8:77:21': -94}, {'48:8b:0a:f2:3a:c1': -94}, {'48:8b:0a:f3:19:41': -95}, {'84:5a:3e:94:a4:81': -97}, {'c4:9a:31:73:40:7e': -94}]"
17,10,"[{'84:f1:47:a8:36:c3': -58}, {'48:8b:0a:f2:3a:c3': -94}, {'48:8b:0a:ba:e1:e3': -83}, {'84:f1:47:a8:73:c3': -96}, {'48:8b:0a:f2:64:a3': -84}, {'84:f1:47:a8:77:23': -84}, {'84:f1:47:a8:9d:23': -83}, {'48:8b:0a:f3:19:43': -95}, {'84:f1:47:a8:36:c2': -58}, {'48:8b:0a:f2:3a:c2': -93}, {'48:8b:0a:ba:e1:e2': -82}, {'84:f1:47:a8:9d:22': -82}, {'48:8b:0a:f2:64:a2': -84}, {'84:f1:47:a8:77:22': -84}, {'48:8b:0a:f3:19:42': -94}, {'84:f1:47:a8:36:c1': -58}, {'48:8b:0a:f2:3a:c1': -94}, {'48:8b:0a:ba:e1:e1': -82}, {'84:f1:47:a8:73:c1': -96}, {'48:8b:0a:f2:64:a1': -84}, {'84:f1:47:a8:77:21': -84}, {'84:f1:47:a8:9d:21': -83}, {'48:8b:0a:f3:19:41': -94}, {'84:f1:47:a8:36:c0': -58}, {'48:8b:0a:f2:3a:c0': -94}, {'48:8b:0a:ba:e1:e0': -83}, {'84:f1:47:a8:73:c0': -96}, {'48:8b:0a:f2:64:a0': -83}, {'f0:1d:2d:a5:83:20': -96}, {'84:f1:47:a8:77:20': -84}, {'84:f1:47:a8:9d:20': -83}, {'48:8b:0a:f3:19:40': -94}, {'c4:9a:31:73:40:7e': -96}, {'72:cf:49:d7:21:fc': -97}]"
16,10,"[{'84:f1:47:a8:36:c3': -59}, {'48:8b:0a:ba:e1:e3': -84}, {'48:8b:0a:f2:3a:c3': -94}, {'84:f1:47:a8:9d:23': -85}, {'84:f1:47:a8:73:c3': -95}, {'48:8b:0a:f2:64:a3': -85}, {'84:f1:47:a8:77:23': -94}, {'48:8b:0a:ba:e1:e1': -84}, {'84:f1:47:a8:9d:21': -85}, {'84:f1:47:a8:36:c1': -59}, {'84:f1:47:a8:73:c1': -95}, {'48:8b:0a:f2:64:a1': -84}, {'84:f1:47:a8:77:21': -94}, {'48:8b:0a:f2:3a:c1': -95}, {'48:8b:0a:ba:e1:e2': -84}, {'84:f1:47:a8:9d:22': -85}, {'84:f1:47:a8:36:c2': -59}, {'84:f1:47:a8:73:c2': -95}, {'48:8b:0a:f2:64:a2': -85}, {'84:f1:47:a8:77:22': -94}, {'48:8b:0a:f2:3a:c2': -95}, {'48:8b:0a:ba:e1:e0': -84}, {'84:f1:47:a8:9d:20': -85}, {'84:f1:47:a8:36:c0': -59}, {'84:f1:47:a8:73:c0': -96}, {'48:8b:0a:f2:64:a0': -84}, {'84:f1:47:a8:77:20': -94}, {'48:8b:0a:f2:3a:c0': -95}, {'c4:9a:31:73:40:7e': -96}]"
15,10,"[{'48:8b:0a:f2:3a:c2': -86}, {'84:f1:47:a8:9d:22': -93}, {'84:f1:47:a8:36:c2': -59}, {'48:8b:0a:ba:e1:e2': -84}, {'48:8b:0a:f2:64:a2': -83}, {'84:f1:47:a8:73:c2': -93}, {'84:f1:47:a8:77:22': -94}, {'f0:1d:2d:a5:1d:c2': -96}, {'48:8b:0a:f2:3a:c1': -86}, {'84:f1:47:a8:9d:21': -87}, {'84:f1:47:a8:36:c1': -59}, {'48:8b:0a:ba:e1:e1': -84}, {'48:8b:0a:f2:64:a1': -82}, {'84:f1:47:a8:73:c1': -94}, {'84:f1:47:a8:77:21': -94}, {'48:8b:0a:f3:19:41': -95}, {'84:f1:47:a8:9d:20': -87}, {'48:8b:0a:f2:3a:c0': -86}, {'84:f1:47:a8:36:c0': -59}, {'48:8b:0a:ba:e1:e0': -84}, {'48:8b:0a:f2:64:a0': -82}, {'84:f1:47:a8:73:c0': -94}, {'84:f1:47:a8:77:20': -95}, {'48:8b:0a:f3:19:40': -95}, {'84:f1:47:a8:36:c3': -59}, {'48:8b:0a:f2:3a:c3': -86}, {'84:f1:47:a8:9d:23': -93}, {'48:8b:0a:ba:e1:e3': -84}, {'84:f1:47:a8:73:c3': -94}, {'48:8b:0a:f2:64:a3': -82}, {'84:f1:47:a8:77:23': -94}, {'c4:9a:31:73:40:7e': -95}, {'86:9e:56:b9:17:6e': -96}]"
14,10,"[{'84:f1:47:a8:36:c3': -59}, {'84:f1:47:a8:9d:23': -86}, {'84:f1:47:a8:73:c3': -95}, {'48:8b:0a:f2:64:a3': -84}, {'84:f1:47:a8:77:23': -94}, {'48:8b:0a:f2:3a:c3': -94}, {'48:8b:0a:ba:e1:e3': -86}, {'84:f1:47:a8:9d:22': -86}, {'84:f1:47:a8:36:c2': -59}, {'84:f1:47:a8:73:c2': -94}, {'48:8b:0a:f2:64:a2': -85}, {'84:f1:47:a8:77:22': -94}, {'48:8b:0a:f2:3a:c2': -94}, {'48:8b:0a:ba:e1:e2': -86}, {'84:f1:47:a8:9d:21': -86}, {'84:f1:47:a8:36:c1': -59}, {'48:8b:0a:ba:e1:e1': -85}, {'84:f1:47:a8:73:c1': -95}, {'48:8b:0a:f2:64:a1': -84}, {'84:f1:47:a8:77:21': -94}, {'48:8b:0a:f2:3a:c1': -94}, {'84:f1:47:a8:9d:20': -86}, {'84:f1:47:a8:36:c0': -59}, {'48:8b:0a:ba:e1:e0': -85}, {'48:8b:0a:f2:64:a0': -85}, {'84:f1:47:a8:73:c0': -94}, {'f0:1d:2d:a5:1d:c0': -96}, {'84:f1:47:a8:77:20': -94}, {'48:8b:0a:f2:3a:c0': -94}, {'c4:9a:31:73:40:7e': -96}]"
13,10,"[{'84:f1:47:a8:36:c3': -59}, {'48:8b:0a:ba:e1:e3': -84}, {'84:f1:47:a8:9d:23': -84}, {'84:f1:47:a8:73:c3': -94}, {'48:8b:0a:f2:64:a3': -74}, {'84:f1:47:a8:77:23': -87}, {'48:8b:0a:ba:e1:e2': -84}, {'84:f1:47:a8:9d:22': -84}, {'84:f1:47:a8:36:c2': -58}, {'84:f1:47:a8:73:c2': -94}, {'48:8b:0a:f2:64:a2': -83}, {'84:f1:47:a8:77:22': -87}, {'48:8b:0a:ba:e1:e1': -84}, {'84:f1:47:a8:9d:21': -84}, {'84:f1:47:a8:36:c1': -58}, {'84:f1:47:a8:73:c1': -87}, {'48:8b:0a:f2:64:a1': -82}, {'84:f1:47:a8:77:21': -87}, {'48:8b:0a:f2:3a:c1': -96}, {'48:8b:0a:ba:e1:e0': -84}, {'84:f1:47:a8:9d:20': -84}, {'84:f1:47:a8:36:c0': -58}, {'84:f1:47:a8:73:c0': -94}, {'48:8b:0a:f2:64:a0': -74}, {'84:f1:47:a8:77:20': -87}, {'48:8b:0a:f2:3a:c0': -96}, {'c4:9a:31:73:40:7e': -95}, {'86:9e:56:b9:17:6e': -97}]"
12,10,"[{'84:f1:47:a8:36:c2': -58}, {'84:f1:47:a8:9d:22': -84}, {'84:f1:47:a8:73:c2': -83}, {'48:8b:0a:f2:64:a2': -83}, {'f0:1d:2d:a5:1d:c2': -95}, {'84:f1:47:a8:77:22': -94}, {'48:8b:0a:f2:3a:c2': -94}, {'48:8b:0a:ba:e1:e2': -93}, {'84:f1:47:a8:36:c1': -58}, {'84:f1:47:a8:9d:21': -84}, {'48:8b:0a:ba:e1:e1': -94}, {'84:f1:47:a8:73:c1': -83}, {'48:8b:0a:f2:64:a1': -83}, {'84:f1:47:a8:77:21': -94}, {'f0:1d:2d:a5:1d:c1': -95}, {'48:8b:0a:f2:3a:c1': -95}, {'84:f1:47:a8:36:c0': -58}, {'84:f1:47:a8:9d:20': -84}, {'48:8b:0a:f2:3a:c0': -94}, {'48:8b:0a:ba:e1:e0': -93}, {'84:f1:47:a8:73:c0': -83}, {'48:8b:0a:f2:64:a0': -83}, {'84:f1:47:a8:77:20': -94}, {'84:f1:47:a8:36:c3': -58}, {'84:f1:47:a8:9d:23': -84}, {'48:8b:0a:f2:64:a3': -83}, {'84:f1:47:a8:73:c3': -83}, {'f0:1d:2d:a5:1d:c3': -95}, {'84:f1:47:a8:77:23': -94}, {'48:8b:0a:f2:3a:c3': -95}, {'48:8b:0a:ba:e1:e3': -93}, {'ae:f4:66:11:f6:27': -96}]"
11,10,"[{'84:f1:47:a8:36:c0': -57}, {'84:f1:47:a8:73:c0': -84}, {'f0:1d:2d:a5:1d:c0': -93}, {'84:f1:47:a8:77:20': -85}, {'84:f1:47:a8:9d:20': -86}, {'48:8b:0a:f2:3a:c0': -93}, {'48:8b:0a:ba:e1:e0': -87}, {'48:8b:0a:f3:19:40': -87}, {'84:f1:47:a8:36:c3': -57}, {'48:8b:0a:f2:64:a3': -84}, {'84:f1:47:a8:73:c3': -84}, {'84:f1:47:a8:77:23': -84}, {'84:f1:47:a8:9d:23': -86}, {'48:8b:0a:f2:3a:c3': -94}, {'48:8b:0a:ba:e1:e3': -87}, {'48:8b:0a:f3:19:43': -87}, {'84:f1:47:a8:36:c2': -57}, {'84:f1:47:a8:73:c2': -84}, {'84:f1:47:a8:77:22': -84}, {'84:f1:47:a8:9d:22': -86}, {'48:8b:0a:f2:3a:c2': -94}, {'48:8b:0a:ba:e1:e2': -87}, {'48:8b:0a:f3:19:42': -93}, {'84:f1:47:a8:36:c1': -57}, {'48:8b:0a:f2:64:a1': -84}, {'84:f1:47:a8:73:c1': -84}, {'84:f1:47:a8:77:21': -85}, {'84:f1:47:a8:9d:21': -86}, {'48:8b:0a:f2:3a:c1': -93}, {'48:8b:0a:ba:e1:e1': -87}, {'48:8b:0a:f3:19:41': -93}, {'ae:f4:66:11:f6:27': -97}]"
10,10,"[{'84:f1:47:a8:36:c3': -58}, {'84:f1:47:a8:9d:23': -87}, {'48:8b:0a:f2:64:a3': -72}, {'84:f1:47:a8:73:c3': -86}, {'84:f1:47:a8:77:23': -87}, {'f0:1d:2d:a5:1d:c3': -87}, {'48:8b:0a:f2:3a:c3': -94}, {'48:8b:0a:ba:e1:e3': -94}, {'48:8b:0a:f3:19:43': -94}, {'84:f1:47:a8:9d:22': -87}, {'84:f1:47:a8:36:c2': -58}, {'48:8b:0a:f2:64:a2': -72}, {'84:f1:47:a8:73:c2': -86}, {'84:f1:47:a8:77:22': -87}, {'f0:1d:2d:a5:1d:c2': -87}, {'48:8b:0a:f2:3a:c2': -93}, {'48:8b:0a:ba:e1:e2': -94}, {'48:8b:0a:f3:19:42': -94}, {'84:f1:47:a8:9d:21': -87}, {'84:f1:47:a8:36:c1': -58}, {'48:8b:0a:f2:64:a1': -72}, {'84:f1:47:a8:73:c1': -86}, {'84:f1:47:a8:77:21': -93}, {'48:8b:0a:f2:3a:c1': -94}, {'48:8b:0a:ba:e1:e1': -94}, {'48:8b:0a:f3:19:41': -94}, {'84:f1:47:a8:9d:20': -87}, {'84:f1:47:a8:36:c0': -58}, {'84:f1:47:a8:73:c0': -86}, {'48:8b:0a:f2:64:a0': -71}, {'84:f1:47:a8:77:20': -87}, {'f0:1d:2d:a5:1d:c0': -93}, {'48:8b:0a:f2:3a:c0': -94}, {'48:8b:0a:ba:e1:e0': -94}, {'48:8b:0a:f3:19:40': -94}, {'ae:f4:66:11:f6:27': -97}]"
9,10,"[{'84:f1:47:a8:36:c3': -58}, {'48:8b:0a:f3:19:43': -86}, {'84:f1:47:a8:73:c3': -85}, {'48:8b:0a:f2:64:a3': -83}, {'84:f1:47:a8:77:23': -86}, {'f0:1d:2d:a5:1d:c3': -86}, {'48:8b:0a:f2:3a:c3': -94}, {'84:f1:47:a8:9d:23': -94}, {'48:8b:0a:ba:e1:e3': -94}, {'48:8b:0a:f3:19:42': -85}, {'84:f1:47:a8:36:c2': -58}, {'48:8b:0a:f2:64:a2': -83}, {'84:f1:47:a8:73:c2': -85}, {'84:f1:47:a8:77:22': -86}, {'f0:1d:2d:a5:1d:c2': -86}, {'48:8b:0a:f2:3a:c2': -94}, {'84:f1:47:a8:9d:22': -94}, {'48:8b:0a:ba:e1:e2': -94}, {'48:8b:0a:f3:19:41': -86}, {'84:f1:47:a8:36:c1': -58}, {'84:f1:47:a8:73:c1': -85}, {'48:8b:0a:f2:64:a1': -83}, {'84:f1:47:a8:77:21': -86}, {'f0:1d:2d:a5:1d:c1': -86}, {'48:8b:0a:f2:3a:c1': -94}, {'48:8b:0a:ba:e1:e1': -94}, {'84:f1:47:a8:9d:21': -94}, {'48:8b:0a:f3:19:40': -86}, {'84:f1:47:a8:36:c0': -58}, {'84:f1:47:a8:73:c0': -85}, {'48:8b:0a:f2:64:a0': -83}, {'84:f1:47:a8:77:20': -86}, {'f0:1d:2d:a5:1d:c0': -86}, {'48:8b:0a:f2:3a:c0': -94}, {'48:8b:0a:ba:e1:e0': -94}, {'84:f1:47:a8:9d:20': -94}]"
8,10,"[{'84:f1:47:a8:36:c3': -57}, {'48:8b:0a:f3:19:43': -86}, {'84:f1:47:a8:73:c3': -94}, {'48:8b:0a:f2:64:a3': -84}, {'f0:1d:2d:a5:1d:c3': -74}, {'84:f1:47:a8:77:23': -94}, {'84:f1:47:a8:9d:23': -94}, {'48:8b:0a:ba:e1:e3': -94}, {'84:f1:47:a8:36:c2': -58}, {'48:8b:0a:f3:19:42': -86}, {'84:f1:47:a8:73:c2': -94}, {'48:8b:0a:f2:64:a2': -85}, {'f0:1d:2d:a5:1d:c2': -74}, {'84:f1:47:a8:77:22': -94}, {'84:f1:47:a8:9d:22': -94}, {'48:8b:0a:f2:3a:c2': -94}, {'48:8b:0a:ba:e1:e2': -94}, {'84:f1:47:a8:36:c1': -58}, {'84:f1:47:a8:73:c1': -94}, {'48:8b:0a:f2:64:a1': -84}, {'f0:1d:2d:a5:1d:c1': -74}, {'84:f1:47:a8:77:21': -94}, {'84:f1:47:a8:9d:21': -94}, {'48:8b:0a:ba:e1:e1': -94}, {'48:8b:0a:f3:19:41': -86}, {'48:8b:0a:f2:3a:c1': -94}, {'84:f1:47:a8:36:c0': -58}, {'48:8b:0a:f3:19:40': -86}, {'84:f1:47:a8:73:c0': -94}, {'48:8b:0a:f2:64:a0': -84}, {'f0:1d:2d:a5:1d:c0': -74}, {'84:f1:47:a8:77:20': -94}, {'84:f1:47:a8:9d:20': -94}, {'48:8b:0a:f2:3a:c0': -94}, {'48:8b:0a:ba:e1:e0': -94}, {'ae:f4:66:11:f6:27': -96}]"
8,11,"[{'84:f1:47:a8:36:c3': -56}, {'48:8b:0a:f3:19:43': -84}, {'84:f1:47:a8:73:c3': -86}, {'48:8b:0a:f2:64:a3': -60}, {'84:f1:47:a8:77:23': -85}, {'f0:1d:2d:a5:1d:c3': -84}, {'48:8b:0a:f2:3a:c3': -94}, {'84:f1:47:a8:9d:23': -94}, {'48:8b:0a:ba:e1:e3': -95}, {'84:f1:47:a8:36:c2': -57}, {'48:8b:0a:f3:19:42': -84}, {'84:f1:47:a8:73:c2': -86}, {'48:8b:0a:f2:64:a2': -60}, {'f0:1d:2d:a5:1d:c2': -84}, {'84:f1:47:a8:77:22': -85}, {'48:8b:0a:f2:3a:c2': -94}, {'48:8b:0a:ba:e1:e2': -95}, {'84:f1:47:a8:36:c1': -57}, {'48:8b:0a:f3:19:41': -84}, {'48:8b:0a:f2:64:a1': -71}, {'84:f1:47:a8:73:c1': -86}, {'84:f1:47:a8:77:21': -85}, {'48:8b:0a:f2:3a:c1': -94}, {'84:f1:47:a8:9d:21': -94}, {'48:8b:0a:ba:e1:e1': -95}, {'84:f1:47:a8:36:c0': -57}, {'48:8b:0a:f3:19:40': -84}, {'84:f1:47:a8:73:c0': -86}, {'48:8b:0a:f2:64:a0': -71}, {'f0:1d:2d:a5:1d:c0': -84}, {'84:f1:47:a8:77:20': -85}, {'48:8b:0a:f2:3a:c0': -94}, {'84:f1:47:a8:9d:20': -94}, {'48:8b:0a:ba:e1:e0': -94}, {'86:9e:56:b9:17:6e': -96}, {'32:13:8b:3e:57:39': -93}]"
9,11,"[{'84:f1:47:a8:36:c3': -57}, {'84:f1:47:a8:73:c3': -85}, {'48:8b:0a:f2:64:a3': -74}, {'f0:1d:2d:a5:1d:c3': -94}, {'84:f1:47:a8:77:23': -86}, {'48:8b:0a:f3:19:43': -93}, {'84:f1:47:a8:9d:23': -94}, {'48:8b:0a:f2:3a:c3': -86}, {'48:8b:0a:ba:e1:e3': -85}, {'48:8b:0a:ba:e1:e1': -85}, {'84:f1:47:a8:36:c1': -57}, {'84:f1:47:a8:73:c1': -86}, {'48:8b:0a:f2:64:a1': -73}, {'84:f1:47:a8:77:21': -87}, {'f0:1d:2d:a5:1d:c1': -94}, {'84:f1:47:a8:9d:21': -94}, {'48:8b:0a:f3:19:41': -93}, {'48:8b:0a:f2:3a:c1': -86}, {'48:8b:0a:ba:e1:e0': -85}, {'84:f1:47:a8:36:c0': -57}, {'84:f1:47:a8:73:c0': -86}, {'48:8b:0a:f2:64:a0': -73}, {'84:f1:47:a8:77:20': -87}, {'f0:1d:2d:a5:1d:c0': -94}, {'84:f1:47:a8:9d:20': -94}, {'48:8b:0a:f3:19:40': -86}, {'48:8b:0a:f2:3a:c0': -86}, {'84:f1:47:a8:36:c2': -57}, {'84:f1:47:a8:73:c2': -85}, {'48:8b:0a:f2:64:a2': -74}, {'84:f1:47:a8:77:22': -87}, {'f0:1d:2d:a5:1d:c2': -93}, {'48:8b:0a:f3:19:42': -87}, {'84:f1:47:a8:9d:22': -94}, {'48:8b:0a:f2:3a:c2': -86}, {'48:8b:0a:ba:e1:e2': -85}, {'32:13:8b:3e:57:39': -96}, {'86:9e:56:b9:17:6e': -96}, {'1a:bd:dc:3d:5a:3b': -99}]"
10,11,"[{'84:f1:47:a8:36:c3': -58}, {'48:8b:0a:f2:64:a3': -74}, {'84:f1:47:a8:77:23': -83}, {'f0:1d:2d:a5:1d:c3': -86}, {'48:8b:0a:f2:3a:c3': -94}, {'48:8b:0a:ba:e1:e3': -94}, {'48:8b:0a:f3:19:43': -86}, {'84:f1:47:a8:9d:23': -94}, {'c4:9a:31:73:40:7e': -97}, {'84:f1:47:a8:36:c2': -58}, {'48:8b:0a:f2:64:a2': -82}, {'84:f1:47:a8:77:22': -83}, {'f0:1d:2d:a5:1d:c2': -86}, {'48:8b:0a:f2:3a:c2': -94}, {'48:8b:0a:ba:e1:e2': -94}, {'48:8b:0a:f3:19:42': -86}, {'84:f1:47:a8:9d:22': -95}, {'84:f1:47:a8:36:c1': -58}, {'84:f1:47:a8:73:c1': -83}, {'48:8b:0a:f2:64:a1': -74}, {'84:f1:47:a8:77:21': -83}, {'f0:1d:2d:a5:1d:c1': -86}, {'48:8b:0a:f2:3a:c1': -94}, {'48:8b:0a:ba:e1:e1': -95}, {'48:8b:0a:f3:19:41': -86}, {'84:f1:47:a8:9d:21': -94}, {'84:f1:47:a8:36:c0': -57}, {'48:8b:0a:f2:64:a0': -74}, {'84:f1:47:a8:77:20': -82}, {'48:8b:0a:f2:3a:c0': -94}, {'48:8b:0a:ba:e1:e0': -94}, {'48:8b:0a:f3:19:40': -86}, {'84:f1:47:a8:9d:20': -95}, {'86:9e:56:b9:17:6e': -97}, {'32:13:8b:3e:57:39': -96}]"
11,11,"[{'84:f1:47:a8:36:c3': -58}, {'48:8b:0a:f2:64:a3': -74}, {'84:f1:47:a8:77:23': -83}, {'f0:1d:2d:a5:1d:c3': -86}, {'48:8b:0a:f2:3a:c3': -94}, {'48:8b:0a:ba:e1:e3': -94}, {'48:8b:0a:f3:19:43': -86}, {'84:f1:47:a8:9d:23': -94}, {'84:f1:47:a8:73:c1': -83}, {'48:8b:0a:f2:64:a1': -74}, {'84:f1:47:a8:77:21': -83}, {'f0:1d:2d:a5:1d:c1': -86}, {'48:8b:0a:f2:3a:c1': -94}, {'48:8b:0a:ba:e1:e1': -95}, {'48:8b:0a:f3:19:41': -86}, {'84:f1:47:a8:9d:21': -94}, {'84:f1:47:a8:36:c1': -58}, {'48:8b:0a:f2:64:a2': -82}, {'84:f1:47:a8:77:22': -83}, {'f0:1d:2d:a5:1d:c2': -86}, {'48:8b:0a:f2:3a:c2': -94}, {'48:8b:0a:ba:e1:e2': -94}, {'48:8b:0a:f3:19:42': -86}, {'84:f1:47:a8:9d:22': -95}, {'84:f1:47:a8:36:c2': -58}, {'48:8b:0a:f2:64:a0': -74}, {'84:f1:47:a8:77:20': -82}, {'48:8b:0a:f2:3a:c0': -94}, {'48:8b:0a:ba:e1:e0': -94}, {'48:8b:0a:f3:19:40': -86}, {'84:f1:47:a8:9d:20': -95}, {'84:f1:47:a8:36:c0': -57}, {'c4:9a:31:73:40:7e': -97}, {'86:9e:56:b9:17:6e': -97}, {'32:13:8b:3e:57:39': -96}]"
12,11,"[{'84:f1:47:a8:36:c3': -59}, {'48:8b:0a:ba:e1:e3': -94}, {'48:8b:0a:f2:64:a3': -84}, {'84:f1:47:a8:73:c3': -94}, {'84:f1:47:a8:77:23': -95}, {'84:f1:47:a8:9d:23': -86}, {'48:8b:0a:f2:3a:c3': -95}, {'48:8b:0a:ba:e1:e1': -94}, {'84:f1:47:a8:9d:21': -86}, {'84:f1:47:a8:36:c1': -59}, {'48:8b:0a:f2:64:a1': -85}, {'84:f1:47:a8:77:21': -95}, {'48:8b:0a:f2:3a:c1': -96}, {'48:8b:0a:ba:e1:e0': -94}, {'84:f1:47:a8:36:c0': -59}, {'48:8b:0a:f2:64:a0': -84}, {'84:f1:47:a8:9d:20': -86}, {'48:8b:0a:f3:19:40': -96}, {'48:8b:0a:f2:3a:c0': -96}, {'84:f1:47:a8:36:c2': -59}, {'48:8b:0a:f2:64:a2': -83}, {'84:f1:47:a8:9d:22': -86}, {'48:8b:0a:ba:e1:e2': -94}]"
13,11,"[{'84:f1:47:a8:36:c3': -59}, {'84:f1:47:a8:9d:23': -93}, {'48:8b:0a:ba:e1:e3': -93}, {'e0:0e:da:df:d5:73': -96}, {'84:f1:47:a8:73:c3': -94}, {'48:8b:0a:f2:64:a3': -85}, {'84:f1:47:a8:77:23': -93}, {'48:8b:0a:f3:19:43': -94}, {'84:f1:47:a8:9d:22': -87}, {'84:f1:47:a8:36:c2': -59}, {'48:8b:0a:ba:e1:e2': -94}, {'e0:0e:da:df:d5:72': -96}, {'48:8b:0a:f2:64:a2': -86}, {'84:f1:47:a8:73:c2': -94}, {'84:f1:47:a8:77:22': -93}, {'84:f1:47:a8:9d:21': -86}, {'84:f1:47:a8:36:c1': -59}, {'48:8b:0a:ba:e1:e1': -94}, {'e0:0e:da:df:d5:71': -96}, {'84:f1:47:a8:73:c1': -94}, {'48:8b:0a:f2:64:a1': -85}, {'84:f1:47:a8:77:21': -93}, {'48:8b:0a:f3:19:41': -95}, {'48:8b:0a:f2:3a:c1': -95}, {'84:f1:47:a8:9d:20': -87}, {'84:f1:47:a8:36:c0': -60}, {'48:8b:0a:f2:3a:c0': -95}, {'48:8b:0a:ba:e1:e0': -94}, {'e0:0e:da:df:d5:70': -96}, {'84:f1:47:a8:73:c0': -94}, {'48:8b:0a:f2:64:a0': -85}, {'84:f1:47:a8:77:20': -93}, {'48:8b:0a:f3:19:40': -95}, {'c4:9a:31:73:40:7e': -97}]"
14,11,"[{'84:f1:47:a8:36:c3': -59}, {'84:f1:47:a8:9d:23': -87}, {'48:8b:0a:f2:3a:c3': -95}, {'48:8b:0a:ba:e1:e3': -94}, {'e0:0e:da:df:d5:73': -96}, {'84:f1:47:a8:73:c3': -94}, {'48:8b:0a:f2:64:a3': -93}, {'84:f1:47:a8:77:23': -86}, {'84:f1:47:a8:9d:22': -87}, {'84:f1:47:a8:36:c2': -71}, {'48:8b:0a:ba:e1:e2': -94}, {'e0:0e:da:df:d5:72': -96}, {'84:f1:47:a8:73:c2': -94}, {'48:8b:0a:f2:64:a2': -94}, {'84:f1:47:a8:77:22': -86}, {'84:f1:47:a8:9d:21': -87}, {'48:8b:0a:ba:e1:e1': -94}, {'84:f1:47:a8:36:c1': -71}, {'e0:0e:da:df:d5:71': -96}, {'48:8b:0a:f2:64:a1': -94}, {'84:f1:47:a8:73:c1': -94}, {'84:f1:47:a8:77:21': -86}, {'48:8b:0a:f3:19:41': -96}, {'48:8b:0a:f2:3a:c1': -95}, {'84:f1:47:a8:9d:20': -93}, {'48:8b:0a:f3:19:40': -95}, {'48:8b:0a:ba:e1:e0': -95}, {'84:f1:47:a8:36:c0': -60}, {'e0:0e:da:df:d5:70': -96}, {'84:f1:47:a8:73:c0': -94}, {'48:8b:0a:f2:64:a0': -93}, {'84:f1:47:a8:77:20': -86}, {'48:8b:0a:f2:3a:c0': -95}]"
15,11,"[{'84:f1:47:a8:36:c3': -59}, {'84:f1:47:a8:9d:23': -86}, {'48:8b:0a:ba:e1:e3': -86}, {'e0:0e:da:df:d5:73': -96}, {'84:f1:47:a8:73:c3': -96}, {'48:8b:0a:f2:64:a3': -94}, {'84:f1:47:a8:77:23': -87}, {'f0:1d:2d:a5:83:23': -96}, {'84:f1:47:a8:9d:22': -86}, {'48:8b:0a:ba:e1:e2': -86}, {'84:f1:47:a8:36:c2': -59}, {'e0:0e:da:df:d5:72': -97}, {'48:8b:0a:f2:64:a2': -94}, {'84:f1:47:a8:77:22': -86}, {'f0:1d:2d:a5:83:22': -96}, {'84:f1:47:a8:9d:21': -86}, {'48:8b:0a:ba:e1:e1': -86}, {'84:f1:47:a8:36:c1': -60}, {'48:8b:0a:f2:64:a1': -94}, {'f0:1d:2d:a5:83:21': -96}, {'84:f1:47:a8:77:21': -87}, {'48:8b:0a:f2:3a:c1': -95}, {'84:f1:47:a8:9d:20': -86}, {'48:8b:0a:ba:e1:e0': -86}, {'84:f1:47:a8:36:c0': -59}, {'e0:0e:da:df:d5:70': -96}, {'84:f1:47:a8:73:c0': -96}, {'48:8b:0a:f2:64:a0': -94}, {'f0:1d:2d:a5:83:20': -96}, {'84:f1:47:a8:77:20': -87}, {'c4:9a:31:73:40:7e': -95}]"
16,11,"[{'84:f1:47:a8:36:c3': -60}, {'48:8b:0a:f2:3a:c3': -94}, {'48:8b:0a:ba:e1:e3': -84}, {'84:f1:47:a8:9d:23': -84}, {'84:f1:47:a8:73:c3': -96}, {'48:8b:0a:f2:64:a3': -84}, {'84:f1:47:a8:77:23': -94}, {'48:8b:0a:f2:3a:c2': -94}, {'48:8b:0a:ba:e1:e2': -84}, {'84:f1:47:a8:9d:22': -84}, {'84:f1:47:a8:36:c2': -59}, {'48:8b:0a:f2:64:a2': -84}, {'84:f1:47:a8:77:22': -93}, {'48:8b:0a:f2:3a:c0': -95}, {'48:8b:0a:ba:e1:e0': -84}, {'84:f1:47:a8:9d:20': -84}, {'48:8b:0a:f3:19:40': -96}, {'84:f1:47:a8:36:c0': -59}, {'84:f1:47:a8:73:c0': -96}, {'48:8b:0a:f2:64:a0': -84}, {'84:f1:47:a8:77:20': -93}, {'48:8b:0a:f2:3a:c1': -94}, {'48:8b:0a:ba:e1:e1': -84}, {'84:f1:47:a8:9d:21': -85}, {'84:f1:47:a8:36:c1': -59}, {'48:8b:0a:f2:64:a1': -84}, {'84:f1:47:a8:77:21': -93}, {'48:8b:0a:f3:19:41': -97}, {'c4:9a:31:73:40:7e': -94}]"
17,11,"[{'84:f1:47:a8:36:c3': -73}, {'84:f1:47:a8:9d:23': -84}, {'48:8b:0a:f2:3a:c3': -94}, {'84:f1:47:a8:73:c3': -95}, {'48:8b:0a:f2:64:a3': -95}, {'84:f1:47:a8:77:23': -93}, {'48:8b:0a:ba:e1:e3': -94}, {'84:f1:47:a8:9d:22': -84}, {'84:f1:47:a8:36:c2': -72}, {'48:8b:0a:f3:19:42': -95}, {'84:f1:47:a8:73:c2': -95}, {'48:8b:0a:f2:64:a2': -95}, {'84:f1:47:a8:77:22': -94}, {'48:8b:0a:ba:e1:e2': -94}, {'48:8b:0a:f2:3a:c2': -94}, {'84:f1:47:a8:9d:21': -84}, {'84:f1:47:a8:36:c1': -72}, {'48:8b:0a:f3:19:41': -95}, {'48:8b:0a:f2:3a:c1': -94}, {'84:f1:47:a8:73:c1': -95}, {'48:8b:0a:f2:64:a1': -95}, {'84:f1:47:a8:77:21': -93}, {'48:8b:0a:ba:e1:e1': -94}, {'84:5a:3e:94:a4:81': -96}, {'84:f1:47:a8:9d:20': -84}, {'84:f1:47:a8:36:c0': -72}, {'48:8b:0a:f2:3a:c0': -94}, {'48:8b:0a:ba:e1:e0': -94}, {'84:f1:47:a8:73:c0': -95}, {'48:8b:0a:f2:64:a0': -95}, {'84:f1:47:a8:77:20': -93}, {'48:8b:0a:f3:19:40': -96}, {'84:5a:3e:94:a4:80': -96}, {'32:13:8b:3e:57:39': -96}]"
18,11,"[{'84:f1:47:a8:36:c3': -72}, {'84:f1:47:a8:9d:23': -84}, {'48:8b:0a:ba:e1:e3': -86}, {'f0:1d:2d:a5:83:23': -96}, {'84:f1:47:a8:77:23': -96}, {'84:5a:3e:94:a4:83': -96}, {'84:f1:47:a8:9d:22': -84}, {'84:f1:47:a8:36:c2': -60}, {'48:8b:0a:ba:e1:e2': -86}, {'84:f1:47:a8:73:c2': -97}, {'f0:1d:2d:a5:83:22': -96}, {'84:f1:47:a8:77:22': -96}, {'84:f1:47:a8:9d:21': -85}, {'84:f1:47:a8:36:c1': -60}, {'84:5a:3e:94:a4:81': -96}, {'48:8b:0a:ba:e1:e1': -87}, {'48:8b:0a:f2:64:a1': -95}, {'f0:1d:2d:a5:83:21': -95}, {'84:f1:47:a8:9d:20': -84}, {'84:f1:47:a8:36:c0': -60}, {'48:8b:0a:ba:e1:e0': -87}, {'84:5a:3e:94:a4:80': -95}, {'f0:1d:2d:a5:83:20': -95}, {'48:8b:0a:f3:19:40': -97}, {'48:8b:0a:f2:3a:c0': -97}, {'c4:9a:31:73:40:7e': -96}]"
19,11,"[{'84:f1:47:a8:36:c3': -60}, {'f0:1d:2d:a5:83:23': -96}, {'84:f1:47:a8:77:23': -96}, {'84:5a:3e:94:a4:83': -96}, {'84:f1:47:a8:9d:23': -84}, {'48:8b:0a:ba:e1:e3': -86}, {'84:5a:3e:94:a4:81': -96}, {'48:8b:0a:f2:64:a1': -95}, {'f0:1d:2d:a5:83:21': -95}, {'48:8b:0a:ba:e1:e1': -87}, {'84:f1:47:a8:9d:21': -85}, {'84:f1:47:a8:36:c1': -60}, {'c4:9a:31:73:40:7e': -96}, {'84:f1:47:a8:73:c2': -97}, {'f0:1d:2d:a5:83:22': -96}, {'84:f1:47:a8:77:22': -96}, {'48:8b:0a:ba:e1:e2': -86}, {'84:f1:47:a8:9d:22': -84}, {'84:f1:47:a8:36:c2': -60}, {'f0:1d:2d:a5:83:20': -95}, {'48:8b:0a:f3:19:40': -97}, {'48:8b:0a:f2:3a:c0': -97}, {'48:8b:0a:ba:e1:e0': -87}, {'84:5a:3e:94:a4:80': -95}, {'84:f1:47:a8:9d:20': -84}, {'84:f1:47:a8:36:c0': -60}]"
20,11,"[{'84:f1:47:a8:36:c3': -71}, {'84:f1:47:a8:9d:23': -73}, {'48:8b:0a:f2:3a:c3': -94}, {'48:8b:0a:ba:e1:e3': -94}, {'48:8b:0a:f4:ff:83': -86}, {'48:8b:0a:f3:19:43': -86}, {'84:5a:3e:94:a4:83': -86}, {'f0:1d:2d:a5:83:23': -95}, {'84:f1:47:a8:77:23': -86}, {'f0:1d:2d:a5:1d:c3': -95}, {'84:f1:47:a8:9d:22': -72}, {'84:f1:47:a8:36:c2': -59}, {'48:8b:0a:ba:e1:e2': -94}, {'48:8b:0a:f4:ff:82': -86}, {'48:8b:0a:f3:19:42': -86}, {'48:8b:0a:f2:3a:c2': -94}, {'84:5a:3e:94:a4:82': -86}, {'84:f1:47:a8:73:c2': -96}, {'f0:1d:2d:a5:83:22': -95}, {'84:f1:47:a8:77:22': -87}, {'f0:1d:2d:a5:1d:c2': -95}, {'84:f1:47:a8:9d:21': -73}, {'84:f1:47:a8:36:c1': -59}, {'48:8b:0a:f2:3a:c1': -94}, {'48:8b:0a:ba:e1:e1': -94}, {'48:8b:0a:f4:ff:81': -86}, {'48:8b:0a:f3:19:41': -86}, {'84:5a:3e:94:a4:81': -86}, {'84:f1:47:a8:73:c1': -96}, {'f0:1d:2d:a5:83:21': -95}, {'84:f1:47:a8:77:21': -87}, {'f0:1d:2d:a5:1d:c1': -95}, {'84:f1:47:a8:9d:20': -72}, {'84:f1:47:a8:36:c0': -59}, {'48:8b:0a:f2:3a:c0': -94}, {'84:5a:3e:94:a4:80': -86}, {'48:8b:0a:f4:ff:80': -86}, {'48:8b:0a:f3:19:40': -86}, {'48:8b:0a:ba:e1:e0': -94}, {'84:f1:47:a8:73:c0': -96}, {'84:f1:47:a8:77:20': -86}, {'f0:1d:2d:a5:1d:c0': -95}, {'32:13:8b:3e:57:39': -95}]"
21,11,"[{'84:f1:47:a8:36:c3': -72}, {'84:f1:47:a8:9d:23': -72}, {'48:8b:0a:f2:64:a3': -95}, {'f0:1d:2d:a5:83:23': -94}, {'84:f1:47:a8:77:23': -94}, {'48:8b:0a:ba:e1:e3': -95}, {'48:8b:0a:f3:19:43': -94}, {'48:8b:0a:f2:3a:c3': -94}, {'84:5a:3e:94:a4:80': -95}, {'48:8b:0a:ba:e1:e0': -94}, {'84:f1:47:a8:9d:20': -72}, {'84:f1:47:a8:36:c0': -73}, {'e0:0e:da:df:d5:70': -96}, {'48:8b:0a:f2:64:a0': -95}, {'f0:1d:2d:a5:83:20': -94}, {'84:f1:47:a8:77:20': -94}, {'48:8b:0a:f3:19:40': -94}, {'48:8b:0a:f2:3a:c0': -94}, {'48:8b:0a:f2:3a:c1': -94}, {'84:f1:47:a8:9d:21': -72}, {'84:f1:47:a8:36:c1': -73}, {'48:8b:0a:f2:64:a1': -95}, {'f0:1d:2d:a5:83:21': -94}, {'84:f1:47:a8:77:21': -94}, {'48:8b:0a:f3:19:41': -94}, {'48:8b:0a:ba:e1:e1': -95}, {'84:5a:3e:94:a4:81': -96}, {'48:8b:0a:f4:ff:81': -97}, {'84:f1:47:a8:9d:22': -72}, {'84:f1:47:a8:36:c2': -73}, {'e0:0e:da:df:d5:72': -96}, {'48:8b:0a:f2:64:a2': -95}, {'f0:1d:2d:a5:83:22': -94}, {'84:f1:47:a8:77:22': -94}, {'48:8b:0a:f3:19:42': -94}, {'32:13:8b:3e:57:39': -95}]"
22,11,"[{'84:f1:47:a8:36:c3': -60}, {'48:8b:0a:ba:e1:e3': -95}, {'48:8b:0a:f2:3a:c3': -87}, {'84:f1:47:a8:9d:23': -74}, {'48:8b:0a:f2:64:a3': -96}, {'84:f1:47:a8:77:23': -84}, {'f0:1d:2d:a5:83:23': -94}, {'48:8b:0a:ba:e1:e2': -95}, {'84:5a:3e:94:a4:82': -94}, {'48:8b:0a:f2:3a:c2': -94}, {'84:f1:47:a8:9d:22': -73}, {'84:f1:47:a8:36:c2': -60}, {'48:8b:0a:f2:64:a2': -95}, {'84:f1:47:a8:77:22': -84}, {'48:8b:0a:ba:e1:e1': -95}, {'84:5a:3e:94:a4:81': -95}, {'48:8b:0a:f2:3a:c1': -87}, {'84:f1:47:a8:36:c1': -60}, {'48:8b:0a:f2:64:a1': -96}, {'84:f1:47:a8:77:21': -84}, {'84:f1:47:a8:9d:21': -82}, {'48:8b:0a:ba:e1:e0': -95}, {'84:5a:3e:94:a4:80': -95}, {'48:8b:0a:f4:ff:80': -97}, {'84:f1:47:a8:36:c0': -60}, {'48:8b:0a:f2:64:a0': -95}, {'84:f1:47:a8:77:20': -84}, {'48:8b:0a:f2:3a:c0': -93}, {'84:f1:47:a8:9d:20': -74}, {'32:13:8b:3e:57:39': -96}]"
23,11,"[{'84:f1:47:a8:36:c3': -72}, {'84:f1:47:a8:9d:23': -60}, {'48:8b:0a:ba:e1:e3': -94}, {'e0:0e:da:df:d5:73': -94}, {'f0:1d:2d:a5:83:23': -86}, {'84:f1:47:a8:77:23': -94}, {'48:8b:0a:f2:3a:c3': -94}, {'84:f1:47:a8:9d:22': -60}, {'48:8b:0a:ba:e1:e2': -94}, {'84:f1:47:a8:36:c2': -72}, {'e0:0e:da:df:d5:72': -94}, {'84:f1:47:a8:77:22': -94}, {'f0:1d:2d:a5:83:22': -86}, {'48:8b:0a:f2:3a:c2': -95}, {'84:f1:47:a8:9d:21': -60}, {'48:8b:0a:ba:e1:e1': -94}, {'84:f1:47:a8:36:c1': -72}, {'e0:0e:da:df:d5:71': -94}, {'48:8b:0a:f2:64:a1': -96}, {'84:f1:47:a8:77:21': -94}, {'f0:1d:2d:a5:83:21': -86}, {'84:f1:47:a8:9d:20': -60}, {'84:f1:47:a8:36:c0': -71}, {'48:8b:0a:f2:3a:c0': -94}, {'48:8b:0a:ba:e1:e0': -94}, {'e0:0e:da:df:d5:70': -95}, {'48:8b:0a:f2:64:a0': -96}, {'f0:1d:2d:a5:83:20': -86}, {'84:f1:47:a8:77:20': -94}, {'72:cf:49:d7:21:fc': -99}]"
21,12,"[{'84:f1:47:a8:36:c3': -60}, {'48:8b:0a:f4:ff:83': -85}, {'84:f1:47:a8:9d:23': -60}, {'48:8b:0a:ba:e1:e3': -95}, {'48:8b:0a:f3:19:43': -87}, {'48:8b:0a:f2:3a:c3': -94}, {'48:8b:0a:f2:64:a3': -94}, {'84:f1:47:a8:77:23': -83}, {'f0:1d:2d:a5:83:23': -94}, {'84:f1:47:a8:36:c2': -60}, {'48:8b:0a:f4:ff:82': -85}, {'84:f1:47:a8:9d:22': -60}, {'48:8b:0a:ba:e1:e2': -95}, {'48:8b:0a:f3:19:42': -87}, {'48:8b:0a:f2:3a:c2': -93}, {'48:8b:0a:f2:64:a2': -94}, {'84:f1:47:a8:77:22': -83}, {'f0:1d:2d:a5:83:22': -94}, {'84:5a:3e:94:a4:82': -96}, {'84:f1:47:a8:36:c1': -60}, {'48:8b:0a:f4:ff:81': -85}, {'84:f1:47:a8:9d:21': -60}, {'48:8b:0a:f3:19:41': -87}, {'48:8b:0a:f2:3a:c1': -94}, {'48:8b:0a:ba:e1:e1': -95}, {'48:8b:0a:f2:64:a1': -94}, {'84:f1:47:a8:77:21': -83}, {'f0:1d:2d:a5:83:21': -94}, {'84:5a:3e:94:a4:81': -95}, {'84:f1:47:a8:36:c0': -60}, {'48:8b:0a:f4:ff:80': -85}, {'84:f1:47:a8:9d:20': -71}, {'48:8b:0a:f3:19:40': -93}, {'48:8b:0a:f2:3a:c0': -94}, {'48:8b:0a:ba:e1:e0': -95}, {'48:8b:0a:f2:64:a0': -94}, {'84:f1:47:a8:77:20': -83}, {'f0:1d:2d:a5:83:20': -94}, {'84:5a:3e:94:a4:80': -95}, {'32:13:8b:3e:57:39': -95}]"
21,13,"[{'84:f1:47:a8:36:c3': -74}, {'48:8b:0a:ba:e1:e3': -95}, {'48:8b:0a:f2:64:a3': -94}, {'84:f1:47:a8:77:23': -83}, {'f0:1d:2d:a5:83:23': -94}, {'48:8b:0a:f4:ff:83': -85}, {'48:8b:0a:f3:19:43': -87}, {'48:8b:0a:f2:3a:c3': -94}, {'84:f1:47:a8:9d:23': -60}, {'48:8b:0a:ba:e1:e2': -95}, {'48:8b:0a:f2:64:a2': -94}, {'84:f1:47:a8:77:22': -83}, {'f0:1d:2d:a5:83:22': -94}, {'84:5a:3e:94:a4:82': -96}, {'84:f1:47:a8:36:c2': -60}, {'48:8b:0a:f4:ff:82': -85}, {'48:8b:0a:f3:19:42': -87}, {'48:8b:0a:f2:3a:c2': -93}, {'84:f1:47:a8:9d:22': -60}, {'48:8b:0a:f2:64:a1': -94}, {'84:f1:47:a8:77:21': -83}, {'f0:1d:2d:a5:83:21': -94}, {'84:f1:47:a8:36:c1': -60}, {'48:8b:0a:f4:ff:81': -85}, {'48:8b:0a:f3:19:41': -87}, {'48:8b:0a:f2:3a:c1': -94}, {'48:8b:0a:ba:e1:e1': -95}, {'84:5a:3e:94:a4:81': -95}, {'84:f1:47:a8:9d:21': -60}, {'48:8b:0a:f2:64:a0': -94}, {'84:f1:47:a8:77:20': -83}, {'f0:1d:2d:a5:83:20': -94}, {'84:f1:47:a8:36:c0': -60}, {'48:8b:0a:f4:ff:80': -85}, {'48:8b:0a:f3:19:40': -93}, {'48:8b:0a:f2:3a:c0': -94}, {'48:8b:0a:ba:e1:e0': -95}, {'84:5a:3e:94:a4:80': -95}, {'84:f1:47:a8:9d:20': -71}, {'32:13:8b:3e:57:39': -95}]"
21,14,"[{'84:f1:47:a8:73:c2': -96}, {'48:8b:0a:f2:64:a2': -95}, {'f0:1d:2d:a5:83:22': -95}, {'84:f1:47:a8:77:22': -72}, {'48:8b:0a:f4:ff:82': -86}, {'48:8b:0a:f3:19:42': -86}, {'48:8b:0a:f2:3a:c2': -86}, {'84:f1:47:a8:9d:22': -84}, {'84:f1:47:a8:36:c2': -83}, {'84:f1:47:a8:73:c1': -96}, {'48:8b:0a:f2:64:a1': -96}, {'f0:1d:2d:a5:83:21': -95}, {'84:f1:47:a8:77:21': -72}, {'48:8b:0a:ba:e1:e1': -97}, {'48:8b:0a:f4:ff:81': -86}, {'48:8b:0a:f3:19:41': -86}, {'48:8b:0a:f2:3a:c1': -86}, {'84:5a:3e:94:a4:81': -95}, {'84:f1:47:a8:9d:21': -85}, {'84:f1:47:a8:36:c1': -83}, {'84:f1:47:a8:73:c0': -95}, {'48:8b:0a:f2:64:a0': -96}, {'f0:1d:2d:a5:83:20': -94}, {'84:f1:47:a8:77:20': -72}, {'48:8b:0a:ba:e1:e0': -96}, {'48:8b:0a:f4:ff:80': -86}, {'48:8b:0a:f3:19:40': -86}, {'48:8b:0a:f2:3a:c0': -86}, {'84:5a:3e:94:a4:80': -95}, {'84:f1:47:a8:9d:20': -84}, {'84:f1:47:a8:36:c0': -83}, {'84:f1:47:a8:36:c3': -82}, {'84:f1:47:a8:73:c3': -96}, {'48:8b:0a:f2:64:a3': -95}, {'f0:1d:2d:a5:1d:c3': -95}, {'f0:1d:2d:a5:83:23': -95}, {'84:f1:47:a8:77:23': -72}, {'48:8b:0a:f2:3a:c3': -86}, {'84:f1:47:a8:9d:23': -84}, {'48:8b:0a:f4:ff:83': -86}, {'48:8b:0a:f3:19:43': -86}]"
21,15,"[{'84:f1:47:a8:36:c3': -74}, {'84:f1:47:a8:9d:23': -93}, {'48:8b:0a:f4:ff:83': -87}, {'48:8b:0a:f2:3a:c3': -73}, {'84:5a:3e:94:a4:83': -94}, {'48:8b:0a:f3:19:43': -86}, {'84:f1:47:a8:73:c3': -95}, {'48:8b:0a:f2:64:a3': -95}, {'f0:1d:2d:a5:1d:c3': -95}, {'84:f1:47:a8:77:23': -72}, {'84:f1:47:a8:9d:21': -87}, {'48:8b:0a:f4:ff:81': -87}, {'84:f1:47:a8:36:c1': -74}, {'84:5a:3e:94:a4:81': -94}, {'48:8b:0a:f3:19:41': -86}, {'48:8b:0a:f2:64:a1': -95}, {'84:f1:47:a8:73:c1': -95}, {'84:f1:47:a8:77:21': -72}, {'f0:1d:2d:a5:1d:c1': -95}, {'48:8b:0a:f2:3a:c1': -83}, {'84:f1:47:a8:9d:20': -87}, {'48:8b:0a:f4:ff:80': -87}, {'84:5a:3e:94:a4:80': -94}, {'84:f1:47:a8:36:c0': -74}, {'48:8b:0a:f3:19:40': -86}, {'84:f1:47:a8:73:c0': -95}, {'48:8b:0a:f2:64:a0': -95}, {'84:f1:47:a8:77:20': -72}, {'f0:1d:2d:a5:1d:c0': -95}, {'84:f1:47:a8:9d:22': -87}, {'84:f1:47:a8:36:c2': -74}, {'48:8b:0a:f4:ff:82': -87}, {'84:5a:3e:94:a4:82': -94}, {'48:8b:0a:f3:19:42': -86}, {'48:8b:0a:f2:64:a2': -95}, {'84:f1:47:a8:73:c2': -95}, {'84:f1:47:a8:77:22': -72}, {'f0:1d:2d:a5:1d:c2': -95}, {'48:8b:0a:f2:3a:c2': -83}, {'32:13:8b:3e:57:39': -94}]"
21,16,"[{'84:f1:47:a8:36:c3': -84}, {'84:5a:3e:94:a4:83': -94}, {'84:f1:47:a8:9d:23': -84}, {'48:8b:0a:f2:3a:c3': -82}, {'48:8b:0a:f4:ff:83': -86}, {'84:f1:47:a8:73:c3': -96}, {'48:8b:0a:f2:64:a3': -94}, {'84:f1:47:a8:77:23': -72}, {'48:8b:0a:f3:19:43': -83}, {'84:5a:3e:94:a4:82': -94}, {'84:f1:47:a8:9d:22': -84}, {'48:8b:0a:f2:3a:c2': -83}, {'84:f1:47:a8:36:c2': -83}, {'48:8b:0a:f4:ff:82': -86}, {'84:f1:47:a8:73:c2': -96}, {'48:8b:0a:f2:64:a2': -94}, {'84:f1:47:a8:77:22': -72}, {'48:8b:0a:f3:19:42': -83}, {'84:5a:3e:94:a4:81': -94}, {'84:f1:47:a8:9d:21': -84}, {'48:8b:0a:f2:3a:c1': -74}, {'84:f1:47:a8:36:c1': -83}, {'48:8b:0a:f4:ff:81': -86}, {'84:f1:47:a8:73:c1': -96}, {'48:8b:0a:f2:64:a1': -94}, {'84:f1:47:a8:77:21': -72}, {'48:8b:0a:f3:19:41': -83}, {'84:5a:3e:94:a4:80': -94}, {'84:f1:47:a8:9d:20': -84}, {'48:8b:0a:f2:3a:c0': -74}, {'84:f1:47:a8:36:c0': -83}, {'48:8b:0a:f4:ff:80': -86}, {'84:f1:47:a8:73:c0': -96}, {'48:8b:0a:f2:64:a0': -94}, {'84:f1:47:a8:77:20': -72}, {'48:8b:0a:f3:19:40': -83}, {'32:13:8b:3e:57:39': -94}]"
21,17,"[{'84:f1:47:a8:77:23': -74}, {'f0:1d:2d:a5:1d:c3': -95}, {'84:f1:47:a8:73:c3': -94}, {'48:8b:0a:f3:19:43': -74}, {'84:5a:3e:94:a4:83': -94}, {'48:8b:0a:f2:3a:c3': -74}, {'84:f1:47:a8:9d:23': -85}, {'84:f1:47:a8:36:c3': -86}, {'84:f1:47:a8:77:22': -74}, {'f0:1d:2d:a5:1d:c2': -95}, {'84:f1:47:a8:73:c2': -94}, {'84:5a:3e:94:a4:82': -95}, {'48:8b:0a:f3:19:42': -74}, {'48:8b:0a:f2:3a:c2': -73}, {'84:f1:47:a8:9d:22': -86}, {'84:f1:47:a8:36:c2': -86}, {'84:f1:47:a8:77:21': -74}, {'f0:1d:2d:a5:1d:c1': -95}, {'84:f1:47:a8:73:c1': -94}, {'48:8b:0a:f2:64:a1': -94}, {'84:5a:3e:94:a4:81': -95}, {'48:8b:0a:f3:19:41': -74}, {'48:8b:0a:f2:3a:c1': -74}, {'84:f1:47:a8:9d:21': -85}, {'84:f1:47:a8:36:c1': -86}, {'84:f1:47:a8:77:20': -74}, {'f0:1d:2d:a5:1d:c0': -95}, {'84:f1:47:a8:73:c0': -94}, {'48:8b:0a:f2:64:a0': -94}, {'84:5a:3e:94:a4:80': -95}, {'48:8b:0a:f3:19:40': -74}, {'48:8b:0a:f2:3a:c0': -74}, {'84:f1:47:a8:9d:20': -85}, {'84:f1:47:a8:36:c0': -86}, {'32:13:8b:3e:57:39': -94}]"
21,18,"[{'48:8b:0a:f2:3a:c3': -74}, {'84:f1:47:a8:73:c3': -94}, {'48:8b:0a:f3:19:43': -74}, {'84:5a:3e:94:a4:83': -94}, {'84:f1:47:a8:9d:23': -85}, {'84:f1:47:a8:36:c3': -86}, {'84:f1:47:a8:77:23': -74}, {'f0:1d:2d:a5:1d:c3': -95}, {'84:f1:47:a8:73:c2': -94}, {'84:5a:3e:94:a4:82': -95}, {'84:f1:47:a8:9d:22': -86}, {'84:f1:47:a8:36:c2': -86}, {'48:8b:0a:f3:19:42': -74}, {'48:8b:0a:f2:3a:c2': -73}, {'84:f1:47:a8:77:22': -74}, {'f0:1d:2d:a5:1d:c2': -95}, {'84:f1:47:a8:73:c1': -94}, {'48:8b:0a:f2:64:a1': -94}, {'84:5a:3e:94:a4:81': -95}, {'84:f1:47:a8:9d:21': -85}, {'84:f1:47:a8:36:c1': -86}, {'48:8b:0a:f3:19:41': -74}, {'48:8b:0a:f2:3a:c1': -74}, {'84:f1:47:a8:77:21': -74}, {'f0:1d:2d:a5:1d:c1': -95}, {'84:f1:47:a8:73:c0': -94}, {'48:8b:0a:f2:64:a0': -94}, {'84:5a:3e:94:a4:80': -95}, {'84:f1:47:a8:9d:20': -85}, {'84:f1:47:a8:36:c0': -86}, {'48:8b:0a:f3:19:40': -74}, {'48:8b:0a:f2:3a:c0': -74}, {'84:f1:47:a8:77:20': -74}, {'f0:1d:2d:a5:1d:c0': -95}, {'32:13:8b:3e:57:39': -94}]"
21,19,"[{'48:8b:0a:f2:3a:c3': -74}, {'84:f1:47:a8:36:c3': -83}, {'48:8b:0a:f3:19:43': -72}, {'84:5a:3e:94:a4:83': -83}, {'84:f1:47:a8:9d:23': -94}, {'48:8b:0a:f2:64:a3': -87}, {'84:f1:47:a8:73:c3': -94}, {'84:f1:47:a8:77:23': -74}, {'48:8b:0a:f4:ff:83': -94}, {'84:f1:47:a8:36:c2': -83}, {'48:8b:0a:f3:19:42': -72}, {'48:8b:0a:f2:3a:c2': -85}, {'84:5a:3e:94:a4:82': -82}, {'84:f1:47:a8:9d:22': -94}, {'48:8b:0a:f2:64:a2': -87}, {'84:f1:47:a8:73:c2': -94}, {'f0:1d:2d:a5:1d:c2': -95}, {'84:f1:47:a8:77:22': -74}, {'48:8b:0a:f4:ff:82': -94}, {'84:f1:47:a8:36:c1': -83}, {'48:8b:0a:f3:19:41': -72}, {'48:8b:0a:f2:3a:c1': -84}, {'84:5a:3e:94:a4:81': -83}, {'84:f1:47:a8:9d:21': -94}, {'48:8b:0a:f2:64:a1': -87}, {'84:f1:47:a8:73:c1': -94}, {'f0:1d:2d:a5:1d:c1': -95}, {'84:f1:47:a8:77:21': -74}, {'48:8b:0a:f4:ff:81': -94}, {'84:f1:47:a8:36:c0': -83}, {'48:8b:0a:f3:19:40': -72}, {'48:8b:0a:f2:3a:c0': -85}, {'84:5a:3e:94:a4:80': -83}, {'84:f1:47:a8:9d:20': -94}, {'48:8b:0a:f2:64:a0': -86}, {'84:f1:47:a8:73:c0': -94}, {'84:f1:47:a8:77:20': -74}, {'48:8b:0a:f4:ff:80': -94}, {'32:13:8b:3e:57:39': -86}]"
21,20,"[{'48:8b:0a:f2:3a:c3': -74}, {'48:8b:0a:f3:19:43': -60}, {'84:5a:3e:94:a4:83': -83}, {'84:f1:47:a8:9d:23': -94}, {'84:f1:47:a8:36:c3': -84}, {'48:8b:0a:f4:ff:83': -94}, {'84:f1:47:a8:73:c3': -94}, {'f0:1d:2d:a5:1d:c3': -87}, {'84:f1:47:a8:77:23': -73}, {'48:8b:0a:f3:19:42': -60}, {'84:5a:3e:94:a4:82': -83}, {'84:f1:47:a8:9d:22': -94}, {'84:f1:47:a8:36:c2': -84}, {'84:f1:47:a8:73:c2': -94}, {'48:8b:0a:f4:27:e2': -96}, {'f0:1d:2d:a5:1d:c2': -93}, {'84:f1:47:a8:77:22': -73}, {'48:8b:0a:f4:ff:82': -94}, {'48:8b:0a:f2:3a:c2': -82}, {'48:8b:0a:f3:19:41': -60}, {'84:5a:3e:94:a4:81': -83}, {'84:f1:47:a8:9d:21': -94}, {'84:f1:47:a8:36:c1': -84}, {'48:8b:0a:f2:64:a1': -86}, {'84:f1:47:a8:73:c1': -94}, {'48:8b:0a:f4:27:e1': -97}, {'f0:1d:2d:a5:1d:c1': -87}, {'84:f1:47:a8:77:21': -73}, {'48:8b:0a:f4:ff:81': -94}, {'48:8b:0a:f2:3a:c1': -82}, {'48:8b:0a:f3:19:40': -60}, {'84:5a:3e:94:a4:80': -83}, {'84:f1:47:a8:9d:20': -94}, {'84:f1:47:a8:36:c0': -84}, {'84:f1:47:a8:73:c0': -94}, {'48:8b:0a:f4:27:e0': -97}, {'f0:1d:2d:a5:1d:c0': -87}, {'84:f1:47:a8:77:20': -73}, {'48:8b:0a:f4:ff:80': -94}, {'48:8b:0a:f2:3a:c0': -74}, {'32:13:8b:3e:57:39': -86}]"
21,21,"[{'48:8b:0a:f2:3a:c3': -74}, {'84:f1:47:a8:9d:23': -95}, {'84:5a:3e:94:a4:83': -86}, {'84:f1:47:a8:36:c3': -71}, {'48:8b:0a:f3:19:43': -72}, {'84:f1:47:a8:73:c3': -94}, {'48:8b:0a:f4:27:e3': -95}, {'48:8b:0a:f2:64:a3': -85}, {'84:f1:47:a8:77:23': -60}, {'f0:1d:2d:a5:1d:c3': -95}, {'48:8b:0a:f4:ff:83': -93}, {'48:8b:0a:f2:3a:c2': -72}, {'84:f1:47:a8:9d:22': -95}, {'84:5a:3e:94:a4:82': -86}, {'84:f1:47:a8:36:c2': -71}, {'48:8b:0a:f3:19:42': -72}, {'48:8b:0a:f4:27:e2': -95}, {'48:8b:0a:f2:64:a2': -85}, {'84:f1:47:a8:77:22': -60}, {'f0:1d:2d:a5:1d:c2': -94}, {'48:8b:0a:f4:ff:82': -93}, {'48:8b:0a:f2:3a:c1': -72}, {'84:f1:47:a8:9d:21': -95}, {'84:5a:3e:94:a4:81': -86}, {'48:8b:0a:f3:19:41': -72}, {'84:f1:47:a8:36:c1': -60}, {'84:f1:47:a8:73:c1': -94}, {'48:8b:0a:f4:27:e1': -96}, {'48:8b:0a:f2:64:a1': -85}, {'84:f1:47:a8:77:21': -60}, {'f0:1d:2d:a5:1d:c1': -94}, {'48:8b:0a:f4:ff:81': -93}, {'48:8b:0a:f2:3a:c0': -72}, {'84:f1:47:a8:9d:20': -95}, {'84:5a:3e:94:a4:80': -86}, {'48:8b:0a:f3:19:40': -72}, {'84:f1:47:a8:36:c0': -71}, {'84:f1:47:a8:73:c0': -94}, {'48:8b:0a:f4:27:e0': -96}, {'48:8b:0a:f2:64:a0': -84}, {'84:f1:47:a8:77:20': -60}, {'f0:1d:2d:a5:1d:c0': -95}, {'48:8b:0a:f4:ff:80': -87}, {'b0:95:75:bb:5d:e0': -99}, {'32:13:8b:3e:57:39': -87}]"
21,22,"[{'48:8b:0a:f2:3a:c2': -74}, {'48:8b:0a:f4:ff:82': -94}, {'48:8b:0a:f3:19:42': -73}, {'84:5a:3e:94:a4:82': -82}, {'84:f1:47:a8:36:c2': -83}, {'48:8b:0a:f4:27:e2': -95}, {'48:8b:0a:f2:64:a2': -86}, {'84:f1:47:a8:73:c2': -94}, {'f0:1d:2d:a5:1d:c2': -93}, {'84:f1:47:a8:77:22': -72}, {'84:f1:47:a8:9d:22': -95}, {'48:8b:0a:f2:3a:c1': -74}, {'48:8b:0a:f4:ff:81': -94}, {'48:8b:0a:f3:19:41': -73}, {'84:5a:3e:94:a4:81': -74}, {'84:f1:47:a8:36:c1': -83}, {'48:8b:0a:f2:64:a1': -86}, {'84:f1:47:a8:73:c1': -94}, {'48:8b:0a:f4:27:e1': -95}, {'f0:1d:2d:a5:1d:c1': -94}, {'84:f1:47:a8:77:21': -72}, {'84:f1:47:a8:9d:21': -95}, {'48:8b:0a:f2:3a:c0': -74}, {'48:8b:0a:f4:ff:80': -94}, {'48:8b:0a:f3:19:40': -73}, {'84:5a:3e:94:a4:80': -82}, {'84:f1:47:a8:36:c0': -83}, {'48:8b:0a:f2:64:a0': -86}, {'48:8b:0a:f4:27:e0': -95}, {'84:f1:47:a8:73:c0': -94}, {'84:f1:47:a8:77:20': -72}, {'f0:1d:2d:a5:1d:c0': -94}, {'84:f1:47:a8:9d:20': -95}, {'48:8b:0a:f2:3a:c3': -72}, {'48:8b:0a:f4:ff:83': -94}, {'48:8b:0a:f3:19:43': -73}, {'84:5a:3e:94:a4:83': -83}, {'84:f1:47:a8:36:c3': -83}, {'48:8b:0a:f4:27:e3': -95}, {'48:8b:0a:f2:64:a3': -86}, {'84:f1:47:a8:73:c3': -94}, {'84:f1:47:a8:77:23': -72}, {'f0:1d:2d:a5:1d:c3': -94}, {'84:f1:47:a8:9d:23': -95}, {'32:13:8b:3e:57:39': -93}, {'86:9e:56:b9:17:6e': -96}]"
21,23,"[{'48:8b:0a:f2:3a:c3': -84}, {'84:5a:3e:94:a4:83': -85}, {'84:f1:47:a8:9d:23': -96}, {'84:f1:47:a8:36:c3': -72}, {'84:f1:47:a8:73:c3': -94}, {'48:8b:0a:f4:27:e3': -95}, {'48:8b:0a:f2:64:a3': -86}, {'84:f1:47:a8:77:23': -74}, {'f0:1d:2d:a5:1d:c3': -94}, {'48:8b:0a:f3:19:43': -72}, {'48:8b:0a:f4:ff:83': -86}, {'84:5a:3e:94:a4:82': -85}, {'84:f1:47:a8:36:c2': -72}, {'48:8b:0a:f2:3a:c2': -83}, {'48:8b:0a:f4:27:e2': -95}, {'48:8b:0a:f2:64:a2': -86}, {'84:f1:47:a8:73:c2': -94}, {'f0:1d:2d:a5:1d:c2': -94}, {'84:f1:47:a8:77:22': -74}, {'48:8b:0a:f3:19:42': -72}, {'84:f1:47:a8:9d:22': -96}, {'48:8b:0a:f4:ff:82': -93}, {'84:5a:3e:94:a4:81': -85}, {'84:f1:47:a8:36:c1': -72}, {'48:8b:0a:f2:3a:c1': -83}, {'84:f1:47:a8:73:c1': -94}, {'48:8b:0a:f4:27:e1': -95}, {'48:8b:0a:f2:64:a1': -87}, {'84:f1:47:a8:77:21': -74}, {'48:8b:0a:f3:19:41': -72}, {'84:f1:47:a8:9d:21': -96}, {'48:8b:0a:f4:ff:81': -93}, {'84:5a:3e:94:a4:80': -85}, {'84:f1:47:a8:36:c0': -72}, {'48:8b:0a:f2:3a:c0': -83}, {'84:f1:47:a8:73:c0': -94}, {'48:8b:0a:f4:27:e0': -95}, {'48:8b:0a:f2:64:a0': -87}, {'84:f1:47:a8:77:20': -74}, {'f0:1d:2d:a5:1d:c0': -94}, {'48:8b:0a:f3:19:40': -72}, {'84:f1:47:a8:9d:20': -96}, {'48:8b:0a:f4:ff:80': -93}, {'32:13:8b:3e:57:39': -94}]"
21,24,"[{'48:8b:0a:f2:3a:c3': -80}, {'84:f1:47:a8:36:c3': -83}, {'48:8b:0a:f4:ff:83': -86}, {'48:8b:0a:f3:19:43': -73}, {'84:5a:3e:94:a4:83': -72}, {'84:f1:47:a8:73:c3': -94}, {'48:8b:0a:f4:27:e3': -95}, {'48:8b:0a:f2:64:a3': -94}, {'84:f1:47:a8:77:23': -82}, {'f0:1d:2d:a5:1d:c3': -93}, {'84:f1:47:a8:9d:23': -95}, {'84:f1:47:a8:9d:20': -95}, {'84:f1:47:a8:36:c0': -83}, {'48:8b:0a:f4:ff:80': -86}, {'48:8b:0a:f3:19:40': -73}, {'48:8b:0a:f2:3a:c0': -74}, {'84:5a:3e:94:a4:80': -72}, {'84:f1:47:a8:73:c0': -94}, {'48:8b:0a:f4:27:e0': -95}, {'48:8b:0a:f2:64:a0': -94}, {'84:f1:47:a8:77:20': -74}, {'48:8b:0a:f2:3a:c2': -74}, {'84:f1:47:a8:36:c2': -83}, {'48:8b:0a:f4:ff:82': -86}, {'48:8b:0a:f3:19:42': -73}, {'84:5a:3e:94:a4:82': -73}, {'84:f1:47:a8:73:c2': -94}, {'48:8b:0a:f4:27:e2': -94}, {'48:8b:0a:f2:64:a2': -94}, {'84:f1:47:a8:77:22': -74}, {'f0:1d:2d:a5:1d:c2': -93}, {'84:f1:47:a8:9d:22': -95}, {'84:f1:47:a8:36:c1': -83}, {'48:8b:0a:f4:ff:81': -86}, {'48:8b:0a:f3:19:41': -73}, {'48:8b:0a:f2:3a:c1': -74}, {'84:5a:3e:94:a4:81': -72}, {'84:f1:47:a8:73:c1': -94}, {'48:8b:0a:f4:27:e1': -95}, {'48:8b:0a:f2:64:a1': -94}, {'84:f1:47:a8:77:21': -82}, {'f0:1d:2d:a5:1d:c1': -93}, {'84:f1:47:a8:9d:21': -95}, {'32:13:8b:3e:57:39': -94}]"
21,25,"[{'48:8b:0a:f2:3a:c3': -71}, {'84:5a:3e:94:a4:83': -74}, {'84:f1:47:a8:36:c3': -83}, {'48:8b:0a:f4:ff:83': -85}, {'48:8b:0a:f3:19:43': -72}, {'84:f1:47:a8:73:c3': -94}, {'48:8b:0a:f4:27:e3': -95}, {'84:f1:47:a8:77:23': -84}, {'f0:1d:2d:a5:1d:c3': -85}, {'84:5a:3e:94:a4:82': -74}, {'84:f1:47:a8:36:c2': -83}, {'48:8b:0a:f4:ff:82': -85}, {'48:8b:0a:f3:19:42': -72}, {'48:8b:0a:f2:3a:c2': -73}, {'84:f1:47:a8:73:c2': -95}, {'48:8b:0a:f4:27:e2': -95}, {'48:8b:0a:f2:64:a2': -94}, {'84:f1:47:a8:77:22': -84}, {'f0:1d:2d:a5:1d:c2': -86}, {'84:f1:47:a8:9d:22': -96}, {'84:5a:3e:94:a4:81': -73}, {'84:f1:47:a8:36:c1': -83}, {'48:8b:0a:f4:ff:81': -85}, {'48:8b:0a:f3:19:41': -72}, {'48:8b:0a:f2:3a:c1': -73}, {'84:f1:47:a8:73:c1': -94}, {'48:8b:0a:f4:27:e1': -95}, {'48:8b:0a:f2:64:a1': -94}, {'f0:1d:2d:a5:1d:c1': -86}, {'84:f1:47:a8:77:21': -84}, {'84:5a:3e:94:a4:80': -73}, {'84:f1:47:a8:36:c0': -83}, {'48:8b:0a:f4:ff:80': -85}, {'48:8b:0a:f3:19:40': -72}, {'48:8b:0a:f2:3a:c0': -73}, {'84:f1:47:a8:73:c0': -94}, {'48:8b:0a:f4:27:e0': -95}, {'48:8b:0a:f2:64:a0': -94}, {'f0:1d:2d:a5:1d:c0': -86}, {'84:f1:47:a8:77:20': -84}, {'84:f1:47:a8:9d:20': -96}, {'b0:95:75:bb:5d:e0': -98}, {'32:13:8b:3e:57:39': -86}]"
21,26,"[{'48:8b:0a:f2:3a:c3': -60}, {'84:5a:3e:94:a4:83': -60}, {'84:f1:47:a8:36:c3': -83}, {'48:8b:0a:f4:ff:83': -87}, {'48:8b:0a:f3:19:43': -74}, {'84:f1:47:a8:73:c3': -94}, {'48:8b:0a:f2:64:a3': -86}, {'48:8b:0a:f4:27:e3': -94}, {'f0:1d:2d:a5:1d:c3': -72}, {'84:f1:47:a8:77:23': -73}, {'48:8b:0a:f3:7b:01': -96}, {'84:5a:3e:94:a4:81': -60}, {'84:f1:47:a8:36:c1': -83}, {'48:8b:0a:f4:ff:81': -86}, {'48:8b:0a:f3:19:41': -74}, {'48:8b:0a:f2:3a:c1': -60}, {'84:f1:47:a8:73:c1': -94}, {'48:8b:0a:f4:27:e1': -95}, {'48:8b:0a:f2:64:a1': -86}, {'f0:1d:2d:a5:1d:c1': -72}, {'84:f1:47:a8:77:21': -73}, {'84:f1:47:a8:9d:21': -97}, {'84:5a:3e:94:a4:82': -60}, {'84:f1:47:a8:36:c2': -83}, {'48:8b:0a:f4:ff:82': -86}, {'48:8b:0a:f3:19:42': -74}, {'48:8b:0a:f2:3a:c2': -60}, {'84:f1:47:a8:73:c2': -94}, {'48:8b:0a:f2:64:a2': -86}, {'48:8b:0a:f4:27:e2': -94}, {'f0:1d:2d:a5:1d:c2': -72}, {'84:f1:47:a8:77:22': -73}, {'84:5a:3e:94:a4:80': -60}, {'84:f1:47:a8:36:c0': -83}, {'48:8b:0a:f4:ff:80': -86}, {'48:8b:0a:f3:19:40': -74}, {'48:8b:0a:f2:3a:c0': -60}, {'84:f1:47:a8:73:c0': -94}, {'48:8b:0a:f4:27:e0': -95}, {'48:8b:0a:f2:64:a0': -86}, {'f0:1d:2d:a5:1d:c0': -72}, {'86:9e:56:b9:17:6e': -96}, {'32:13:8b:3e:57:39': -85}]"
21,27,"[{'48:8b:0a:f2:3a:c3': -73}, {'84:f1:47:a8:36:c3': -74}, {'84:5a:3e:94:a4:83': -83}, {'48:8b:0a:f4:ff:83': -86}, {'48:8b:0a:f3:19:43': -73}, {'84:f1:47:a8:73:c3': -94}, {'48:8b:0a:f4:27:e3': -95}, {'48:8b:0a:f2:64:a3': -84}, {'84:f1:47:a8:77:23': -74}, {'f0:1d:2d:a5:1d:c3': -74}, {'84:f1:47:a8:36:c2': -74}, {'84:5a:3e:94:a4:82': -83}, {'48:8b:0a:f4:ff:82': -86}, {'48:8b:0a:f3:19:42': -73}, {'48:8b:0a:f2:3a:c2': -71}, {'48:8b:0a:f4:27:e2': -96}, {'48:8b:0a:f2:64:a2': -85}, {'84:f1:47:a8:73:c2': -94}, {'84:f1:47:a8:77:22': -74}, {'f0:1d:2d:a5:1d:c2': -74}, {'84:f1:47:a8:36:c1': -74}, {'84:5a:3e:94:a4:81': -82}, {'48:8b:0a:f4:ff:81': -86}, {'48:8b:0a:f3:19:41': -73}, {'48:8b:0a:f2:3a:c1': -71}, {'48:8b:0a:f4:27:e1': -96}, {'48:8b:0a:f2:64:a1': -85}, {'84:f1:47:a8:73:c1': -94}, {'84:f1:47:a8:77:21': -74}, {'f0:1d:2d:a5:1d:c1': -74}, {'84:5a:3e:94:a4:80': -82}, {'84:f1:47:a8:36:c0': -74}, {'48:8b:0a:f4:ff:80': -87}, {'48:8b:0a:f3:19:40': -73}, {'48:8b:0a:f2:3a:c0': -71}, {'84:f1:47:a8:73:c0': -94}, {'48:8b:0a:f4:27:e0': -95}, {'48:8b:0a:f2:64:a0': -85}, {'84:f1:47:a8:77:20': -74}, {'f0:1d:2d:a5:1d:c0': -74}, {'b0:95:75:bb:5d:e0': -99}, {'32:13:8b:3e:57:39': -84}]"
21,28,"[{'84:5a:3e:94:a4:83': -73}, {'84:f1:47:a8:36:c3': -83}, {'48:8b:0a:f3:19:43': -83}, {'48:8b:0a:f4:ff:83': -87}, {'48:8b:0a:f2:3a:c3': -84}, {'84:f1:47:a8:73:c3': -95}, {'48:8b:0a:f4:27:e3': -95}, {'48:8b:0a:f2:64:a3': -74}, {'84:f1:47:a8:77:23': -85}, {'f0:1d:2d:a5:1d:c3': -83}, {'84:f1:47:a8:36:c2': -83}, {'48:8b:0a:f3:19:42': -83}, {'48:8b:0a:f4:ff:82': -87}, {'48:8b:0a:f2:3a:c2': -84}, {'84:5a:3e:94:a4:82': -72}, {'84:f1:47:a8:73:c2': -95}, {'48:8b:0a:f4:27:e2': -95}, {'48:8b:0a:f2:64:a2': -73}, {'84:f1:47:a8:77:22': -85}, {'f0:1d:2d:a5:1d:c2': -83}, {'84:f1:47:a8:36:c1': -83}, {'48:8b:0a:f3:19:41': -83}, {'48:8b:0a:f4:ff:81': -87}, {'48:8b:0a:f2:3a:c1': -84}, {'84:5a:3e:94:a4:81': -72}, {'84:f1:47:a8:73:c1': -95}, {'48:8b:0a:f2:64:a1': -74}, {'48:8b:0a:f4:27:e1': -95}, {'84:f1:47:a8:77:21': -85}, {'f0:1d:2d:a5:1d:c1': -83}, {'84:f1:47:a8:36:c0': -83}, {'48:8b:0a:f3:19:40': -83}, {'48:8b:0a:f4:ff:80': -86}, {'48:8b:0a:f2:3a:c0': -84}, {'84:5a:3e:94:a4:80': -73}, {'84:f1:47:a8:73:c0': -95}, {'48:8b:0a:f4:27:e0': -95}, {'48:8b:0a:f2:64:a0': -74}, {'84:f1:47:a8:77:20': -85}, {'f0:1d:2d:a5:1d:c0': -83}, {'b0:95:75:bb:5d:e0': -96}, {'32:13:8b:3e:57:39': -84}]"
21,29,"[{'84:5a:3e:94:a4:83': -59}, {'84:f1:47:a8:36:c3': -87}, {'48:8b:0a:f4:ff:83': -94}, {'48:8b:0a:f3:19:43': -83}, {'48:8b:0a:f2:3a:c3': -85}, {'84:f1:47:a8:73:c3': -95}, {'48:8b:0a:f4:27:e3': -94}, {'48:8b:0a:f2:64:a3': -84}, {'f0:1d:2d:a5:1d:c3': -73}, {'84:f1:47:a8:77:23': -82}, {'84:f1:47:a8:36:c2': -93}, {'48:8b:0a:f4:ff:82': -94}, {'48:8b:0a:f3:19:42': -83}, {'48:8b:0a:f2:3a:c2': -85}, {'84:f1:47:a8:73:c2': -95}, {'48:8b:0a:f4:27:e2': -94}, {'48:8b:0a:f2:64:a2': -84}, {'84:f1:47:a8:77:22': -74}, {'f0:1d:2d:a5:1d:c2': -73}, {'84:5a:3e:94:a4:82': -71}, {'84:f1:47:a8:36:c1': -86}, {'48:8b:0a:f4:ff:81': -94}, {'48:8b:0a:f3:19:41': -83}, {'48:8b:0a:f2:3a:c1': -84}, {'84:5a:3e:94:a4:81': -71}, {'84:f1:47:a8:73:c1': -95}, {'48:8b:0a:f2:64:a1': -85}, {'48:8b:0a:f4:27:e1': -94}, {'84:f1:47:a8:77:21': -74}, {'f0:1d:2d:a5:1d:c1': -73}, {'84:f1:47:a8:36:c0': -86}, {'48:8b:0a:f4:ff:80': -94}, {'48:8b:0a:f3:19:40': -83}, {'48:8b:0a:f2:3a:c0': -85}, {'84:5a:3e:94:a4:80': -72}, {'84:f1:47:a8:73:c0': -95}, {'48:8b:0a:f2:64:a0': -84}, {'48:8b:0a:f4:27:e0': -94}, {'84:f1:47:a8:77:20': -74}, {'f0:1d:2d:a5:1d:c0': -73}, {'b0:95:75:bb:5d:e0': -98}, {'32:13:8b:3e:57:39': -73}]"
21,30,"[{'84:5a:3e:94:a4:83': -72}, {'48:8b:0a:f3:19:43': -84}, {'48:8b:0a:f2:3a:c3': -86}, {'84:f1:47:a8:36:c3': -94}, {'48:8b:0a:f4:ff:83': -93}, {'84:f1:47:a8:73:c3': -96}, {'48:8b:0a:f4:27:e3': -95}, {'48:8b:0a:f2:64:a3': -85}, {'84:f1:47:a8:77:23': -85}, {'f0:1d:2d:a5:1d:c3': -60}, {'84:5a:3e:94:a4:81': -72}, {'48:8b:0a:f3:19:41': -84}, {'48:8b:0a:f2:3a:c1': -86}, {'84:f1:47:a8:36:c1': -94}, {'48:8b:0a:f4:ff:81': -93}, {'84:f1:47:a8:73:c1': -96}, {'48:8b:0a:f4:27:e1': -95}, {'48:8b:0a:f2:64:a1': -86}, {'84:f1:47:a8:77:21': -85}, {'f0:1d:2d:a5:1d:c1': -60}, {'84:5a:3e:94:a4:80': -72}, {'48:8b:0a:f3:19:40': -84}, {'48:8b:0a:f2:3a:c0': -86}, {'84:f1:47:a8:36:c0': -94}, {'48:8b:0a:f4:ff:80': -93}, {'84:f1:47:a8:73:c0': -96}, {'48:8b:0a:f2:64:a0': -86}, {'48:8b:0a:f4:27:e0': -95}, {'84:f1:47:a8:77:20': -85}, {'f0:1d:2d:a5:1d:c0': -60}, {'b0:95:75:bb:5d:e0': -99}, {'48:8b:0a:f3:19:42': -84}, {'48:8b:0a:f2:3a:c2': -86}, {'84:5a:3e:94:a4:82': -72}, {'84:f1:47:a8:36:c2': -94}, {'48:8b:0a:f4:ff:82': -93}, {'84:f1:47:a8:73:c2': -96}, {'48:8b:0a:f4:27:e2': -95}, {'48:8b:0a:f2:64:a2': -86}, {'84:f1:47:a8:77:22': -85}, {'f0:1d:2d:a5:1d:c2': -60}, {'32:13:8b:3e:57:39': -85}]"
21,31,"[{'84:5a:3e:94:a4:83': -58}, {'48:8b:0a:f4:ff:83': -93}, {'48:8b:0a:f4:27:e3': -94}, {'48:8b:0a:f2:64:a3': -87}, {'f0:1d:2d:a5:1d:c3': -71}, {'84:f1:47:a8:77:23': -93}, {'48:8b:0a:f3:19:43': -85}, {'48:8b:0a:f2:3a:c3': -93}, {'b0:95:75:bb:5d:e0': -98}, {'48:8b:0a:f4:ff:82': -93}, {'84:5a:3e:94:a4:82': -58}, {'48:8b:0a:f4:27:e2': -94}, {'48:8b:0a:f2:64:a2': -87}, {'84:f1:47:a8:77:22': -93}, {'f0:1d:2d:a5:1d:c2': -71}, {'48:8b:0a:f3:19:42': -86}, {'48:8b:0a:f2:3a:c2': -94}, {'48:8b:0a:f4:ff:81': -86}, {'84:5a:3e:94:a4:81': -58}, {'48:8b:0a:f4:27:e1': -94}, {'48:8b:0a:f2:64:a1': -86}, {'f0:1d:2d:a5:1d:c1': -71}, {'84:f1:47:a8:77:21': -94}, {'84:f1:47:a8:36:c1': -95}, {'48:8b:0a:f3:19:41': -86}, {'48:8b:0a:f2:3a:c1': -94}, {'48:8b:0a:f3:7b:01': -96}, {'48:8b:0a:f4:ff:80': -93}, {'48:8b:0a:f3:19:40': -85}, {'84:5a:3e:94:a4:80': -58}, {'48:8b:0a:f4:27:e0': -94}, {'48:8b:0a:f2:64:a0': -86}, {'84:f1:47:a8:77:20': -87}, {'f0:1d:2d:a5:1d:c0': -60}, {'48:8b:0a:f3:7b:00': -96}, {'84:f1:47:a8:36:c0': -95}, {'48:8b:0a:f2:3a:c0': -94}, {'32:13:8b:3e:57:39': -71}]"
21,32,"[{'84:5a:3e:94:a4:83': -58}, {'48:8b:0a:f4:27:e3': -95}, {'84:f1:47:a8:77:23': -87}, {'84:f1:47:a8:36:c3': -95}, {'48:8b:0a:f4:ff:83': -94}, {'48:8b:0a:f3:19:43': -85}, {'48:8b:0a:f2:3a:c3': -95}, {'84:5a:3e:94:a4:82': -58}, {'48:8b:0a:f4:27:e2': -95}, {'f0:1d:2d:a5:1d:c2': -73}, {'84:f1:47:a8:77:22': -93}, {'84:f1:47:a8:36:c2': -95}, {'48:8b:0a:f4:ff:82': -94}, {'48:8b:0a:f3:19:42': -85}, {'48:8b:0a:f2:3a:c2': -94}, {'84:5a:3e:94:a4:81': -58}, {'48:8b:0a:f3:19:41': -85}, {'48:8b:0a:f2:64:a1': -96}, {'48:8b:0a:f4:27:e1': -94}, {'84:f1:47:a8:77:21': -93}, {'84:f1:47:a8:36:c1': -95}, {'48:8b:0a:f4:ff:81': -94}, {'48:8b:0a:f2:3a:c1': -95}, {'84:5a:3e:94:a4:80': -58}, {'48:8b:0a:f4:27:e0': -95}, {'f0:1d:2d:a5:1d:c0': -73}, {'84:f1:47:a8:77:20': -93}, {'84:f1:47:a8:36:c0': -95}, {'48:8b:0a:f4:ff:80': -94}, {'48:8b:0a:f3:19:40': -86}, {'48:8b:0a:f2:3a:c0': -94}, {'32:13:8b:3e:57:39': -73}]"
21,33,"[{'84:5a:3e:94:a4:83': -57}, {'48:8b:0a:f4:ff:83': -85}, {'48:8b:0a:f3:19:43': -85}, {'48:8b:0a:f2:64:a3': -95}, {'48:8b:0a:f4:27:e3': -94}, {'84:f1:47:a8:77:23': -94}, {'f0:1d:2d:a5:1d:c3': -60}, {'48:8b:0a:f2:3a:c3': -96}, {'84:f1:47:a8:36:c3': -95}, {'48:8b:0a:f3:7b:03': -94}, {'48:8b:0a:f4:ff:82': -85}, {'48:8b:0a:f3:19:42': -85}, {'84:5a:3e:94:a4:82': -58}, {'48:8b:0a:f2:64:a2': -95}, {'48:8b:0a:f4:27:e2': -94}, {'84:f1:47:a8:77:22': -94}, {'f0:1d:2d:a5:1d:c2': -60}, {'84:f1:47:a8:36:c2': -94}, {'48:8b:0a:f3:7b:02': -94}, {'48:8b:0a:f4:ff:81': -85}, {'48:8b:0a:f3:19:41': -85}, {'84:5a:3e:94:a4:81': -58}, {'48:8b:0a:f4:27:e1': -94}, {'48:8b:0a:f2:64:a1': -95}, {'f0:1d:2d:a5:1d:c1': -71}, {'84:f1:47:a8:77:21': -93}, {'48:8b:0a:f3:7b:01': -95}, {'84:f1:47:a8:36:c1': -95}, {'48:8b:0a:f2:3a:c1': -95}, {'84:f1:47:a8:9d:21': -96}, {'48:8b:0a:f4:ff:80': -85}, {'48:8b:0a:f3:19:40': -85}, {'84:5a:3e:94:a4:80': -57}, {'48:8b:0a:f2:64:a0': -95}, {'48:8b:0a:f4:27:e0': -94}, {'84:f1:47:a8:77:20': -94}, {'f0:1d:2d:a5:1d:c0': -60}, {'48:8b:0a:f3:7b:00': -95}, {'84:f1:47:a8:36:c0': -95}, {'48:8b:0a:f2:3a:c0': -95}, {'84:f1:47:a8:9d:20': -96}, {'b0:95:75:bb:5d:e0': -97}, {'32:13:8b:3e:57:39': -83}]"
21,34,"[{'84:5a:3e:94:a4:83': -71}, {'48:8b:0a:f3:19:43': -85}, {'84:f1:47:a8:36:c3': -94}, {'48:8b:0a:f4:ff:83': -86}, {'48:8b:0a:f2:64:a3': -96}, {'48:8b:0a:f4:27:e3': -87}, {'84:f1:47:a8:77:23': -94}, {'f0:1d:2d:a5:1d:c3': -72}, {'48:8b:0a:f2:3a:c3': -94}, {'48:8b:0a:f3:7b:03': -95}, {'48:8b:0a:f3:7b:00': -95}, {'48:8b:0a:f3:19:40': -85}, {'84:5a:3e:94:a4:80': -72}, {'84:f1:47:a8:36:c0': -94}, {'48:8b:0a:f4:ff:80': -86}, {'48:8b:0a:f2:64:a0': -96}, {'48:8b:0a:f4:27:e0': -93}, {'84:f1:47:a8:77:20': -94}, {'f0:1d:2d:a5:1d:c0': -72}, {'48:8b:0a:f2:3a:c0': -95}, {'84:f1:47:a8:9d:20': -96}, {'48:8b:0a:f3:7b:02': -95}, {'48:8b:0a:f3:19:42': -85}, {'84:5a:3e:94:a4:82': -72}, {'84:f1:47:a8:36:c2': -94}, {'48:8b:0a:f4:ff:82': -86}, {'48:8b:0a:f4:27:e2': -94}, {'48:8b:0a:f2:64:a2': -96}, {'84:f1:47:a8:77:22': -94}, {'f0:1d:2d:a5:1d:c2': -72}, {'48:8b:0a:f2:3a:c2': -94}, {'84:f1:47:a8:9d:22': -96}, {'48:8b:0a:f3:7b:01': -95}, {'48:8b:0a:f3:19:41': -85}, {'84:5a:3e:94:a4:81': -72}, {'84:f1:47:a8:36:c1': -94}, {'48:8b:0a:f4:ff:81': -86}, {'48:8b:0a:f2:64:a1': -96}, {'48:8b:0a:f4:27:e1': -93}, {'84:f1:47:a8:77:21': -94}, {'f0:1d:2d:a5:1d:c1': -72}, {'48:8b:0a:f2:3a:c1': -94}, {'84:f1:47:a8:9d:21': -96}, {'b0:95:75:bb:5d:e0': -98}, {'32:13:8b:3e:57:39': -85}]"
21,35,"[{'84:5a:3e:94:a4:83': -72}, {'48:8b:0a:f2:3a:c3': -95}, {'48:8b:0a:f3:19:43': -86}, {'48:8b:0a:f4:ff:83': -86}, {'48:8b:0a:f3:7b:03': -95}, {'48:8b:0a:f4:27:e3': -93}, {'48:8b:0a:f4:fa:23': -96}, {'f0:1d:2d:a5:1d:c3': -60}, {'84:f1:47:a8:77:23': -95}, {'84:f1:47:a8:36:c3': -94}, {'48:8b:0a:f2:3a:c1': -95}, {'84:5a:3e:94:a4:81': -60}, {'48:8b:0a:f3:19:41': -86}, {'48:8b:0a:f4:ff:81': -86}, {'48:8b:0a:f3:7b:01': -94}, {'48:8b:0a:f4:27:e1': -87}, {'48:8b:0a:f4:fa:21': -95}, {'84:f1:47:a8:77:21': -95}, {'f0:1d:2d:a5:1d:c1': -60}, {'84:f1:47:a8:36:c1': -94}, {'48:8b:0a:f2:3a:c0': -95}, {'84:5a:3e:94:a4:80': -60}, {'48:8b:0a:f3:19:40': -86}, {'48:8b:0a:f3:7b:00': -95}, {'48:8b:0a:f4:ff:80': -86}, {'48:8b:0a:f4:27:e0': -87}, {'48:8b:0a:f4:fa:20': -95}, {'84:f1:47:a8:77:20': -95}, {'f0:1d:2d:a5:1d:c0': -60}, {'84:f1:47:a8:36:c0': -94}, {'84:5a:3e:94:a4:82': -60}, {'48:8b:0a:f3:19:42': -86}, {'48:8b:0a:f4:ff:82': -86}, {'48:8b:0a:f4:27:e2': -93}, {'48:8b:0a:f4:fa:22': -95}, {'84:f1:47:a8:77:22': -95}, {'f0:1d:2d:a5:1d:c2': -60}, {'48:8b:0a:f2:3a:c2': -94}, {'48:8b:0a:f3:7b:02': -95}, {'84:f1:47:a8:36:c2': -94}, {'b0:95:75:bb:5d:e0': -98}, {'32:13:8b:3e:57:39': -71}]"
21,36,"[{'84:5a:3e:94:a4:83': -72}, {'48:8b:0a:f3:19:43': -86}, {'84:f1:47:a8:83:23': -96}, {'84:f1:47:a8:36:c3': -95}, {'48:8b:0a:f3:7b:03': -94}, {'48:8b:0a:f2:64:a3': -96}, {'48:8b:0a:f4:27:e3': -93}, {'84:f1:47:a8:77:23': -95}, {'f0:1d:2d:a5:1d:c3': -60}, {'48:8b:0a:f4:ff:83': -86}, {'48:8b:0a:f3:19:42': -86}, {'84:f1:47:a8:83:22': -95}, {'84:f1:47:a8:36:c2': -94}, {'48:8b:0a:f3:7b:02': -87}, {'84:5a:3e:94:a4:82': -60}, {'48:8b:0a:f2:64:a2': -97}, {'48:8b:0a:f4:27:e2': -94}, {'f0:1d:2d:a5:1d:c2': -60}, {'84:f1:47:a8:77:22': -95}, {'48:8b:0a:f4:ff:82': -86}, {'48:8b:0a:f3:19:41': -86}, {'84:f1:47:a8:83:21': -96}, {'48:8b:0a:f3:7b:01': -95}, {'84:f1:47:a8:36:c1': -94}, {'84:5a:3e:94:a4:81': -60}, {'48:8b:0a:f2:64:a1': -96}, {'48:8b:0a:f4:27:e1': -93}, {'84:f1:47:a8:77:21': -95}, {'f0:1d:2d:a5:1d:c1': -60}, {'84:f1:47:a8:9d:21': -96}, {'48:8b:0a:f4:ff:81': -86}, {'48:8b:0a:f2:3a:c1': -96}, {'48:8b:0a:f3:19:40': -86}, {'48:8b:0a:f2:3a:c0': -96}, {'84:f1:47:a8:83:20': -95}, {'48:8b:0a:f3:7b:00': -87}, {'84:f1:47:a8:36:c0': -94}, {'84:5a:3e:94:a4:80': -60}, {'48:8b:0a:f2:64:a0': -96}, {'48:8b:0a:f4:27:e0': -87}, {'84:f1:47:a8:77:20': -95}, {'f0:1d:2d:a5:1d:c0': -60}, {'84:f1:47:a8:9d:20': -96}, {'48:8b:0a:f4:ff:80': -86}, {'b0:95:75:bb:5d:e0': -95}, {'02:41:0e:f5:32:f4': -97}, {'32:13:8b:3e:57:39': -60}]"
21,37,"[{'84:5a:3e:94:a4:83': -73}, {'48:8b:0a:f3:19:43': -94}, {'48:8b:0a:f4:ff:83': -85}, {'84:f1:47:a8:83:23': -94}, {'48:8b:0a:f4:27:e3': -86}, {'48:8b:0a:f4:fa:23': -95}, {'f0:1d:2d:a5:1d:c3': -72}, {'84:f1:47:a8:44:23': -94}, {'48:8b:0a:f3:7b:03': -83}, {'84:f1:47:a8:36:c0': -96}, {'84:f1:47:a8:9d:20': -96}, {'48:8b:0a:f3:19:40': -95}, {'48:8b:0a:f4:ff:80': -85}, {'84:5a:3e:94:a4:80': -73}, {'48:8b:0a:f3:7b:00': -83}, {'84:f1:47:a8:83:20': -94}, {'48:8b:0a:f4:27:e0': -86}, {'48:8b:0a:f4:fa:20': -95}, {'f0:1d:2d:a5:1d:c0': -72}, {'84:f1:47:a8:9d:21': -96}, {'48:8b:0a:f3:19:41': -94}, {'48:8b:0a:f4:ff:81': -85}, {'84:5a:3e:94:a4:81': -73}, {'48:8b:0a:f3:7b:01': -83}, {'84:f1:47:a8:83:21': -94}, {'48:8b:0a:f4:27:e1': -85}, {'48:8b:0a:f4:fa:21': -95}, {'f0:1d:2d:a5:1d:c1': -72}, {'48:8b:0a:f4:ff:82': -86}, {'84:5a:3e:94:a4:82': -73}, {'48:8b:0a:f3:7b:02': -83}, {'84:f1:47:a8:83:22': -94}, {'48:8b:0a:f4:27:e2': -86}, {'48:8b:0a:f4:fa:22': -95}, {'f0:1d:2d:a5:1d:c2': -72}, {'84:f1:47:a8:44:22': -95}, {'48:8b:0a:f3:19:42': -95}, {'b0:95:75:bb:5d:e0': -94}, {'fa:23:37:3f:ca:97': -98}, {'02:41:0e:f5:32:f4': -97}, {'32:13:8b:3e:57:39': -73}]"
21,38,"[{'84:5a:3e:94:a4:83': -59}, {'48:8b:0a:f4:ff:83': -84}, {'48:8b:0a:f3:19:43': -94}, {'48:8b:0a:f3:7b:03': -83}, {'48:8b:0a:f4:27:e3': -74}, {'48:8b:0a:f4:fa:23': -94}, {'84:f1:47:a8:77:23': -94}, {'f0:1d:2d:a5:1d:c3': -58}, {'84:f1:47:a8:44:23': -94}, {'84:f1:47:a8:36:c3': -96}, {'84:f1:47:a8:83:23': -96}, {'84:f1:47:a8:9d:21': -96}, {'48:8b:0a:f4:ff:81': -84}, {'48:8b:0a:f3:19:41': -94}, {'84:5a:3e:94:a4:81': -60}, {'48:8b:0a:f3:7b:01': -83}, {'48:8b:0a:f4:27:e1': -74}, {'48:8b:0a:f4:fa:21': -94}, {'84:f1:47:a8:77:21': -94}, {'f0:1d:2d:a5:1d:c1': -58}, {'84:f1:47:a8:44:21': -94}, {'84:f1:47:a8:83:21': -96}, {'84:f1:47:a8:9d:20': -96}, {'48:8b:0a:f4:ff:80': -84}, {'48:8b:0a:f3:19:40': -94}, {'84:5a:3e:94:a4:80': -60}, {'48:8b:0a:f3:7b:00': -83}, {'48:8b:0a:f4:27:e0': -74}, {'48:8b:0a:f4:fa:20': -94}, {'84:f1:47:a8:77:20': -94}, {'f0:1d:2d:a5:1d:c0': -58}, {'84:f1:47:a8:44:20': -94}, {'84:f1:47:a8:36:c0': -96}, {'84:f1:47:a8:83:20': -96}, {'48:8b:0a:f2:3a:c0': -96}, {'48:8b:0a:f4:ff:82': -84}, {'48:8b:0a:f3:19:42': -94}, {'84:5a:3e:94:a4:82': -60}, {'48:8b:0a:f3:7b:02': -83}, {'48:8b:0a:f4:27:e2': -74}, {'48:8b:0a:f4:fa:22': -94}, {'84:f1:47:a8:77:22': -94}, {'f0:1d:2d:a5:1d:c2': -58}, {'84:f1:47:a8:44:22': -94}, {'84:f1:47:a8:83:22': -96}, {'b0:95:75:bb:5d:e0': -94}, {'32:13:8b:3e:57:39': -86}, {'02:41:0e:be:ec:3c': -96}]"
21,39,"[{'84:5a:3e:94:a4:83': -60}, {'48:8b:0a:f3:7b:03': -60}, {'84:f1:47:a8:83:23': -95}, {'48:8b:0a:f4:ff:83': -83}, {'48:8b:0a:f4:fa:23': -95}, {'48:8b:0a:f4:27:e3': -73}, {'84:f1:47:a8:44:23': -95}, {'f0:1d:2d:a5:1d:c3': -58}, {'48:8b:0a:f3:19:43': -94}, {'84:f1:47:a8:36:c3': -96}, {'84:5a:3e:94:a4:82': -73}, {'48:8b:0a:f3:7b:02': -60}, {'48:8b:0a:f4:ff:82': -83}, {'48:8b:0a:f4:fa:22': -95}, {'48:8b:0a:f4:27:e2': -73}, {'84:f1:47:a8:44:22': -95}, {'f0:1d:2d:a5:1d:c2': -58}, {'48:8b:0a:f3:19:42': -94}, {'84:f1:47:a8:36:c2': -96}, {'84:f1:47:a8:83:22': -95}, {'84:5a:3e:94:a4:81': -74}, {'84:f1:47:a8:36:c1': -96}, {'48:8b:0a:f3:19:41': -94}, {'48:8b:0a:f3:7b:01': -60}, {'84:f1:47:a8:83:21': -94}, {'48:8b:0a:f4:ff:81': -83}, {'48:8b:0a:f4:fa:21': -95}, {'48:8b:0a:f4:27:e1': -73}, {'84:f1:47:a8:44:21': -95}, {'84:f1:47:a8:77:21': -94}, {'f0:1d:2d:a5:1d:c1': -58}, {'48:8b:0a:f2:3a:c1': -96}, {'84:f1:47:a8:9d:21': -96}, {'84:5a:3e:94:a4:80': -73}, {'84:f1:47:a8:36:c0': -95}, {'48:8b:0a:f3:19:40': -94}, {'48:8b:0a:f3:7b:00': -60}, {'84:f1:47:a8:83:20': -94}, {'48:8b:0a:f4:ff:80': -83}, {'48:8b:0a:f4:fa:20': -95}, {'48:8b:0a:f4:27:e0': -73}, {'84:f1:47:a8:44:20': -95}, {'84:f1:47:a8:77:20': -94}, {'f0:1d:2d:a5:1d:c0': -58}, {'48:8b:0a:f2:3a:c0': -96}, {'84:f1:47:a8:9d:20': -96}, {'b0:95:75:bb:5d:e0': -95}, {'9c:30:5b:91:79:29': -97}, {'32:13:8b:3e:57:39': -93}, {'02:41:0e:f5:32:f4': -96}, {'02:41:0e:be:ec:3c': -95}]"
21,40,"[{'f0:1d:2d:a5:1d:c3': -58}, {'84:f1:47:a8:44:23': -95}, {'84:f1:47:a8:77:23': -94}, {'48:8b:0a:f4:fa:23': -96}, {'48:8b:0a:f4:27:e3': -73}, {'48:8b:0a:f4:ff:83': -83}, {'48:8b:0a:f3:19:43': -94}, {'48:8b:0a:f3:7b:03': -74}, {'84:5a:3e:94:a4:83': -84}, {'84:f1:47:a8:44:22': -95}, {'84:f1:47:a8:77:22': -94}, {'f0:1d:2d:a5:1d:c2': -58}, {'48:8b:0a:f4:fa:22': -96}, {'48:8b:0a:f4:27:e2': -73}, {'48:8b:0a:f4:ff:82': -83}, {'48:8b:0a:f3:19:42': -94}, {'48:8b:0a:f3:7b:02': -74}, {'84:5a:3e:94:a4:82': -84}, {'84:f1:47:a8:44:21': -95}, {'84:f1:47:a8:77:21': -94}, {'f0:1d:2d:a5:1d:c1': -58}, {'48:8b:0a:f4:fa:21': -96}, {'48:8b:0a:f4:27:e1': -73}, {'48:8b:0a:f4:ff:81': -84}, {'48:8b:0a:f3:19:41': -94}, {'48:8b:0a:f2:3a:c1': -96}, {'48:8b:0a:f3:7b:01': -74}, {'84:f1:47:a8:83:21': -96}, {'84:5a:3e:94:a4:81': -84}, {'84:f1:47:a8:44:20': -95}, {'84:f1:47:a8:77:20': -94}, {'f0:1d:2d:a5:1d:c0': -58}, {'48:8b:0a:f4:fa:20': -96}, {'48:8b:0a:f4:27:e0': -73}, {'48:8b:0a:f4:ff:80': -83}, {'48:8b:0a:f3:19:40': -94}, {'48:8b:0a:f3:7b:00': -74}, {'84:f1:47:a8:83:20': -96}, {'02:41:0e:be:ec:3c': -96}, {'32:13:8b:3e:57:39': -86}, {'02:41:0e:f5:32:f4': -94}]"
21,41,"[{'32:13:8b:3e:57:39': -86}, {'f0:1d:2d:a5:1d:c3': -59}, {'84:f1:47:a8:77:23': -94}, {'48:8b:0a:f4:27:e3': -73}, {'48:8b:0a:f4:fa:23': -95}, {'84:f1:47:a8:83:23': -96}, {'48:8b:0a:f4:ff:83': -86}, {'48:8b:0a:f3:19:43': -95}, {'84:5a:3e:94:a4:83': -86}, {'48:8b:0a:f3:7b:03': -74}, {'84:f1:47:a8:44:23': -95}, {'f0:1d:2d:a5:1d:c2': -59}, {'84:f1:47:a8:77:22': -94}, {'84:f1:47:a8:73:c2': -96}, {'48:8b:0a:f4:27:e2': -73}, {'48:8b:0a:f4:fa:22': -95}, {'84:f1:47:a8:83:22': -96}, {'48:8b:0a:f4:ff:82': -85}, {'48:8b:0a:f3:19:42': -95}, {'84:5a:3e:94:a4:82': -86}, {'48:8b:0a:f3:7b:02': -74}, {'84:f1:47:a8:44:22': -95}, {'f0:1d:2d:a5:1d:c1': -59}, {'84:f1:47:a8:77:21': -94}, {'84:f1:47:a8:73:c1': -96}, {'48:8b:0a:f4:27:e1': -73}, {'48:8b:0a:f4:fa:21': -95}, {'84:f1:47:a8:83:21': -96}, {'48:8b:0a:f3:19:41': -95}, {'84:5a:3e:94:a4:81': -86}, {'48:8b:0a:f3:7b:01': -74}, {'84:f1:47:a8:44:21': -95}, {'f0:1d:2d:a5:1d:c0': -59}, {'84:f1:47:a8:77:20': -94}, {'84:f1:47:a8:73:c0': -96}, {'48:8b:0a:f4:27:e0': -73}, {'84:f1:47:a8:83:20': -96}, {'84:f1:47:a8:36:c0': -96}, {'48:8b:0a:f3:19:40': -95}, {'84:5a:3e:94:a4:80': -86}, {'48:8b:0a:f3:7b:00': -74}, {'84:f1:47:a8:44:20': -95}, {'02:41:0e:be:ec:3c': -95}, {'b0:95:75:bb:5d:e0': -87}, {'02:41:0e:f5:32:f4': -96}]"
21,42,"[{'02:41:0e:f5:32:f4': -96}, {'32:13:8b:3e:57:39': -94}, {'f0:1d:2d:a5:1d:c3': -59}, {'84:f1:47:a8:77:23': -94}, {'84:f1:47:a8:44:23': -95}, {'48:8b:0a:f4:27:e3': -83}, {'48:8b:0a:f4:fa:23': -94}, {'84:f1:47:a8:83:23': -95}, {'48:8b:0a:f3:7b:03': -85}, {'84:5a:3e:94:a4:83': -87}, {'84:f1:47:a8:36:c3': -95}, {'48:8b:0a:f4:ff:83': -86}, {'48:8b:0a:f3:19:43': -95}, {'84:f1:47:a8:77:22': -94}, {'f0:1d:2d:a5:1d:c2': -59}, {'84:f1:47:a8:44:22': -95}, {'48:8b:0a:f4:fa:22': -95}, {'48:8b:0a:f4:27:e2': -83}, {'84:f1:47:a8:83:22': -95}, {'48:8b:0a:f3:7b:02': -85}, {'84:5a:3e:94:a4:82': -93}, {'48:8b:0a:f4:ff:82': -86}, {'48:8b:0a:f3:19:42': -95}, {'84:f1:47:a8:77:21': -93}, {'f0:1d:2d:a5:1d:c1': -59}, {'84:f1:47:a8:44:21': -95}, {'48:8b:0a:f4:fa:21': -95}, {'48:8b:0a:f4:27:e1': -83}, {'84:f1:47:a8:83:21': -96}, {'48:8b:0a:f3:7b:01': -85}, {'84:5a:3e:94:a4:81': -87}, {'84:f1:47:a8:36:c1': -96}, {'48:8b:0a:f4:ff:81': -86}, {'48:8b:0a:f3:19:41': -95}, {'84:f1:47:a8:77:20': -94}, {'f0:1d:2d:a5:1d:c0': -59}, {'84:f1:47:a8:44:20': -95}, {'48:8b:0a:f4:27:e0': -83}, {'48:8b:0a:f4:fa:20': -95}, {'48:8b:0a:f3:7b:00': -85}, {'84:f1:47:a8:83:20': -95}, {'84:5a:3e:94:a4:80': -87}, {'84:f1:47:a8:36:c0': -96}, {'48:8b:0a:f4:ff:80': -86}, {'48:8b:0a:f3:19:40': -95}, {'02:41:0e:be:ec:3c': -97}, {'b0:95:75:bb:5d:e0': -94}]"
21,43,"[{'f0:1d:2d:a5:1d:c3': -58}, {'84:f1:47:a8:77:23': -93}, {'48:8b:0a:f4:fa:23': -94}, {'48:8b:0a:f4:27:e3': -83}, {'48:8b:0a:f3:7b:03': -74}, {'84:f1:47:a8:83:23': -95}, {'84:f1:47:a8:36:c3': -96}, {'48:8b:0a:f4:ff:83': -85}, {'48:8b:0a:f2:3a:c3': -96}, {'84:f1:47:a8:44:23': -94}, {'32:13:8b:3e:57:39': -86}, {'84:f1:47:a8:77:22': -86}, {'f0:1d:2d:a5:1d:c2': -59}, {'48:8b:0a:f4:fa:22': -94}, {'48:8b:0a:f4:27:e2': -83}, {'84:5a:3e:94:a4:82': -87}, {'48:8b:0a:f3:7b:02': -74}, {'84:f1:47:a8:83:22': -95}, {'84:f1:47:a8:36:c2': -96}, {'48:8b:0a:f4:ff:82': -85}, {'84:f1:47:a8:44:22': -94}, {'84:f1:47:a8:77:21': -93}, {'f0:1d:2d:a5:1d:c1': -59}, {'48:8b:0a:f4:27:e1': -83}, {'48:8b:0a:f4:fa:21': -94}, {'48:8b:0a:f2:3a:c1': -95}, {'84:5a:3e:94:a4:81': -86}, {'48:8b:0a:f3:7b:01': -74}, {'84:f1:47:a8:83:21': -95}, {'84:f1:47:a8:36:c1': -96}, {'48:8b:0a:f4:ff:81': -85}, {'48:8b:0a:f3:19:41': -96}, {'84:f1:47:a8:44:21': -95}, {'84:f1:47:a8:77:20': -93}, {'f0:1d:2d:a5:1d:c0': -59}, {'48:8b:0a:f4:fa:20': -94}, {'48:8b:0a:f4:27:e0': -83}, {'48:8b:0a:f2:3a:c0': -95}, {'84:5a:3e:94:a4:80': -86}, {'84:f1:47:a8:83:20': -95}, {'48:8b:0a:f3:7b:00': -74}, {'84:f1:47:a8:36:c0': -96}, {'48:8b:0a:f4:ff:80': -85}, {'48:8b:0a:f3:19:40': -95}, {'84:f1:47:a8:44:20': -95}, {'b0:95:75:bb:5d:e0': -95}, {'02:41:0e:f5:32:f4': -95}]"
21,44,"[{'b0:95:75:bb:5d:e0': -95}, {'f0:1d:2d:a5:1d:c3': -59}, {'84:f1:47:a8:44:23': -94}, {'84:f1:47:a8:77:23': -86}, {'84:f1:47:a8:73:c3': -96}, {'48:8b:0a:f4:27:e3': -73}, {'84:5a:3e:94:a4:83': -87}, {'48:8b:0a:f3:7b:03': -74}, {'48:8b:0a:f4:ff:83': -83}, {'84:f1:47:a8:44:20': -94}, {'84:f1:47:a8:77:20': -86}, {'f0:1d:2d:a5:1d:c0': -59}, {'84:f1:47:a8:73:c0': -96}, {'48:8b:0a:f4:27:e0': -73}, {'84:5a:3e:94:a4:80': -86}, {'48:8b:0a:f3:7b:00': -74}, {'48:8b:0a:f4:ff:80': -83}, {'84:f1:47:a8:77:22': -86}, {'f0:1d:2d:a5:1d:c2': -59}, {'84:f1:47:a8:73:c2': -96}, {'48:8b:0a:f4:27:e2': -73}, {'84:5a:3e:94:a4:82': -86}, {'48:8b:0a:f3:7b:02': -74}, {'48:8b:0a:f4:ff:82': -83}, {'84:f1:47:a8:44:22': -94}, {'84:f1:47:a8:77:21': -86}, {'f0:1d:2d:a5:1d:c1': -59}, {'84:f1:47:a8:73:c1': -96}, {'48:8b:0a:f4:27:e1': -73}, {'84:5a:3e:94:a4:81': -86}, {'48:8b:0a:f3:7b:01': -74}, {'48:8b:0a:f4:ff:81': -83}, {'84:f1:47:a8:44:21': -94}, {'32:13:8b:3e:57:39': -86}]"
21,45,"[{'b0:95:75:bb:5d:e0': -87}, {'84:f1:47:a8:77:20': -84}, {'84:f1:47:a8:44:20': -94}, {'f0:1d:2d:a5:1d:c0': -59}, {'84:f1:47:a8:73:c0': -95}, {'48:8b:0a:f4:27:e0': -73}, {'84:5a:3e:94:a4:80': -94}, {'48:8b:0a:f3:7b:00': -74}, {'48:8b:0a:f3:19:40': -95}, {'f0:1d:2d:a5:1d:c3': -59}, {'84:f1:47:a8:44:23': -94}, {'84:f1:47:a8:77:23': -84}, {'84:f1:47:a8:73:c3': -94}, {'48:8b:0a:f4:27:e3': -73}, {'48:8b:0a:f4:fa:23': -95}, {'84:5a:3e:94:a4:83': -94}, {'48:8b:0a:f3:7b:03': -74}, {'48:8b:0a:f4:ff:83': -83}, {'48:8b:0a:f3:19:43': -95}, {'84:f1:47:a8:44:22': -94}, {'84:f1:47:a8:77:22': -84}, {'f0:1d:2d:a5:1d:c2': -59}, {'84:f1:47:a8:73:c2': -95}, {'48:8b:0a:f4:27:e2': -73}, {'84:5a:3e:94:a4:82': -94}, {'48:8b:0a:f3:7b:02': -74}, {'84:f1:47:a8:44:21': -94}, {'84:f1:47:a8:77:21': -85}, {'f0:1d:2d:a5:1d:c1': -59}, {'84:f1:47:a8:73:c1': -94}, {'48:8b:0a:f4:27:e1': -73}, {'48:8b:0a:f4:fa:21': -95}, {'84:5a:3e:94:a4:81': -94}, {'48:8b:0a:f3:7b:01': -74}, {'84:f1:47:a8:83:21': -96}, {'48:8b:0a:f4:ff:81': -83}, {'32:13:8b:3e:57:39': -84}, {'02:41:0e:f5:32:f4': -95}]"
21,46,"[{'f0:1d:2d:a5:1d:c3': -73}, {'84:f1:47:a8:44:23': -95}, {'84:f1:47:a8:77:23': -86}, {'84:f1:47:a8:73:c3': -95}, {'48:8b:0a:f4:fa:23': -93}, {'48:8b:0a:f4:27:e3': -74}, {'48:8b:0a:f3:7b:03': -85}, {'48:8b:0a:f4:ff:83': -72}, {'84:5a:3e:94:a4:83': -87}, {'48:8b:0a:f5:24:23': -97}, {'32:13:8b:3e:57:39': -94}, {'f0:1d:2d:a5:1d:c2': -60}, {'84:f1:47:a8:77:22': -94}, {'84:f1:47:a8:44:22': -95}, {'84:f1:47:a8:73:c2': -95}, {'48:8b:0a:f4:fa:22': -93}, {'48:8b:0a:f4:27:e2': -74}, {'48:8b:0a:f3:7b:02': -85}, {'48:8b:0a:f4:ff:82': -71}, {'84:5a:3e:94:a4:82': -87}, {'f0:1d:2d:a5:1d:c1': -60}, {'84:f1:47:a8:77:21': -86}, {'84:f1:47:a8:73:c1': -95}, {'48:8b:0a:f4:fa:21': -93}, {'48:8b:0a:f4:27:e1': -74}, {'48:8b:0a:f3:7b:01': -86}, {'84:f1:47:a8:83:21': -96}, {'48:8b:0a:f2:3a:c1': -96}, {'48:8b:0a:f4:ff:81': -71}, {'84:5a:3e:94:a4:81': -87}, {'84:f1:47:a8:44:21': -95}, {'f0:1d:2d:a5:1d:c0': -60}, {'84:f1:47:a8:44:20': -95}, {'84:f1:47:a8:77:20': -94}, {'84:f1:47:a8:73:c0': -95}, {'48:8b:0a:f4:fa:20': -93}, {'48:8b:0a:f4:27:e0': -82}, {'48:8b:0a:f3:7b:00': -85}, {'84:f1:47:a8:83:20': -96}, {'48:8b:0a:f4:ff:80': -72}, {'48:8b:0a:f2:3a:c0': -95}, {'84:5a:3e:94:a4:80': -86}, {'b0:95:75:bb:5d:e0': -95}]"
20,46,"[{'84:f1:47:a8:77:20': -86}, {'84:f1:47:a8:44:20': -95}, {'f0:1d:2d:a5:1d:c0': -60}, {'48:8b:0a:f4:27:e0': -60}, {'48:8b:0a:f4:ff:80': -83}, {'48:8b:0a:f3:7b:00': -72}, {'f0:1d:2d:a5:1d:c3': -60}, {'84:f1:47:a8:44:23': -95}, {'84:f1:47:a8:77:23': -85}, {'48:8b:0a:f4:27:e3': -60}, {'48:8b:0a:f4:ff:83': -84}, {'84:5a:3e:94:a4:83': -93}, {'48:8b:0a:f3:7b:03': -72}, {'84:f1:47:a8:44:22': -95}, {'84:f1:47:a8:77:22': -86}, {'f0:1d:2d:a5:1d:c2': -60}, {'48:8b:0a:f4:27:e2': -60}, {'48:8b:0a:f4:ff:82': -83}, {'48:8b:0a:f3:7b:02': -72}, {'84:f1:47:a8:44:21': -95}, {'84:f1:47:a8:77:21': -85}, {'f0:1d:2d:a5:1d:c1': -60}, {'48:8b:0a:f4:27:e1': -60}, {'48:8b:0a:f4:ff:81': -83}, {'48:8b:0a:f3:7b:01': -71}, {'32:13:8b:3e:57:39': -85}, {'02:41:0e:be:ec:3c': -97}]"
20,45,"[{'f0:1d:2d:a5:1d:c3': -59}, {'84:f1:47:a8:44:23': -95}, {'84:f1:47:a8:77:23': -93}, {'48:8b:0a:f4:fa:23': -94}, {'84:f1:47:a8:73:c3': -96}, {'48:8b:0a:f4:27:e3': -74}, {'48:8b:0a:f4:ff:83': -72}, {'48:8b:0a:f3:19:43': -94}, {'84:5a:3e:94:a4:83': -93}, {'48:8b:0a:f3:7b:03': -73}, {'32:13:8b:3e:57:39': -74}, {'84:f1:47:a8:44:22': -95}, {'84:f1:47:a8:77:22': -93}, {'f0:1d:2d:a5:1d:c2': -60}, {'48:8b:0a:f4:fa:22': -94}, {'48:8b:0a:f4:27:e2': -73}, {'48:8b:0a:f3:19:42': -94}, {'84:5a:3e:94:a4:82': -93}, {'48:8b:0a:f3:7b:02': -72}, {'48:8b:0a:f4:ff:82': -71}, {'84:f1:47:a8:44:21': -95}, {'84:f1:47:a8:77:21': -93}, {'f0:1d:2d:a5:1d:c1': -59}, {'48:8b:0a:f4:fa:21': -94}, {'84:f1:47:a8:73:c1': -96}, {'48:8b:0a:f4:27:e1': -73}, {'48:8b:0a:f4:ff:81': -72}, {'48:8b:0a:f3:19:41': -94}, {'84:5a:3e:94:a4:81': -93}, {'48:8b:0a:f3:7b:01': -73}, {'84:f1:47:a8:44:20': -95}, {'84:f1:47:a8:77:20': -86}, {'f0:1d:2d:a5:1d:c0': -59}, {'48:8b:0a:f4:fa:20': -94}, {'84:f1:47:a8:73:c0': -96}, {'48:8b:0a:f4:27:e0': -73}, {'84:f1:47:a8:36:c0': -96}, {'84:f1:47:a8:9d:20': -96}, {'48:8b:0a:f4:ff:80': -72}, {'48:8b:0a:f3:19:40': -94}, {'48:8b:0a:f3:7b:00': -73}, {'b0:95:75:bb:5d:e0': -95}, {'02:41:0e:f5:32:f4': -96}]"
20,44,"[{'f0:1d:2d:a5:1d:c3': -59}, {'48:8b:0a:f4:fa:23': -94}, {'48:8b:0a:f4:27:e3': -74}, {'48:8b:0a:f4:ff:83': -82}, {'48:8b:0a:f3:19:43': -94}, {'84:5a:3e:94:a4:83': -83}, {'84:f1:47:a8:77:23': -93}, {'84:f1:47:a8:77:20': -86}, {'f0:1d:2d:a5:1d:c0': -60}, {'84:f1:47:a8:73:c0': -96}, {'48:8b:0a:f4:fa:20': -95}, {'48:8b:0a:f4:27:e0': -74}, {'84:f1:47:a8:9d:20': -96}, {'48:8b:0a:f4:ff:80': -74}, {'48:8b:0a:f3:19:40': -94}, {'84:5a:3e:94:a4:80': -83}, {'48:8b:0a:f3:7b:00': -73}, {'84:f1:47:a8:44:20': -95}, {'f0:1d:2d:a5:1d:c2': -60}, {'48:8b:0a:f4:fa:22': -94}, {'48:8b:0a:f4:27:e2': -74}, {'48:8b:0a:f4:ff:82': -74}, {'48:8b:0a:f3:19:42': -95}, {'84:5a:3e:94:a4:82': -83}, {'84:f1:47:a8:77:22': -87}, {'32:13:8b:3e:57:39': -87}, {'f0:1d:2d:a5:1d:c1': -60}, {'48:8b:0a:f4:fa:21': -95}, {'48:8b:0a:f4:27:e1': -74}, {'84:f1:47:a8:9d:21': -96}, {'48:8b:0a:f3:19:41': -95}, {'84:5a:3e:94:a4:81': -83}, {'48:8b:0a:f4:ff:81': -82}, {'84:f1:47:a8:44:21': -96}, {'84:f1:47:a8:77:21': -87}, {'b0:95:75:bb:5d:e0': -95}, {'02:41:0e:f5:32:f4': -96}]"
20,43,"[{'f0:1d:2d:a5:1d:c3': -59}, {'48:8b:0a:f4:27:e3': -71}, {'48:8b:0a:f4:fa:23': -95}, {'48:8b:0a:f4:ff:83': -86}, {'48:8b:0a:f3:19:43': -95}, {'84:5a:3e:94:a4:83': -85}, {'84:f1:47:a8:44:23': -94}, {'84:f1:47:a8:77:23': -95}, {'f0:1d:2d:a5:1d:c2': -59}, {'48:8b:0a:f4:fa:22': -95}, {'48:8b:0a:f4:27:e2': -72}, {'48:8b:0a:f4:ff:82': -86}, {'84:5a:3e:94:a4:82': -84}, {'84:f1:47:a8:44:22': -94}, {'84:f1:47:a8:77:22': -95}, {'32:13:8b:3e:57:39': -94}, {'f0:1d:2d:a5:1d:c1': -59}, {'48:8b:0a:f4:fa:21': -95}, {'48:8b:0a:f4:27:e1': -72}, {'84:f1:47:a8:9d:21': -96}, {'48:8b:0a:f4:ff:81': -85}, {'48:8b:0a:f3:19:41': -95}, {'84:f1:47:a8:44:21': -94}, {'84:f1:47:a8:77:21': -95}, {'f0:1d:2d:a5:1d:c0': -59}, {'48:8b:0a:f4:fa:20': -95}, {'48:8b:0a:f4:27:e0': -72}, {'84:f1:47:a8:9d:20': -95}, {'48:8b:0a:f4:ff:80': -86}, {'48:8b:0a:f3:19:40': -95}, {'84:5a:3e:94:a4:80': -84}, {'84:f1:47:a8:83:20': -97}, {'84:f1:47:a8:77:20': -95}, {'84:f1:47:a8:44:20': -94}, {'b0:95:75:bb:5d:e0': -94}, {'12:6f:d9:2f:37:10': -100}]"
20,42,"[{'f0:1d:2d:a5:1d:c3': -59}, {'84:f1:47:a8:77:23': -94}, {'84:f1:47:a8:73:c3': -96}, {'48:8b:0a:f4:27:e3': -73}, {'48:8b:0a:f4:fa:23': -95}, {'84:5a:3e:94:a4:83': -74}, {'48:8b:0a:f3:7b:03': -94}, {'84:f1:47:a8:83:23': -96}, {'48:8b:0a:f4:ff:83': -83}, {'84:f1:47:a8:44:23': -95}, {'84:f1:47:a8:77:22': -94}, {'f0:1d:2d:a5:1d:c2': -59}, {'48:8b:0a:f4:27:e2': -73}, {'48:8b:0a:f4:fa:22': -95}, {'84:5a:3e:94:a4:82': -74}, {'48:8b:0a:f3:7b:02': -94}, {'48:8b:0a:f4:ff:82': -83}, {'84:f1:47:a8:44:22': -95}, {'84:f1:47:a8:77:21': -94}, {'f0:1d:2d:a5:1d:c1': -59}, {'48:8b:0a:f4:27:e1': -73}, {'48:8b:0a:f4:fa:21': -95}, {'48:8b:0a:f2:3a:c1': -96}, {'84:5a:3e:94:a4:81': -74}, {'48:8b:0a:f3:7b:01': -94}, {'84:f1:47:a8:83:21': -96}, {'84:f1:47:a8:9d:21': -95}, {'84:f1:47:a8:36:c1': -96}, {'48:8b:0a:f4:ff:81': -83}, {'48:8b:0a:f3:19:41': -95}, {'84:f1:47:a8:44:21': -95}, {'84:f1:47:a8:77:20': -94}, {'f0:1d:2d:a5:1d:c0': -59}, {'48:8b:0a:f4:27:e0': -73}, {'48:8b:0a:f4:fa:20': -95}, {'84:5a:3e:94:a4:80': -74}, {'48:8b:0a:f3:7b:00': -94}, {'84:f1:47:a8:83:20': -96}, {'84:f1:47:a8:9d:20': -96}, {'84:f1:47:a8:36:c0': -96}, {'48:8b:0a:f4:ff:80': -84}, {'48:8b:0a:f3:19:40': -95}, {'84:f1:47:a8:44:20': -95}, {'b0:95:75:bb:5d:e0': -96}, {'32:13:8b:3e:57:39': -94}]"
20,41,"[{'b0:95:75:bb:5d:e0': -95}, {'48:8b:0a:f4:fa:22': -95}, {'48:8b:0a:f4:27:e2': -74}, {'84:f1:47:a8:36:c2': -95}, {'48:8b:0a:f4:ff:82': -84}, {'84:5a:3e:94:a4:82': -83}, {'48:8b:0a:f3:19:42': -96}, {'f0:1d:2d:a5:1d:c2': -59}, {'84:f1:47:a8:44:22': -94}, {'84:f1:47:a8:77:22': -86}, {'48:8b:0a:f4:fa:21': -95}, {'48:8b:0a:f4:27:e1': -74}, {'48:8b:0a:f4:ff:81': -84}, {'84:5a:3e:94:a4:81': -83}, {'48:8b:0a:f3:19:41': -95}, {'f0:1d:2d:a5:1d:c1': -59}, {'84:f1:47:a8:44:21': -94}, {'84:f1:47:a8:77:21': -86}, {'f0:1d:2d:a5:1d:c3': -59}, {'48:8b:0a:f4:fa:23': -95}, {'48:8b:0a:f4:27:e3': -74}, {'48:8b:0a:f4:ff:83': -84}, {'84:5a:3e:94:a4:83': -83}, {'84:f1:47:a8:9d:23': -96}, {'84:f1:47:a8:44:23': -94}, {'84:f1:47:a8:77:23': -86}, {'48:8b:0a:f4:fa:20': -95}, {'48:8b:0a:f4:27:e0': -74}, {'48:8b:0a:f4:ff:80': -84}, {'48:8b:0a:f3:19:40': -95}, {'84:5a:3e:94:a4:80': -83}, {'84:f1:47:a8:77:20': -86}, {'f0:1d:2d:a5:1d:c0': -59}, {'84:f1:47:a8:44:20': -95}, {'32:13:8b:3e:57:39': -95}, {'02:41:0e:f5:32:f4': -95}]"
20,40,"[{'f0:1d:2d:a5:1d:c3': -59}, {'84:f1:47:a8:44:23': -95}, {'84:f1:47:a8:77:23': -94}, {'48:8b:0a:f4:27:e3': -74}, {'48:8b:0a:f4:ff:83': -84}, {'48:8b:0a:f3:19:43': -94}, {'84:5a:3e:94:a4:83': -74}, {'84:f1:47:a8:9d:23': -96}, {'b0:95:75:bb:5d:e0': -94}, {'32:13:8b:3e:57:39': -84}, {'84:f1:47:a8:44:22': -95}, {'84:f1:47:a8:77:22': -94}, {'f0:1d:2d:a5:1d:c2': -59}, {'48:8b:0a:f4:fa:22': -95}, {'48:8b:0a:f4:27:e2': -74}, {'48:8b:0a:f4:ff:82': -84}, {'84:f1:47:a8:36:c2': -95}, {'84:f1:47:a8:44:21': -95}, {'84:f1:47:a8:77:21': -94}, {'f0:1d:2d:a5:1d:c1': -59}, {'48:8b:0a:f4:fa:21': -95}, {'48:8b:0a:f4:27:e1': -74}, {'48:8b:0a:f3:19:41': -94}, {'48:8b:0a:f4:ff:81': -84}, {'84:f1:47:a8:9d:21': -96}, {'84:f1:47:a8:36:c1': -96}, {'84:f1:47:a8:44:20': -95}, {'84:f1:47:a8:77:20': -94}, {'f0:1d:2d:a5:1d:c0': -59}, {'48:8b:0a:f4:fa:20': -95}, {'48:8b:0a:f4:27:e0': -74}, {'48:8b:0a:f3:19:40': -94}, {'48:8b:0a:f4:ff:80': -84}, {'84:f1:47:a8:9d:20': -96}, {'02:41:0e:be:ec:3c': -96}]"
20,39,"[{'f0:1d:2d:a5:1d:c3': -59}, {'48:8b:0a:f4:27:e3': -74}, {'48:8b:0a:f4:ff:83': -84}, {'48:8b:0a:f3:19:43': -94}, {'84:5a:3e:94:a4:83': -74}, {'84:f1:47:a8:9d:23': -96}, {'84:f1:47:a8:44:23': -95}, {'84:f1:47:a8:77:23': -94}, {'48:8b:0a:f4:fa:22': -95}, {'48:8b:0a:f4:27:e2': -74}, {'48:8b:0a:f4:ff:82': -84}, {'84:f1:47:a8:36:c2': -95}, {'84:f1:47:a8:44:22': -95}, {'84:f1:47:a8:77:22': -94}, {'f0:1d:2d:a5:1d:c2': -59}, {'48:8b:0a:f4:fa:21': -95}, {'48:8b:0a:f4:27:e1': -74}, {'48:8b:0a:f3:19:41': -94}, {'84:f1:47:a8:9d:21': -96}, {'84:f1:47:a8:36:c1': -96}, {'48:8b:0a:f4:ff:81': -84}, {'84:f1:47:a8:44:21': -95}, {'84:f1:47:a8:77:21': -94}, {'f0:1d:2d:a5:1d:c1': -59}, {'48:8b:0a:f4:fa:20': -95}, {'48:8b:0a:f4:27:e0': -74}, {'48:8b:0a:f3:19:40': -94}, {'84:f1:47:a8:9d:20': -96}, {'48:8b:0a:f4:ff:80': -84}, {'84:f1:47:a8:44:20': -95}, {'84:f1:47:a8:77:20': -94}, {'f0:1d:2d:a5:1d:c0': -59}, {'b0:95:75:bb:5d:e0': -94}, {'32:13:8b:3e:57:39': -84}, {'02:41:0e:be:ec:3c': -96}]"
20,38,"[{'f0:1d:2d:a5:1d:c3': -59}, {'84:f1:47:a8:44:23': -93}, {'84:f1:47:a8:77:23': -94}, {'48:8b:0a:f4:fa:23': -94}, {'48:8b:0a:f4:27:e3': -93}, {'48:8b:0a:f4:ff:83': -85}, {'48:8b:0a:f3:19:43': -95}, {'84:5a:3e:94:a4:83': -71}, {'48:8b:0a:f3:7b:03': -85}, {'84:f1:47:a8:9d:23': -95}, {'84:f1:47:a8:44:22': -94}, {'84:f1:47:a8:77:22': -94}, {'f0:1d:2d:a5:1d:c2': -59}, {'48:8b:0a:f4:fa:22': -94}, {'48:8b:0a:f4:27:e2': -93}, {'48:8b:0a:f4:ff:82': -85}, {'48:8b:0a:f3:7b:02': -84}, {'84:5a:3e:94:a4:82': -71}, {'84:f1:47:a8:9d:22': -95}, {'84:f1:47:a8:44:21': -93}, {'84:f1:47:a8:77:21': -94}, {'f0:1d:2d:a5:1d:c1': -59}, {'48:8b:0a:f4:fa:21': -94}, {'48:8b:0a:f4:27:e1': -87}, {'84:f1:47:a8:36:c1': -96}, {'48:8b:0a:f4:ff:81': -85}, {'48:8b:0a:f3:19:41': -95}, {'48:8b:0a:f3:7b:01': -85}, {'84:5a:3e:94:a4:81': -60}, {'84:f1:47:a8:44:20': -87}, {'84:f1:47:a8:77:20': -94}, {'f0:1d:2d:a5:1d:c0': -59}, {'48:8b:0a:f4:fa:20': -94}, {'48:8b:0a:f4:27:e0': -93}, {'84:f1:47:a8:36:c0': -97}, {'48:8b:0a:f4:ff:80': -85}, {'48:8b:0a:f3:19:40': -95}, {'48:8b:0a:f3:7b:00': -84}, {'84:5a:3e:94:a4:80': -72}, {'32:13:8b:3e:57:39': -85}, {'b0:95:75:bb:5d:e0': -94}, {'02:41:0e:f5:32:f4': -95}, {'02:41:0e:be:ec:3c': -97}]"
20,37,"[{'f0:1d:2d:a5:1d:c3': -60}, {'84:f1:47:a8:77:23': -95}, {'48:8b:0a:f4:27:e3': -86}, {'48:8b:0a:f3:19:43': -95}, {'84:5a:3e:94:a4:83': -60}, {'84:f1:47:a8:36:c3': -95}, {'48:8b:0a:f4:ff:83': -94}, {'84:f1:47:a8:77:22': -95}, {'f0:1d:2d:a5:1d:c2': -59}, {'48:8b:0a:f4:27:e2': -86}, {'48:8b:0a:f3:19:42': -95}, {'84:5a:3e:94:a4:82': -60}, {'48:8b:0a:f4:ff:82': -94}, {'84:f1:47:a8:77:21': -95}, {'f0:1d:2d:a5:1d:c1': -59}, {'48:8b:0a:f4:27:e1': -86}, {'48:8b:0a:f3:19:41': -95}, {'48:8b:0a:f3:7b:01': -96}, {'84:5a:3e:94:a4:81': -60}, {'84:f1:47:a8:9d:21': -96}, {'48:8b:0a:f4:ff:81': -94}, {'84:f1:47:a8:77:20': -95}, {'f0:1d:2d:a5:1d:c0': -59}, {'48:8b:0a:f4:27:e0': -86}, {'48:8b:0a:f3:19:40': -95}, {'48:8b:0a:f3:7b:00': -96}, {'84:5a:3e:94:a4:80': -60}, {'84:f1:47:a8:9d:20': -96}, {'48:8b:0a:f4:ff:80': -94}, {'b0:95:75:bb:5d:e0': -96}, {'32:13:8b:3e:57:39': -84}]"
20,36,"[{'f0:1d:2d:a5:1d:c3': -60}, {'48:8b:0a:f4:ff:83': -93}, {'48:8b:0a:f3:19:43': -93}, {'84:5a:3e:94:a4:83': -59}, {'48:8b:0a:f3:7b:03': -94}, {'84:f1:47:a8:77:23': -94}, {'f0:1d:2d:a5:1d:c2': -59}, {'84:f1:47:a8:77:22': -94}, {'48:8b:0a:f4:27:e2': -86}, {'48:8b:0a:f4:ff:82': -94}, {'48:8b:0a:f3:19:42': -87}, {'84:5a:3e:94:a4:82': -59}, {'48:8b:0a:f3:7b:02': -94}, {'32:13:8b:3e:57:39': -72}, {'f0:1d:2d:a5:1d:c1': -59}, {'84:f1:47:a8:77:21': -94}, {'48:8b:0a:f4:27:e1': -85}, {'84:f1:47:a8:36:c1': -96}, {'48:8b:0a:f4:ff:81': -93}, {'48:8b:0a:f3:19:41': -87}, {'84:5a:3e:94:a4:81': -59}, {'48:8b:0a:f3:7b:01': -94}, {'f0:1d:2d:a5:1d:c0': -59}, {'84:f1:47:a8:77:20': -94}, {'48:8b:0a:f4:27:e0': -86}, {'84:f1:47:a8:36:c0': -96}, {'48:8b:0a:f4:ff:80': -93}, {'48:8b:0a:f3:19:40': -87}, {'84:5a:3e:94:a4:80': -59}, {'48:8b:0a:f3:7b:00': -94}]"
20,35,"[{'f0:1d:2d:a5:1d:c3': -59}, {'84:f1:47:a8:77:23': -94}, {'48:8b:0a:f4:27:e3': -94}, {'48:8b:0a:f4:fa:23': -95}, {'48:8b:0a:f4:ff:83': -94}, {'48:8b:0a:f3:19:43': -85}, {'84:5a:3e:94:a4:83': -59}, {'84:f1:47:a8:77:22': -94}, {'f0:1d:2d:a5:1d:c2': -60}, {'48:8b:0a:f4:fa:22': -95}, {'48:8b:0a:f4:27:e2': -94}, {'84:f1:47:a8:36:c2': -95}, {'48:8b:0a:f4:ff:82': -94}, {'48:8b:0a:f3:19:42': -85}, {'84:5a:3e:94:a4:82': -59}, {'84:f1:47:a8:77:21': -94}, {'f0:1d:2d:a5:1d:c1': -60}, {'48:8b:0a:f4:fa:21': -96}, {'48:8b:0a:f4:27:e1': -94}, {'84:f1:47:a8:9d:21': -96}, {'84:f1:47:a8:36:c1': -95}, {'48:8b:0a:f4:ff:81': -94}, {'48:8b:0a:f3:19:41': -86}, {'84:5a:3e:94:a4:81': -59}, {'48:8b:0a:f3:7b:01': -95}, {'84:f1:47:a8:44:21': -96}, {'84:f1:47:a8:77:20': -94}, {'f0:1d:2d:a5:1d:c0': -60}, {'48:8b:0a:f4:fa:20': -95}, {'48:8b:0a:f4:27:e0': -94}, {'84:f1:47:a8:36:c0': -95}, {'48:8b:0a:f4:ff:80': -94}, {'48:8b:0a:f3:19:40': -85}, {'48:8b:0a:f2:3a:c0': -96}, {'84:5a:3e:94:a4:80': -59}, {'48:8b:0a:f3:7b:00': -95}, {'84:f1:47:a8:44:20': -97}, {'32:13:8b:3e:57:39': -74}]"
20,34,"[{'f0:1d:2d:a5:1d:c1': -73}, {'84:f1:47:a8:77:21': -94}, {'48:8b:0a:f4:27:e1': -94}, {'48:8b:0a:f4:fa:21': -95}, {'48:8b:0a:f3:7b:01': -96}, {'84:f1:47:a8:36:c1': -95}, {'48:8b:0a:f3:19:41': -85}, {'48:8b:0a:f4:ff:81': -94}, {'84:5a:3e:94:a4:81': -59}, {'32:13:8b:3e:57:39': -73}, {'f0:1d:2d:a5:1d:c0': -73}, {'84:f1:47:a8:77:20': -94}, {'48:8b:0a:f4:27:e0': -94}, {'48:8b:0a:f4:fa:20': -95}, {'84:f1:47:a8:36:c0': -95}, {'48:8b:0a:f3:19:40': -85}, {'48:8b:0a:f4:ff:80': -94}, {'84:5a:3e:94:a4:80': -59}, {'f0:1d:2d:a5:1d:c3': -59}, {'84:f1:47:a8:77:23': -94}, {'48:8b:0a:f4:27:e3': -94}, {'48:8b:0a:f4:fa:23': -95}, {'48:8b:0a:f3:7b:03': -96}, {'48:8b:0a:f3:19:43': -85}, {'48:8b:0a:f4:ff:83': -94}, {'84:5a:3e:94:a4:83': -59}, {'f0:1d:2d:a5:1d:c2': -73}, {'84:f1:47:a8:77:22': -94}, {'48:8b:0a:f4:27:e2': -94}, {'48:8b:0a:f4:fa:22': -95}, {'48:8b:0a:f3:19:42': -85}, {'48:8b:0a:f4:ff:82': -94}, {'84:5a:3e:94:a4:82': -59}, {'b0:95:75:bb:5d:e0': -98}]"
20,33,"[{'f0:1d:2d:a5:1d:c3': -71}, {'48:8b:0a:f4:27:e3': -94}, {'48:8b:0a:f4:fa:23': -95}, {'48:8b:0a:f3:7b:03': -96}, {'48:8b:0a:f3:19:43': -85}, {'48:8b:0a:f4:ff:83': -94}, {'84:5a:3e:94:a4:83': -59}, {'84:f1:47:a8:77:23': -94}, {'48:8b:0a:f4:27:e2': -94}, {'48:8b:0a:f4:fa:22': -95}, {'48:8b:0a:f3:19:42': -85}, {'48:8b:0a:f4:ff:82': -94}, {'84:5a:3e:94:a4:82': -59}, {'84:f1:47:a8:77:22': -94}, {'f0:1d:2d:a5:1d:c2': -73}, {'48:8b:0a:f4:27:e1': -94}, {'48:8b:0a:f4:fa:21': -95}, {'48:8b:0a:f3:7b:01': -96}, {'84:f1:47:a8:36:c1': -95}, {'48:8b:0a:f3:19:41': -85}, {'48:8b:0a:f4:ff:81': -94}, {'84:5a:3e:94:a4:81': -59}, {'f0:1d:2d:a5:1d:c1': -73}, {'84:f1:47:a8:77:21': -94}, {'48:8b:0a:f4:27:e0': -94}, {'48:8b:0a:f4:fa:20': -95}, {'84:f1:47:a8:36:c0': -95}, {'48:8b:0a:f3:19:40': -85}, {'48:8b:0a:f4:ff:80': -94}, {'84:5a:3e:94:a4:80': -59}, {'f0:1d:2d:a5:1d:c0': -73}, {'84:f1:47:a8:77:20': -94}, {'b0:95:75:bb:5d:e0': -98}, {'32:13:8b:3e:57:39': -73}]"
20,32,"[{'f0:1d:2d:a5:1d:c3': -72}, {'84:f1:47:a8:77:23': -86}, {'48:8b:0a:f2:64:a3': -95}, {'48:8b:0a:f4:27:e3': -94}, {'48:8b:0a:f3:19:43': -87}, {'84:f1:47:a8:36:c3': -94}, {'48:8b:0a:f2:3a:c3': -93}, {'84:5a:3e:94:a4:83': -59}, {'84:f1:47:a8:77:22': -86}, {'f0:1d:2d:a5:1d:c2': -74}, {'48:8b:0a:f4:27:e2': -94}, {'48:8b:0a:f2:64:a2': -94}, {'48:8b:0a:f4:ff:82': -93}, {'48:8b:0a:f3:19:42': -87}, {'84:5a:3e:94:a4:82': -59}, {'84:f1:47:a8:77:21': -87}, {'f0:1d:2d:a5:1d:c1': -74}, {'48:8b:0a:f2:64:a1': -95}, {'48:8b:0a:f4:27:e1': -94}, {'84:f1:47:a8:9d:21': -96}, {'48:8b:0a:f4:ff:81': -93}, {'48:8b:0a:f3:19:41': -87}, {'84:f1:47:a8:36:c1': -94}, {'84:5a:3e:94:a4:81': -59}, {'84:f1:47:a8:77:20': -86}, {'f0:1d:2d:a5:1d:c0': -74}, {'48:8b:0a:f4:27:e0': -94}, {'48:8b:0a:f2:64:a0': -95}, {'84:f1:47:a8:9d:20': -96}, {'84:f1:47:a8:36:c0': -94}, {'48:8b:0a:f4:ff:80': -93}, {'48:8b:0a:f3:19:40': -87}, {'84:5a:3e:94:a4:80': -59}, {'32:13:8b:3e:57:39': -86}]"
20,31,"[{'f0:1d:2d:a5:1d:c3': -59}, {'84:f1:47:a8:77:23': -87}, {'48:8b:0a:f4:27:e3': -95}, {'48:8b:0a:f2:64:a3': -94}, {'84:f1:47:a8:36:c3': -93}, {'48:8b:0a:f4:ff:83': -94}, {'48:8b:0a:f3:19:43': -86}, {'84:5a:3e:94:a4:83': -59}, {'f0:1d:2d:a5:1d:c2': -59}, {'84:f1:47:a8:77:22': -87}, {'48:8b:0a:f4:27:e2': -95}, {'48:8b:0a:f2:64:a2': -94}, {'84:f1:47:a8:36:c2': -93}, {'48:8b:0a:f4:ff:82': -94}, {'48:8b:0a:f3:19:42': -86}, {'84:5a:3e:94:a4:82': -59}, {'32:13:8b:3e:57:39': -73}, {'84:f1:47:a8:77:21': -87}, {'f0:1d:2d:a5:1d:c1': -59}, {'48:8b:0a:f4:27:e1': -95}, {'48:8b:0a:f2:64:a1': -95}, {'84:f1:47:a8:36:c1': -94}, {'48:8b:0a:f4:ff:81': -94}, {'48:8b:0a:f3:19:41': -86}, {'48:8b:0a:f2:3a:c1': -86}, {'84:5a:3e:94:a4:81': -59}, {'84:f1:47:a8:77:20': -87}, {'f0:1d:2d:a5:1d:c0': -59}, {'84:f1:47:a8:73:c0': -96}, {'48:8b:0a:f4:27:e0': -94}, {'48:8b:0a:f2:64:a0': -94}, {'84:f1:47:a8:9d:20': -96}, {'84:f1:47:a8:36:c0': -94}, {'48:8b:0a:f4:ff:80': -94}, {'48:8b:0a:f3:19:40': -86}, {'84:5a:3e:94:a4:80': -59}]"
20,30,"[{'f0:1d:2d:a5:1d:c3': -60}, {'84:f1:47:a8:77:23': -84}, {'84:f1:47:a8:73:c3': -96}, {'48:8b:0a:f2:64:a3': -95}, {'48:8b:0a:f4:27:e3': -95}, {'84:f1:47:a8:36:c3': -87}, {'48:8b:0a:f3:19:43': -84}, {'48:8b:0a:f4:ff:83': -94}, {'48:8b:0a:f2:3a:c3': -87}, {'f0:1d:2d:a5:1d:c2': -60}, {'84:f1:47:a8:77:22': -84}, {'84:f1:47:a8:73:c2': -96}, {'48:8b:0a:f4:27:e2': -95}, {'48:8b:0a:f2:64:a2': -95}, {'84:5a:3e:94:a4:82': -59}, {'84:f1:47:a8:36:c2': -87}, {'48:8b:0a:f4:ff:82': -94}, {'48:8b:0a:f3:19:42': -84}, {'48:8b:0a:f2:3a:c2': -86}, {'32:13:8b:3e:57:39': -60}, {'84:f1:47:a8:77:21': -84}, {'f0:1d:2d:a5:1d:c1': -60}, {'48:8b:0a:f2:64:a1': -95}, {'48:8b:0a:f4:27:e1': -95}, {'84:5a:3e:94:a4:81': -59}, {'84:f1:47:a8:36:c1': -87}, {'48:8b:0a:f4:ff:81': -94}, {'48:8b:0a:f3:19:41': -84}, {'48:8b:0a:f2:3a:c1': -86}, {'84:f1:47:a8:77:20': -84}, {'f0:1d:2d:a5:1d:c0': -60}, {'84:f1:47:a8:73:c0': -96}, {'48:8b:0a:f4:27:e0': -95}, {'48:8b:0a:f2:64:a0': -95}, {'48:8b:0a:f3:7b:00': -96}, {'84:5a:3e:94:a4:80': -59}, {'84:f1:47:a8:36:c0': -87}, {'48:8b:0a:f4:ff:80': -94}, {'48:8b:0a:f3:19:40': -84}, {'48:8b:0a:f2:3a:c0': -86}, {'b0:95:75:bb:5d:e0': -97}]"
20,29,"[{'f0:1d:2d:a5:1d:c1': -72}, {'84:f1:47:a8:77:21': -86}, {'48:8b:0a:f2:64:a1': -93}, {'48:8b:0a:f4:27:e1': -94}, {'84:f1:47:a8:73:c1': -96}, {'48:8b:0a:f4:ff:81': -94}, {'84:f1:47:a8:36:c1': -93}, {'48:8b:0a:f3:19:41': -83}, {'48:8b:0a:f2:3a:c1': -85}, {'84:5a:3e:94:a4:81': -59}, {'f0:1d:2d:a5:1d:c0': -72}, {'84:f1:47:a8:77:20': -86}, {'48:8b:0a:f2:64:a0': -93}, {'84:f1:47:a8:73:c0': -96}, {'48:8b:0a:f4:27:e0': -94}, {'84:f1:47:a8:36:c0': -93}, {'48:8b:0a:f2:3a:c0': -85}, {'48:8b:0a:f3:19:40': -84}, {'84:5a:3e:94:a4:80': -59}, {'f0:1d:2d:a5:1d:c3': -72}, {'84:f1:47:a8:77:23': -86}, {'48:8b:0a:f2:64:a3': -87}, {'48:8b:0a:f4:27:e3': -94}, {'84:f1:47:a8:73:c3': -96}, {'48:8b:0a:f4:ff:83': -94}, {'84:f1:47:a8:36:c3': -93}, {'48:8b:0a:f2:3a:c3': -85}, {'84:5a:3e:94:a4:83': -59}, {'48:8b:0a:f3:19:43': -83}, {'84:f1:47:a8:77:22': -86}, {'f0:1d:2d:a5:1d:c2': -72}, {'48:8b:0a:f2:64:a2': -87}, {'84:f1:47:a8:73:c2': -96}, {'48:8b:0a:f4:27:e2': -94}, {'48:8b:0a:f4:ff:82': -94}, {'84:f1:47:a8:36:c2': -87}, {'48:8b:0a:f3:19:42': -83}, {'48:8b:0a:f2:3a:c2': -85}, {'84:5a:3e:94:a4:82': -59}, {'32:13:8b:3e:57:39': -72}]"
20,28,"[{'f0:1d:2d:a5:1d:c3': -73}, {'84:f1:47:a8:77:23': -74}, {'48:8b:0a:f2:64:a3': -83}, {'48:8b:0a:f3:19:43': -83}, {'48:8b:0a:f2:3a:c3': -83}, {'84:5a:3e:94:a4:83': -71}, {'84:f1:47:a8:36:c3': -83}, {'84:f1:47:a8:77:22': -74}, {'f0:1d:2d:a5:1d:c2': -74}, {'48:8b:0a:f2:64:a2': -83}, {'48:8b:0a:f4:ff:82': -94}, {'48:8b:0a:f3:19:42': -83}, {'48:8b:0a:f2:3a:c2': -83}, {'84:5a:3e:94:a4:82': -60}, {'84:f1:47:a8:36:c2': -82}, {'84:f1:47:a8:77:21': -73}, {'f0:1d:2d:a5:1d:c1': -82}, {'48:8b:0a:f2:64:a1': -83}, {'84:f1:47:a8:73:c1': -94}, {'84:f1:47:a8:36:c1': -83}, {'48:8b:0a:f4:ff:81': -94}, {'48:8b:0a:f2:3a:c1': -83}, {'84:5a:3e:94:a4:81': -71}, {'48:8b:0a:f3:19:41': -83}, {'84:f1:47:a8:77:20': -74}, {'f0:1d:2d:a5:1d:c0': -82}, {'48:8b:0a:f2:64:a0': -83}, {'48:8b:0a:f4:ff:80': -94}, {'48:8b:0a:f3:19:40': -83}, {'48:8b:0a:f2:3a:c0': -83}, {'84:f1:47:a8:36:c0': -83}, {'84:5a:3e:94:a4:80': -71}, {'32:13:8b:3e:57:39': -93}]"
20,27,"[{'48:8b:0a:f3:19:43': -73}, {'48:8b:0a:f4:ff:83': -94}, {'48:8b:0a:f2:3a:c3': -60}, {'84:f1:47:a8:36:c3': -82}, {'84:5a:3e:94:a4:83': -74}, {'84:f1:47:a8:73:c3': -86}, {'48:8b:0a:f2:64:a3': -84}, {'f0:1d:2d:a5:1d:c3': -94}, {'84:f1:47:a8:77:23': -74}, {'84:f1:47:a8:9d:21': -95}, {'48:8b:0a:f2:3a:c1': -60}, {'84:f1:47:a8:36:c1': -82}, {'48:8b:0a:f4:ff:81': -94}, {'48:8b:0a:f3:19:41': -84}, {'84:5a:3e:94:a4:81': -74}, {'48:8b:0a:f2:64:a1': -84}, {'84:f1:47:a8:73:c1': -86}, {'f0:1d:2d:a5:1d:c1': -94}, {'84:f1:47:a8:77:21': -74}, {'84:f1:47:a8:9d:20': -96}, {'48:8b:0a:f2:3a:c0': -60}, {'84:f1:47:a8:36:c0': -74}, {'48:8b:0a:f4:ff:80': -94}, {'48:8b:0a:f3:19:40': -74}, {'84:5a:3e:94:a4:80': -74}, {'84:f1:47:a8:73:c0': -86}, {'48:8b:0a:f2:64:a0': -83}, {'48:8b:0a:f4:27:e0': -96}, {'f0:1d:2d:a5:1d:c0': -94}, {'84:f1:47:a8:77:20': -74}, {'48:8b:0a:f4:ff:82': -94}, {'48:8b:0a:f2:3a:c2': -60}, {'84:f1:47:a8:36:c2': -82}, {'48:8b:0a:f3:19:42': -73}, {'84:5a:3e:94:a4:82': -74}, {'48:8b:0a:f4:27:e2': -96}, {'84:f1:47:a8:73:c2': -86}, {'48:8b:0a:f2:64:a2': -84}, {'f0:1d:2d:a5:1d:c2': -94}, {'84:f1:47:a8:77:22': -74}, {'86:9e:56:b9:17:6e': -96}, {'ae:f4:66:11:f6:27': -96}, {'90:32:4b:74:6e:ea': -98}, {'32:13:8b:3e:57:39': -94}]"
20,26,"[{'48:8b:0a:f3:19:43': -72}, {'48:8b:0a:f2:3a:c3': -60}, {'84:5a:3e:94:a4:83': -82}, {'48:8b:0a:f4:27:e3': -96}, {'84:f1:47:a8:73:c3': -94}, {'48:8b:0a:f2:64:a3': -85}, {'84:f1:47:a8:77:23': -83}, {'f0:1d:2d:a5:1d:c3': -94}, {'84:f1:47:a8:36:c3': -85}, {'48:8b:0a:f4:ff:83': -94}, {'48:8b:0a:f2:3a:c2': -60}, {'84:5a:3e:94:a4:82': -74}, {'48:8b:0a:f3:19:42': -74}, {'84:f1:47:a8:36:c2': -84}, {'48:8b:0a:f4:27:e2': -96}, {'84:f1:47:a8:73:c2': -94}, {'48:8b:0a:f2:64:a2': -84}, {'84:f1:47:a8:77:22': -83}, {'f0:1d:2d:a5:1d:c2': -94}, {'48:8b:0a:f4:ff:82': -94}, {'48:8b:0a:f2:3a:c1': -60}, {'84:5a:3e:94:a4:81': -82}, {'48:8b:0a:f3:19:41': -74}, {'48:8b:0a:f4:27:e1': -96}, {'48:8b:0a:f2:64:a1': -85}, {'84:f1:47:a8:73:c1': -95}, {'84:f1:47:a8:77:21': -83}, {'f0:1d:2d:a5:1d:c1': -94}, {'84:f1:47:a8:36:c1': -85}, {'48:8b:0a:f4:ff:81': -94}, {'48:8b:0a:f2:3a:c0': -60}, {'84:5a:3e:94:a4:80': -74}, {'48:8b:0a:f3:19:40': -74}, {'48:8b:0a:f4:27:e0': -96}, {'84:f1:47:a8:73:c0': -95}, {'48:8b:0a:f2:64:a0': -85}, {'84:f1:47:a8:77:20': -83}, {'f0:1d:2d:a5:1d:c0': -94}, {'48:8b:0a:f4:ff:80': -94}, {'84:f1:47:a8:36:c0': -85}, {'86:9e:56:b9:17:6e': -97}, {'32:13:8b:3e:57:39': -86}]"
20,25,"[{'48:8b:0a:f3:19:43': -72}, {'84:5a:3e:94:a4:83': -73}, {'84:f1:47:a8:9d:23': -95}, {'84:f1:47:a8:36:c3': -85}, {'48:8b:0a:f4:ff:83': -87}, {'48:8b:0a:f2:3a:c3': -74}, {'84:f1:47:a8:73:c3': -93}, {'48:8b:0a:f2:64:a3': -95}, {'48:8b:0a:f4:27:e3': -96}, {'84:f1:47:a8:77:23': -84}, {'f0:1d:2d:a5:1d:c3': -94}, {'84:5a:3e:94:a4:80': -73}, {'84:f1:47:a8:9d:20': -95}, {'84:f1:47:a8:36:c0': -85}, {'48:8b:0a:f4:ff:80': -93}, {'48:8b:0a:f2:3a:c0': -72}, {'48:8b:0a:f3:19:40': -73}, {'84:f1:47:a8:73:c0': -93}, {'48:8b:0a:f4:27:e0': -96}, {'48:8b:0a:f2:64:a0': -95}, {'84:f1:47:a8:77:20': -83}, {'f0:1d:2d:a5:1d:c0': -94}, {'84:5a:3e:94:a4:82': -73}, {'84:f1:47:a8:9d:22': -95}, {'84:f1:47:a8:36:c2': -85}, {'48:8b:0a:f4:ff:82': -93}, {'48:8b:0a:f2:3a:c2': -74}, {'48:8b:0a:f3:19:42': -73}, {'48:8b:0a:f2:64:a2': -95}, {'84:f1:47:a8:73:c2': -93}, {'84:f1:47:a8:77:22': -83}, {'f0:1d:2d:a5:1d:c2': -94}, {'84:5a:3e:94:a4:81': -73}, {'84:f1:47:a8:9d:21': -95}, {'84:f1:47:a8:36:c1': -85}, {'48:8b:0a:f4:ff:81': -87}, {'48:8b:0a:f2:3a:c1': -74}, {'48:8b:0a:f3:19:41': -73}, {'48:8b:0a:f2:64:a1': -95}, {'48:8b:0a:f4:27:e1': -96}, {'84:f1:47:a8:73:c1': -93}, {'84:f1:47:a8:77:21': -83}, {'f0:1d:2d:a5:1d:c1': -94}, {'32:13:8b:3e:57:39': -94}]"
20,24,"[{'48:8b:0a:f3:19:43': -60}, {'84:f1:47:a8:36:c3': -73}, {'48:8b:0a:f2:3a:c3': -83}, {'84:f1:47:a8:73:c3': -94}, {'48:8b:0a:f2:64:a3': -94}, {'84:f1:47:a8:77:23': -60}, {'f0:1d:2d:a5:1d:c3': -94}, {'48:8b:0a:f4:ff:83': -94}, {'84:5a:3e:94:a4:83': -84}, {'84:f1:47:a8:9d:21': -96}, {'84:f1:47:a8:36:c1': -73}, {'48:8b:0a:f2:3a:c1': -84}, {'48:8b:0a:f3:19:41': -71}, {'84:5a:3e:94:a4:81': -84}, {'48:8b:0a:f4:ff:81': -94}, {'48:8b:0a:f2:64:a1': -94}, {'84:f1:47:a8:73:c1': -94}, {'84:f1:47:a8:77:21': -60}, {'f0:1d:2d:a5:1d:c1': -94}, {'84:f1:47:a8:9d:20': -96}, {'84:f1:47:a8:36:c0': -73}, {'48:8b:0a:f2:3a:c0': -84}, {'48:8b:0a:f3:19:40': -71}, {'84:5a:3e:94:a4:80': -84}, {'48:8b:0a:f4:ff:80': -94}, {'84:f1:47:a8:73:c0': -94}, {'48:8b:0a:f2:64:a0': -94}, {'84:f1:47:a8:77:20': -60}, {'f0:1d:2d:a5:1d:c0': -93}, {'84:f1:47:a8:36:c2': -73}, {'48:8b:0a:f3:19:42': -71}, {'48:8b:0a:f2:3a:c2': -84}, {'84:5a:3e:94:a4:82': -84}, {'48:8b:0a:f4:ff:82': -94}, {'84:f1:47:a8:73:c2': -94}, {'48:8b:0a:f2:64:a2': -94}, {'84:f1:47:a8:77:22': -60}, {'f0:1d:2d:a5:1d:c2': -94}, {'32:13:8b:3e:57:39': -93}]"
20,23,"[{'48:8b:0a:f3:19:43': -60}, {'84:5a:3e:94:a4:83': -85}, {'48:8b:0a:f4:ff:83': -95}, {'48:8b:0a:f2:3a:c3': -60}, {'84:f1:47:a8:36:c3': -72}, {'84:f1:47:a8:73:c3': -95}, {'48:8b:0a:f2:64:a3': -87}, {'84:f1:47:a8:77:23': -60}, {'f0:1d:2d:a5:1d:c3': -95}, {'84:5a:3e:94:a4:82': -87}, {'84:f1:47:a8:36:c2': -73}, {'48:8b:0a:f3:19:42': -71}, {'48:8b:0a:f2:3a:c2': -72}, {'84:f1:47:a8:73:c2': -95}, {'48:8b:0a:f2:64:a2': -93}, {'84:f1:47:a8:77:22': -60}, {'f0:1d:2d:a5:1d:c2': -95}, {'84:f1:47:a8:9d:20': -96}, {'84:5a:3e:94:a4:80': -85}, {'84:f1:47:a8:36:c0': -73}, {'48:8b:0a:f3:19:40': -60}, {'48:8b:0a:f2:3a:c0': -60}, {'48:8b:0a:f4:ff:80': -94}, {'84:f1:47:a8:73:c0': -95}, {'48:8b:0a:f2:64:a0': -87}, {'84:f1:47:a8:77:20': -60}, {'f0:1d:2d:a5:1d:c0': -94}, {'84:5a:3e:94:a4:81': -85}, {'48:8b:0a:f4:ff:81': -95}, {'48:8b:0a:f3:19:41': -60}, {'48:8b:0a:f2:3a:c1': -60}, {'84:f1:47:a8:36:c1': -73}, {'84:f1:47:a8:73:c1': -95}, {'48:8b:0a:f2:64:a1': -87}, {'84:f1:47:a8:77:21': -60}, {'f0:1d:2d:a5:1d:c1': -95}, {'86:9e:56:b9:17:6e': -96}, {'32:13:8b:3e:57:39': -94}]"
20,22,"[{'48:8b:0a:f3:19:43': -72}, {'84:f1:47:a8:9d:23': -94}, {'84:f1:47:a8:36:c3': -72}, {'48:8b:0a:f4:ff:83': -94}, {'48:8b:0a:f2:3a:c3': -72}, {'84:5a:3e:94:a4:83': -93}, {'84:f1:47:a8:73:c3': -94}, {'48:8b:0a:f2:64:a3': -84}, {'84:f1:47:a8:77:23': -71}, {'f0:1d:2d:a5:1d:c3': -94}, {'84:f1:47:a8:9d:22': -94}, {'84:f1:47:a8:36:c2': -72}, {'48:8b:0a:f4:ff:82': -94}, {'48:8b:0a:f3:19:42': -60}, {'48:8b:0a:f2:3a:c2': -72}, {'84:5a:3e:94:a4:82': -86}, {'84:f1:47:a8:73:c2': -94}, {'48:8b:0a:f2:64:a2': -83}, {'f0:1d:2d:a5:1d:c2': -94}, {'84:f1:47:a8:77:22': -71}, {'84:f1:47:a8:9d:21': -94}, {'84:f1:47:a8:36:c1': -72}, {'48:8b:0a:f4:ff:81': -94}, {'48:8b:0a:f3:19:41': -60}, {'48:8b:0a:f2:3a:c1': -72}, {'84:5a:3e:94:a4:81': -86}, {'84:f1:47:a8:73:c1': -94}, {'48:8b:0a:f2:64:a1': -83}, {'f0:1d:2d:a5:1d:c1': -94}, {'84:f1:47:a8:77:21': -71}, {'84:f1:47:a8:9d:20': -94}, {'84:f1:47:a8:36:c0': -72}, {'48:8b:0a:f4:ff:80': -94}, {'48:8b:0a:f3:19:40': -71}, {'48:8b:0a:f2:3a:c0': -72}, {'84:5a:3e:94:a4:80': -86}, {'84:f1:47:a8:73:c0': -94}, {'48:8b:0a:f2:64:a0': -83}, {'f0:1d:2d:a5:1d:c0': -94}, {'84:f1:47:a8:77:20': -71}, {'32:13:8b:3e:57:39': -95}]"
20,21,"[{'84:f1:47:a8:36:c2': -72}, {'48:8b:0a:f4:ff:82': -94}, {'48:8b:0a:f3:19:42': -73}, {'48:8b:0a:f2:3a:c2': -72}, {'84:5a:3e:94:a4:82': -83}, {'84:f1:47:a8:9d:22': -94}, {'48:8b:0a:f2:64:a2': -85}, {'84:f1:47:a8:77:22': -72}, {'f0:1d:2d:a5:1d:c2': -94}, {'84:f1:47:a8:36:c1': -72}, {'48:8b:0a:f4:ff:81': -94}, {'48:8b:0a:f3:19:41': -73}, {'48:8b:0a:f2:3a:c1': -72}, {'84:5a:3e:94:a4:81': -83}, {'84:f1:47:a8:9d:21': -94}, {'48:8b:0a:f2:64:a1': -85}, {'f0:1d:2d:a5:1d:c1': -94}, {'48:8b:0a:f3:19:43': -72}, {'48:8b:0a:f4:ff:83': -94}, {'84:f1:47:a8:36:c3': -55}, {'48:8b:0a:f2:3a:c3': -72}, {'84:5a:3e:94:a4:83': -84}, {'84:f1:47:a8:9d:23': -94}, {'48:8b:0a:f2:64:a3': -85}, {'84:f1:47:a8:77:23': -72}, {'f0:1d:2d:a5:1d:c3': -94}, {'48:8b:0a:f4:ff:80': -94}, {'84:f1:47:a8:36:c0': -72}, {'48:8b:0a:f3:19:40': -73}, {'48:8b:0a:f2:3a:c0': -72}, {'84:5a:3e:94:a4:80': -83}, {'84:f1:47:a8:9d:20': -95}, {'48:8b:0a:f2:64:a0': -85}, {'84:f1:47:a8:77:20': -72}, {'f0:1d:2d:a5:1d:c0': -94}, {'86:9e:56:b9:17:6e': -96}, {'32:13:8b:3e:57:39': -93}]"
20,20,"[{'48:8b:0a:f3:19:43': -74}, {'84:f1:47:a8:9d:23': -83}, {'84:f1:47:a8:36:c3': -83}, {'48:8b:0a:f2:3a:c3': -73}, {'84:f1:47:a8:73:c3': -87}, {'48:8b:0a:f2:64:a3': -85}, {'84:f1:47:a8:77:23': -74}, {'84:5a:3e:94:a4:83': -85}, {'84:f1:47:a8:36:c1': -83}, {'48:8b:0a:f3:19:41': -74}, {'84:f1:47:a8:9d:21': -83}, {'48:8b:0a:f2:3a:c1': -73}, {'84:f1:47:a8:73:c1': -93}, {'48:8b:0a:f2:64:a1': -85}, {'84:f1:47:a8:77:21': -73}, {'84:5a:3e:94:a4:81': -85}, {'84:f1:47:a8:9d:22': -83}, {'84:f1:47:a8:36:c2': -82}, {'48:8b:0a:f3:19:42': -74}, {'48:8b:0a:f2:3a:c2': -73}, {'84:f1:47:a8:73:c2': -87}, {'48:8b:0a:f2:64:a2': -86}, {'84:f1:47:a8:77:22': -73}, {'84:5a:3e:94:a4:82': -85}, {'84:f1:47:a8:9d:20': -84}, {'84:f1:47:a8:36:c0': -82}, {'48:8b:0a:f3:19:40': -84}, {'48:8b:0a:f2:3a:c0': -73}, {'84:f1:47:a8:73:c0': -87}, {'48:8b:0a:f2:64:a0': -85}, {'84:f1:47:a8:77:20': -73}, {'84:5a:3e:94:a4:80': -84}, {'32:13:8b:3e:57:39': -93}]"
20,19,"[{'48:8b:0a:f3:19:43': -74}, {'84:f1:47:a8:73:c3': -94}, {'48:8b:0a:f2:64:a3': -86}, {'84:f1:47:a8:77:23': -72}, {'48:8b:0a:f4:ff:83': -93}, {'84:5a:3e:94:a4:83': -86}, {'84:f1:47:a8:9d:23': -83}, {'84:f1:47:a8:36:c3': -74}, {'48:8b:0a:f2:3a:c3': -82}, {'84:f1:47:a8:73:c2': -94}, {'48:8b:0a:f2:64:a2': -86}, {'84:f1:47:a8:77:22': -72}, {'84:5a:3e:94:a4:82': -86}, {'84:f1:47:a8:9d:22': -83}, {'84:f1:47:a8:36:c2': -74}, {'48:8b:0a:f3:19:42': -74}, {'48:8b:0a:f2:3a:c2': -82}, {'84:f1:47:a8:73:c0': -94}, {'48:8b:0a:f2:64:a0': -86}, {'84:f1:47:a8:77:20': -72}, {'84:5a:3e:94:a4:80': -86}, {'84:f1:47:a8:9d:20': -83}, {'84:f1:47:a8:36:c0': -74}, {'48:8b:0a:f4:ff:80': -93}, {'48:8b:0a:f3:19:40': -74}, {'48:8b:0a:f2:3a:c0': -82}, {'48:8b:0a:f2:64:a1': -85}, {'84:f1:47:a8:73:c1': -94}, {'84:f1:47:a8:77:21': -72}, {'84:5a:3e:94:a4:81': -86}, {'84:f1:47:a8:9d:21': -85}, {'84:f1:47:a8:36:c1': -73}, {'48:8b:0a:f3:19:41': -72}, {'48:8b:0a:f2:3a:c1': -82}]"
20,18,"[{'48:8b:0a:f3:19:43': -74}, {'84:f1:47:a8:9d:23': -86}, {'84:f1:47:a8:36:c3': -83}, {'48:8b:0a:f2:3a:c3': -73}, {'84:f1:47:a8:73:c3': -94}, {'84:f1:47:a8:77:23': -73}, {'84:5a:3e:94:a4:83': -94}, {'84:f1:47:a8:9d:21': -85}, {'84:f1:47:a8:36:c1': -83}, {'48:8b:0a:f2:3a:c1': -73}, {'84:f1:47:a8:73:c1': -95}, {'48:8b:0a:f2:64:a1': -95}, {'84:f1:47:a8:77:21': -73}, {'84:5a:3e:94:a4:81': -87}, {'48:8b:0a:f3:19:41': -83}, {'84:f1:47:a8:9d:22': -85}, {'84:f1:47:a8:36:c2': -83}, {'48:8b:0a:f2:3a:c2': -73}, {'48:8b:0a:f2:64:a2': -95}, {'84:f1:47:a8:73:c2': -94}, {'84:f1:47:a8:77:22': -73}, {'48:8b:0a:f3:19:42': -83}, {'84:5a:3e:94:a4:82': -93}, {'84:f1:47:a8:9d:20': -85}, {'84:f1:47:a8:36:c0': -83}, {'48:8b:0a:f2:3a:c0': -73}, {'84:f1:47:a8:73:c0': -94}, {'84:f1:47:a8:77:20': -73}, {'84:5a:3e:94:a4:80': -87}, {'48:8b:0a:f3:19:40': -83}, {'32:13:8b:3e:57:39': -94}]"
20,17,"[{'84:f1:47:a8:77:23': -59}, {'84:f1:47:a8:73:c3': -94}, {'48:8b:0a:f2:64:a3': -94}, {'84:f1:47:a8:9d:23': -87}, {'84:f1:47:a8:36:c3': -86}, {'48:8b:0a:f3:19:43': -83}, {'48:8b:0a:f2:3a:c3': -83}, {'84:5a:3e:94:a4:83': -94}, {'84:f1:47:a8:77:22': -59}, {'84:f1:47:a8:73:c2': -94}, {'48:8b:0a:f2:64:a2': -95}, {'84:f1:47:a8:9d:22': -86}, {'84:f1:47:a8:36:c2': -86}, {'48:8b:0a:f3:19:42': -83}, {'48:8b:0a:f2:3a:c2': -84}, {'84:5a:3e:94:a4:82': -94}, {'84:f1:47:a8:77:21': -59}, {'84:f1:47:a8:73:c1': -94}, {'48:8b:0a:f2:64:a1': -95}, {'84:f1:47:a8:9d:21': -86}, {'84:f1:47:a8:36:c1': -86}, {'48:8b:0a:f3:19:41': -83}, {'48:8b:0a:f2:3a:c1': -84}, {'84:5a:3e:94:a4:81': -94}, {'84:f1:47:a8:77:20': -59}, {'84:f1:47:a8:73:c0': -94}, {'48:8b:0a:f2:64:a0': -95}, {'84:f1:47:a8:9d:20': -87}, {'84:f1:47:a8:36:c0': -86}, {'48:8b:0a:f4:ff:80': -95}, {'48:8b:0a:f3:19:40': -83}, {'48:8b:0a:f2:3a:c0': -84}, {'84:5a:3e:94:a4:80': -94}]"
20,16,"[{'84:f1:47:a8:77:23': -74}, {'f0:1d:2d:a5:83:23': -95}, {'f0:1d:2d:a5:1d:c3': -95}, {'48:8b:0a:f2:64:a3': -94}, {'48:8b:0a:f2:3a:c3': -83}, {'84:5a:3e:94:a4:83': -87}, {'84:f1:47:a8:9d:23': -83}, {'84:f1:47:a8:36:c3': -84}, {'f0:1d:2d:a5:83:22': -95}, {'f0:1d:2d:a5:1d:c2': -95}, {'84:f1:47:a8:77:22': -74}, {'48:8b:0a:f2:64:a2': -94}, {'48:8b:0a:f2:3a:c2': -83}, {'84:f1:47:a8:9d:22': -83}, {'f0:1d:2d:a5:83:21': -95}, {'f0:1d:2d:a5:1d:c1': -96}, {'84:f1:47:a8:77:21': -74}, {'48:8b:0a:f2:64:a1': -94}, {'48:8b:0a:f2:3a:c1': -83}, {'84:5a:3e:94:a4:81': -93}, {'84:f1:47:a8:9d:21': -83}, {'f0:1d:2d:a5:83:20': -95}, {'f0:1d:2d:a5:1d:c0': -96}, {'84:f1:47:a8:77:20': -74}, {'48:8b:0a:f2:64:a0': -94}, {'48:8b:0a:f2:3a:c0': -83}, {'84:5a:3e:94:a4:80': -87}, {'32:13:8b:3e:57:39': -95}]"
20,15,"[{'84:f1:47:a8:77:23': -60}, {'f0:1d:2d:a5:83:23': -94}, {'48:8b:0a:f2:3a:c3': -85}, {'84:5a:3e:94:a4:83': -94}, {'48:8b:0a:f3:19:43': -86}, {'84:f1:47:a8:9d:23': -84}, {'84:f1:47:a8:36:c3': -84}, {'f0:1d:2d:a5:83:22': -95}, {'84:f1:47:a8:77:22': -59}, {'48:8b:0a:f3:19:42': -85}, {'48:8b:0a:f2:3a:c2': -85}, {'84:f1:47:a8:9d:22': -84}, {'84:f1:47:a8:36:c2': -84}, {'84:f1:47:a8:77:21': -59}, {'84:f1:47:a8:73:c1': -96}, {'48:8b:0a:f3:19:41': -85}, {'48:8b:0a:f2:3a:c1': -85}, {'84:f1:47:a8:9d:21': -84}, {'84:f1:47:a8:36:c1': -84}, {'84:f1:47:a8:77:20': -59}, {'48:8b:0a:f3:19:40': -86}, {'48:8b:0a:f2:3a:c0': -85}, {'84:f1:47:a8:9d:20': -84}, {'84:f1:47:a8:36:c0': -84}]"
20,14,"[{'84:f1:47:a8:77:23': -84}, {'f0:1d:2d:a5:83:23': -95}, {'48:8b:0a:f2:64:a3': -94}, {'84:f1:47:a8:9d:23': -73}, {'84:f1:47:a8:36:c3': -83}, {'48:8b:0a:f3:19:43': -93}, {'f0:1d:2d:a5:83:22': -95}, {'84:f1:47:a8:77:22': -73}, {'48:8b:0a:f2:64:a2': -94}, {'84:5a:3e:94:a4:82': -86}, {'84:f1:47:a8:9d:22': -73}, {'84:f1:47:a8:36:c2': -83}, {'84:f1:47:a8:77:21': -73}, {'48:8b:0a:f2:64:a1': -94}, {'84:5a:3e:94:a4:81': -86}, {'84:f1:47:a8:9d:21': -73}, {'84:f1:47:a8:36:c1': -83}, {'84:f1:47:a8:77:20': -73}, {'48:8b:0a:f2:64:a0': -94}, {'84:5a:3e:94:a4:80': -86}, {'84:f1:47:a8:9d:20': -73}, {'84:f1:47:a8:36:c0': -83}, {'f0:1d:2d:a5:1d:c0': -95}]"
20,13,"[{'84:f1:47:a8:36:c3': -72}, {'84:5a:3e:94:a4:83': -87}, {'84:f1:47:a8:9d:23': -71}, {'48:8b:0a:f2:64:a3': -94}, {'84:f1:47:a8:77:23': -86}, {'f0:1d:2d:a5:83:23': -93}, {'48:8b:0a:f4:ff:83': -94}, {'48:8b:0a:f2:3a:c3': -94}, {'48:8b:0a:ba:e1:e3': -95}, {'84:5a:3e:94:a4:82': -86}, {'84:f1:47:a8:9d:22': -72}, {'84:f1:47:a8:36:c2': -72}, {'e0:0e:da:df:d5:72': -96}, {'48:8b:0a:f2:64:a2': -94}, {'84:f1:47:a8:77:22': -86}, {'f0:1d:2d:a5:83:22': -86}, {'48:8b:0a:f4:ff:82': -94}, {'48:8b:0a:ba:e1:e2': -95}, {'48:8b:0a:f2:3a:c2': -94}, {'84:5a:3e:94:a4:81': -86}, {'84:f1:47:a8:36:c1': -72}, {'e0:0e:da:df:d5:71': -96}, {'48:8b:0a:f2:64:a1': -94}, {'84:f1:47:a8:77:21': -86}, {'48:8b:0a:f4:ff:81': -94}, {'84:f1:47:a8:9d:21': -72}, {'48:8b:0a:f2:3a:c1': -94}, {'84:f1:47:a8:9d:20': -72}, {'84:f1:47:a8:36:c0': -72}, {'e0:0e:da:df:d5:70': -96}, {'48:8b:0a:f2:64:a0': -94}, {'f0:1d:2d:a5:83:20': -93}, {'48:8b:0a:f4:ff:80': -94}, {'48:8b:0a:f2:3a:c0': -94}, {'84:5a:3e:94:a4:80': -86}]"
20,12,"[{'48:8b:0a:f4:ff:81': -94}, {'84:f1:47:a8:9d:21': -74}, {'84:f1:47:a8:36:c1': -58}, {'e0:0e:da:df:d5:71': -95}, {'48:8b:0a:f2:64:a1': -94}, {'84:f1:47:a8:77:21': -87}, {'48:8b:0a:f4:ff:80': -94}, {'84:f1:47:a8:9d:20': -74}, {'84:f1:47:a8:36:c0': -58}, {'48:8b:0a:f2:64:a0': -94}, {'84:f1:47:a8:77:20': -93}, {'f0:1d:2d:a5:83:20': -94}, {'84:f1:47:a8:36:c3': -58}, {'84:f1:47:a8:9d:23': -74}, {'48:8b:0a:f2:64:a3': -94}, {'84:f1:47:a8:77:23': -87}, {'f0:1d:2d:a5:83:23': -94}, {'84:f1:47:a8:9d:22': -74}, {'84:f1:47:a8:36:c2': -58}, {'48:8b:0a:f2:64:a2': -94}, {'84:f1:47:a8:77:22': -87}, {'f0:1d:2d:a5:83:22': -94}]"
10,12,"[{'84:f1:47:a8:36:c3': -57}, {'84:f1:47:a8:73:c3': -84}, {'84:f1:47:a8:77:23': -83}, {'f0:1d:2d:a5:1d:c3': -95}, {'48:8b:0a:f2:3a:c3': -94}, {'48:8b:0a:ba:e1:e3': -94}, {'48:8b:0a:f3:19:43': -86}, {'84:f1:47:a8:9d:23': -94}, {'84:f1:47:a8:36:c2': -57}, {'84:f1:47:a8:73:c2': -83}, {'84:f1:47:a8:77:22': -83}, {'f0:1d:2d:a5:1d:c2': -95}, {'48:8b:0a:f2:3a:c2': -94}, {'48:8b:0a:ba:e1:e2': -94}, {'48:8b:0a:f3:19:42': -86}, {'84:5a:3e:94:a4:82': -97}, {'84:f1:47:a8:9d:22': -94}, {'84:f1:47:a8:36:c1': -57}, {'84:f1:47:a8:73:c1': -84}, {'48:8b:0a:f2:64:a1': -86}, {'84:f1:47:a8:77:21': -83}, {'f0:1d:2d:a5:1d:c1': -95}, {'48:8b:0a:f2:3a:c1': -94}, {'48:8b:0a:ba:e1:e1': -94}, {'84:f1:47:a8:9d:21': -94}, {'48:8b:0a:f3:19:41': -86}, {'84:f1:47:a8:36:c0': -57}, {'84:f1:47:a8:73:c0': -84}, {'48:8b:0a:f2:64:a0': -86}, {'84:f1:47:a8:77:20': -83}, {'f0:1d:2d:a5:1d:c0': -95}, {'48:8b:0a:f2:3a:c0': -94}, {'48:8b:0a:ba:e1:e0': -94}, {'48:8b:0a:f3:19:40': -86}, {'84:f1:47:a8:9d:20': -94}, {'86:9e:56:b9:17:6e': -96}, {'32:13:8b:3e:57:39': -94}]"
9,12,"[{'84:f1:47:a8:36:c3': -57}, {'84:f1:47:a8:73:c3': -74}, {'48:8b:0a:f2:64:a3': -73}, {'84:f1:47:a8:77:23': -86}, {'f0:1d:2d:a5:1d:c3': -84}, {'48:8b:0a:ba:e1:e3': -94}, {'84:5a:3e:94:a4:83': -95}, {'48:8b:0a:f2:3a:c3': -86}, {'84:f1:47:a8:9d:23': -94}, {'48:8b:0a:f3:19:43': -86}, {'84:f1:47:a8:36:c2': -57}, {'84:f1:47:a8:73:c2': -74}, {'48:8b:0a:f2:64:a2': -73}, {'84:f1:47:a8:77:22': -86}, {'f0:1d:2d:a5:1d:c2': -85}, {'48:8b:0a:f2:3a:c2': -86}, {'48:8b:0a:ba:e1:e2': -94}, {'84:5a:3e:94:a4:82': -94}, {'84:f1:47:a8:9d:22': -94}, {'48:8b:0a:f3:19:42': -87}, {'84:f1:47:a8:36:c1': -57}, {'84:f1:47:a8:73:c1': -74}, {'48:8b:0a:f2:64:a1': -73}, {'84:f1:47:a8:77:21': -86}, {'f0:1d:2d:a5:1d:c1': -84}, {'48:8b:0a:f2:3a:c1': -86}, {'48:8b:0a:ba:e1:e1': -94}, {'84:5a:3e:94:a4:81': -95}, {'84:f1:47:a8:9d:21': -94}, {'48:8b:0a:f3:19:41': -86}, {'84:f1:47:a8:36:c0': -57}, {'84:f1:47:a8:73:c0': -74}, {'48:8b:0a:f2:64:a0': -73}, {'84:f1:47:a8:77:20': -86}, {'f0:1d:2d:a5:1d:c0': -85}, {'48:8b:0a:ba:e1:e0': -94}, {'84:5a:3e:94:a4:80': -95}, {'48:8b:0a:f2:3a:c0': -86}, {'84:f1:47:a8:9d:20': -94}, {'48:8b:0a:f3:19:40': -86}, {'86:9e:56:b9:17:6e': -96}, {'ae:f4:66:11:f6:27': -97}]"
8,12,"[{'84:f1:47:a8:36:c3': -56}, {'84:f1:47:a8:73:c3': -74}, {'48:8b:0a:f2:64:a3': -73}, {'84:f1:47:a8:77:23': -86}, {'f0:1d:2d:a5:1d:c3': -84}, {'48:8b:0a:ba:e1:e3': -94}, {'84:5a:3e:94:a4:83': -95}, {'84:f1:47:a8:9d:23': -94}, {'48:8b:0a:f3:19:43': -86}, {'48:8b:0a:f2:3a:c3': -86}, {'84:f1:47:a8:73:c0': -74}, {'48:8b:0a:f2:64:a0': -73}, {'84:f1:47:a8:77:20': -86}, {'f0:1d:2d:a5:1d:c0': -85}, {'48:8b:0a:ba:e1:e0': -94}, {'84:5a:3e:94:a4:80': -95}, {'84:f1:47:a8:9d:20': -94}, {'84:f1:47:a8:36:c0': -57}, {'48:8b:0a:f3:19:40': -86}, {'48:8b:0a:f2:3a:c0': -86}, {'48:8b:0a:f2:64:a1': -73}, {'84:f1:47:a8:73:c1': -74}, {'84:f1:47:a8:77:21': -86}, {'f0:1d:2d:a5:1d:c1': -84}, {'48:8b:0a:f2:3a:c1': -86}, {'48:8b:0a:ba:e1:e1': -94}, {'84:5a:3e:94:a4:81': -95}, {'84:f1:47:a8:9d:21': -94}, {'84:f1:47:a8:36:c1': -57}, {'48:8b:0a:f3:19:41': -86}, {'84:f1:47:a8:73:c2': -74}, {'48:8b:0a:f2:64:a2': -73}, {'84:f1:47:a8:77:22': -86}, {'f0:1d:2d:a5:1d:c2': -85}, {'48:8b:0a:f2:3a:c2': -86}, {'48:8b:0a:ba:e1:e2': -94}, {'84:5a:3e:94:a4:82': -94}, {'84:f1:47:a8:9d:22': -94}, {'84:f1:47:a8:36:c2': -57}, {'48:8b:0a:f3:19:42': -87}, {'86:9e:56:b9:17:6e': -96}, {'ae:f4:66:11:f6:27': -97}]"
8,13,"[{'84:f1:47:a8:36:c0': -58}, {'48:8b:0a:f3:19:40': -85}, {'48:8b:0a:f2:3a:c0': -87}, {'48:8b:0a:f2:64:a0': -83}, {'84:f1:47:a8:73:c0': -72}, {'f0:1d:2d:a5:1d:c0': -85}, {'84:f1:47:a8:77:20': -85}, {'84:f1:47:a8:9d:20': -95}, {'48:8b:0a:ba:e1:e0': -95}, {'84:5a:3e:94:a4:80': -97}, {'84:f1:47:a8:36:c2': -58}, {'48:8b:0a:f3:19:42': -85}, {'48:8b:0a:f2:3a:c2': -87}, {'48:8b:0a:f2:64:a2': -83}, {'84:f1:47:a8:73:c2': -72}, {'f0:1d:2d:a5:1d:c2': -85}, {'84:f1:47:a8:77:22': -85}, {'84:f1:47:a8:36:c1': -58}, {'48:8b:0a:f3:19:41': -85}, {'48:8b:0a:f2:64:a1': -83}, {'84:f1:47:a8:73:c1': -72}, {'f0:1d:2d:a5:1d:c1': -85}, {'84:f1:47:a8:77:21': -84}, {'84:f1:47:a8:9d:21': -95}, {'48:8b:0a:f2:3a:c1': -93}, {'48:8b:0a:ba:e1:e1': -95}, {'84:f1:47:a8:36:c3': -58}, {'48:8b:0a:f3:19:43': -85}, {'48:8b:0a:f2:3a:c3': -87}, {'48:8b:0a:f2:64:a3': -83}, {'84:f1:47:a8:73:c3': -72}, {'f0:1d:2d:a5:1d:c3': -85}, {'84:f1:47:a8:77:23': -85}, {'32:13:8b:3e:57:39': -94}, {'ae:f4:66:11:f6:27': -97}]"
9,13,"[{'84:f1:47:a8:36:c3': -58}, {'48:8b:0a:f2:64:a3': -74}, {'84:f1:47:a8:73:c3': -72}, {'84:f1:47:a8:77:23': -84}, {'f0:1d:2d:a5:1d:c3': -94}, {'48:8b:0a:ba:e1:e3': -94}, {'48:8b:0a:f2:3a:c3': -85}, {'48:8b:0a:f3:19:43': -86}, {'84:f1:47:a8:36:c2': -57}, {'48:8b:0a:f3:19:42': -85}, {'84:f1:47:a8:73:c2': -72}, {'48:8b:0a:f2:64:a2': -74}, {'84:f1:47:a8:77:22': -84}, {'f0:1d:2d:a5:1d:c2': -94}, {'48:8b:0a:ba:e1:e2': -94}, {'84:f1:47:a8:9d:22': -95}, {'48:8b:0a:f2:3a:c2': -85}, {'84:f1:47:a8:36:c1': -58}, {'48:8b:0a:f2:64:a1': -74}, {'84:f1:47:a8:73:c1': -71}, {'84:f1:47:a8:77:21': -84}, {'f0:1d:2d:a5:1d:c1': -94}, {'48:8b:0a:ba:e1:e1': -94}, {'48:8b:0a:f2:3a:c1': -85}, {'48:8b:0a:f3:19:41': -86}, {'84:f1:47:a8:36:c0': -58}, {'48:8b:0a:f3:19:40': -84}, {'48:8b:0a:f2:64:a0': -74}, {'84:f1:47:a8:73:c0': -72}, {'84:f1:47:a8:77:20': -84}, {'48:8b:0a:ba:e1:e0': -94}, {'48:8b:0a:f2:3a:c0': -85}, {'84:5a:3e:94:a4:80': -97}, {'ae:f4:66:11:f6:27': -96}, {'32:13:8b:3e:57:39': -95}]"
10,13,"[{'84:f1:47:a8:36:c3': -57}, {'84:f1:47:a8:73:c3': -82}, {'48:8b:0a:f2:64:a3': -83}, {'84:f1:47:a8:77:23': -84}, {'f0:1d:2d:a5:1d:c3': -94}, {'48:8b:0a:f3:19:43': -85}, {'48:8b:0a:f2:3a:c3': -86}, {'48:8b:0a:ba:e1:e3': -85}, {'48:8b:0a:f3:19:42': -83}, {'84:f1:47:a8:36:c2': -57}, {'84:f1:47:a8:73:c2': -82}, {'48:8b:0a:f2:64:a2': -83}, {'84:f1:47:a8:77:22': -84}, {'f0:1d:2d:a5:1d:c2': -94}, {'48:8b:0a:f2:3a:c2': -86}, {'48:8b:0a:ba:e1:e2': -85}, {'48:8b:0a:f3:19:41': -83}, {'84:f1:47:a8:36:c1': -57}, {'84:f1:47:a8:73:c1': -82}, {'48:8b:0a:f2:64:a1': -83}, {'84:f1:47:a8:77:21': -84}, {'f0:1d:2d:a5:1d:c1': -94}, {'48:8b:0a:f2:3a:c1': -86}, {'48:8b:0a:ba:e1:e1': -85}, {'84:f1:47:a8:9d:21': -96}, {'84:f1:47:a8:36:c0': -57}, {'84:f1:47:a8:73:c0': -82}, {'84:f1:47:a8:77:20': -84}, {'f0:1d:2d:a5:1d:c0': -94}, {'48:8b:0a:f3:19:40': -85}, {'48:8b:0a:f2:3a:c0': -86}, {'48:8b:0a:ba:e1:e0': -85}, {'84:f1:47:a8:9d:20': -96}, {'86:9e:56:b9:17:6e': -96}, {'32:13:8b:3e:57:39': -96}]"
5,28,"[{'84:f1:47:a8:36:c3': -85}, {'84:f1:47:a8:77:23': -82}, {'f0:1d:2d:a5:1d:c3': -71}, {'84:f1:47:a8:73:c3': -95}, {'48:8b:0a:f4:27:e3': -93}, {'48:8b:0a:f3:19:43': -87}, {'48:8b:0a:f2:3a:c3': -95}, {'84:5a:3e:94:a4:83': -87}, {'48:8b:0a:f3:7b:03': -94}, {'48:8b:0a:f4:ff:83': -95}, {'84:f1:47:a8:77:22': -82}, {'f0:1d:2d:a5:1d:c2': -60}, {'48:8b:0a:f4:27:e2': -87}, {'48:8b:0a:f3:19:42': -86}, {'48:8b:0a:f2:3a:c2': -95}, {'84:5a:3e:94:a4:82': -94}, {'48:8b:0a:f3:7b:02': -94}, {'84:f1:47:a8:36:c2': -85}, {'48:8b:0a:f4:ff:82': -95}, {'48:8b:0a:f2:3a:c0': -95}, {'84:f1:47:a8:77:20': -82}, {'f0:1d:2d:a5:1d:c0': -60}, {'84:f1:47:a8:73:c0': -96}, {'48:8b:0a:f4:27:e0': -93}, {'48:8b:0a:f3:19:40': -87}, {'84:5a:3e:94:a4:80': -94}, {'48:8b:0a:f3:7b:00': -94}, {'84:f1:47:a8:36:c0': -85}, {'48:8b:0a:f4:ff:80': -95}, {'48:8b:0a:f4:fa:20': -97}, {'84:f1:47:a8:77:21': -82}, {'f0:1d:2d:a5:1d:c1': -60}, {'48:8b:0a:f4:fa:21': -97}, {'84:f1:47:a8:73:c1': -95}, {'48:8b:0a:f4:27:e1': -93}, {'48:8b:0a:f2:3a:c1': -95}, {'48:8b:0a:f3:19:41': -86}, {'84:5a:3e:94:a4:81': -94}, {'48:8b:0a:f3:7b:01': -94}, {'84:f1:47:a8:36:c1': -84}, {'48:8b:0a:f4:ff:81': -95}, {'b0:95:75:bb:5d:e0': -97}, {'86:9e:56:b9:17:6e': -95}, {'ae:f4:66:11:f6:27': -97}, {'84:f1:47:a8:73:c2': -96}, {'48:8b:0a:f2:64:a0': -96}]"
4,28,"[{'f0:1d:2d:a5:1d:c3': -60}, {'84:f1:47:a8:77:23': -82}, {'84:f1:47:a8:73:c3': -96}, {'48:8b:0a:f4:27:e3': -94}, {'84:5a:3e:94:a4:83': -94}, {'84:f1:47:a8:36:c3': -85}, {'48:8b:0a:f4:ff:83': -95}, {'48:8b:0a:f3:19:43': -87}, {'84:f1:47:a8:77:22': -82}, {'f0:1d:2d:a5:1d:c2': -60}, {'84:f1:47:a8:73:c2': -96}, {'48:8b:0a:f4:27:e2': -94}, {'48:8b:0a:f2:3a:c2': -95}, {'84:5a:3e:94:a4:82': -94}, {'84:f1:47:a8:36:c2': -85}, {'48:8b:0a:f3:19:42': -87}, {'84:f1:47:a8:77:21': -82}, {'f0:1d:2d:a5:1d:c1': -60}, {'84:f1:47:a8:73:c1': -96}, {'48:8b:0a:f4:27:e1': -94}, {'84:5a:3e:94:a4:81': -95}, {'48:8b:0a:f2:3a:c1': -95}, {'48:8b:0a:f3:7b:01': -94}, {'84:f1:47:a8:36:c1': -85}, {'48:8b:0a:f4:ff:81': -95}, {'48:8b:0a:f3:19:41': -87}, {'84:f1:47:a8:77:20': -82}, {'f0:1d:2d:a5:1d:c0': -60}, {'84:f1:47:a8:73:c0': -96}, {'48:8b:0a:f4:27:e0': -94}, {'48:8b:0a:f2:64:a0': -96}, {'84:5a:3e:94:a4:80': -95}, {'48:8b:0a:f3:19:40': -87}, {'48:8b:0a:f2:3a:c0': -95}, {'48:8b:0a:f3:7b:00': -95}, {'84:f1:47:a8:36:c0': -85}, {'48:8b:0a:f4:ff:80': -95}]"
3,28,"[{'f0:1d:2d:a5:1d:c3': -60}, {'84:f1:47:a8:77:23': -85}, {'48:8b:0a:f4:27:e3': -86}, {'84:f1:47:a8:36:c3': -83}, {'84:f1:47:a8:77:22': -85}, {'f0:1d:2d:a5:1d:c2': -60}, {'48:8b:0a:f4:27:e2': -86}, {'48:8b:0a:f4:fa:22': -96}, {'84:f1:47:a8:36:c2': -83}, {'84:f1:47:a8:77:21': -85}, {'f0:1d:2d:a5:1d:c1': -60}, {'48:8b:0a:f4:27:e1': -86}, {'84:5a:3e:94:a4:81': -95}, {'84:f1:47:a8:36:c1': -82}, {'48:8b:0a:f4:ff:81': -95}, {'48:8b:0a:f3:19:41': -95}, {'84:f1:47:a8:77:20': -85}, {'f0:1d:2d:a5:1d:c0': -60}, {'48:8b:0a:f4:27:e0': -86}, {'48:8b:0a:f4:fa:20': -96}, {'48:8b:0a:f2:3a:c0': -96}, {'84:5a:3e:94:a4:80': -95}, {'48:8b:0a:f4:ff:80': -96}, {'84:f1:47:a8:36:c0': -82}, {'48:8b:0a:f3:19:40': -95}]"
2,28,"[{'f0:1d:2d:a5:1d:c3': -59}, {'48:8b:0a:f4:27:e3': -86}, {'84:f1:47:a8:36:c3': -83}, {'84:f1:47:a8:77:23': -85}, {'48:8b:0a:f4:27:e2': -86}, {'48:8b:0a:f4:fa:22': -96}, {'84:f1:47:a8:36:c2': -83}, {'84:f1:47:a8:77:22': -85}, {'f0:1d:2d:a5:1d:c2': -60}, {'48:8b:0a:f4:27:e1': -86}, {'84:5a:3e:94:a4:81': -95}, {'48:8b:0a:f4:ff:81': -95}, {'84:f1:47:a8:36:c1': -82}, {'48:8b:0a:f3:19:41': -95}, {'84:f1:47:a8:77:21': -85}, {'f0:1d:2d:a5:1d:c1': -60}, {'48:8b:0a:f4:27:e0': -86}, {'48:8b:0a:f4:fa:20': -96}, {'48:8b:0a:f2:3a:c0': -96}, {'84:5a:3e:94:a4:80': -95}, {'48:8b:0a:f4:ff:80': -96}, {'84:f1:47:a8:36:c0': -82}, {'48:8b:0a:f3:19:40': -95}, {'84:f1:47:a8:77:20': -85}, {'f0:1d:2d:a5:1d:c0': -60}]"
1,28,"[{'f0:1d:2d:a5:1d:c3': -58}, {'84:f1:47:a8:77:23': -84}, {'48:8b:0a:f4:fa:23': -95}, {'48:8b:0a:f4:27:e3': -94}, {'84:5a:3e:94:a4:83': -94}, {'84:f1:47:a8:36:c3': -93}, {'f0:1d:2d:a5:1d:c2': -59}, {'84:f1:47:a8:77:22': -84}, {'48:8b:0a:f4:fa:22': -95}, {'48:8b:0a:f4:27:e2': -94}, {'84:5a:3e:94:a4:82': -94}, {'84:f1:47:a8:36:c2': -86}, {'84:f1:47:a8:77:21': -83}, {'f0:1d:2d:a5:1d:c1': -59}, {'48:8b:0a:f4:fa:21': -95}, {'48:8b:0a:f4:27:e1': -94}, {'48:8b:0a:f2:3a:c1': -96}, {'84:5a:3e:94:a4:81': -95}, {'48:8b:0a:f3:7b:01': -95}, {'84:f1:47:a8:36:c1': -87}, {'84:f1:47:a8:77:20': -84}, {'f0:1d:2d:a5:1d:c0': -59}, {'48:8b:0a:f4:fa:20': -95}, {'48:8b:0a:f4:27:e0': -94}, {'84:5a:3e:94:a4:80': -94}, {'48:8b:0a:f3:7b:00': -95}, {'84:f1:47:a8:36:c0': -93}, {'48:8b:0a:f4:ff:80': -96}, {'8a:e3:27:54:eb:5c': -97}, {'ae:f4:66:11:f6:27': -97}, {'86:9e:56:b9:17:6e': -96}]"
0,28,"[{'f0:1d:2d:a5:1d:c3': -58}, {'84:f1:47:a8:77:23': -86}, {'48:8b:0a:f4:fa:23': -93}, {'48:8b:0a:f4:27:e3': -85}, {'84:f1:47:a8:36:c3': -87}, {'48:8b:0a:f3:7b:03': -94}, {'84:f1:47:a8:77:22': -86}, {'f0:1d:2d:a5:1d:c2': -58}, {'48:8b:0a:f4:fa:22': -93}, {'48:8b:0a:f4:27:e2': -85}, {'84:f1:47:a8:36:c2': -87}, {'48:8b:0a:f3:7b:02': -94}, {'84:f1:47:a8:77:21': -86}, {'f0:1d:2d:a5:1d:c1': -59}, {'48:8b:0a:f4:fa:21': -93}, {'48:8b:0a:f4:27:e1': -85}, {'84:f1:47:a8:36:c1': -87}, {'48:8b:0a:f4:ff:81': -95}, {'84:f1:47:a8:77:20': -86}, {'f0:1d:2d:a5:1d:c0': -59}, {'48:8b:0a:f4:fa:20': -93}, {'48:8b:0a:f4:27:e0': -85}, {'84:f1:47:a8:36:c0': -86}, {'48:8b:0a:f4:ff:80': -96}, {'48:8b:0a:f3:7b:00': -94}, {'b0:95:75:bb:5d:e0': -100}]"
0,29,"[{'f0:1d:2d:a5:1d:c3': -58}, {'48:8b:0a:f4:27:e3': -83}, {'48:8b:0a:f4:fa:23': -94}, {'48:8b:0a:f4:ff:83': -94}, {'84:f1:47:a8:36:c3': -83}, {'84:f1:47:a8:77:23': -94}, {'f0:1d:2d:a5:1d:c2': -58}, {'48:8b:0a:f4:27:e2': -83}, {'48:8b:0a:f4:fa:22': -94}, {'84:f1:47:a8:36:c2': -83}, {'48:8b:0a:f3:7b:02': -85}, {'84:f1:47:a8:77:22': -94}, {'f0:1d:2d:a5:1d:c1': -58}, {'48:8b:0a:f4:27:e1': -83}, {'48:8b:0a:f4:fa:21': -93}, {'48:8b:0a:f4:ff:81': -95}, {'84:f1:47:a8:36:c1': -83}, {'48:8b:0a:f3:7b:01': -85}, {'84:5a:3e:94:a4:81': -95}, {'84:f1:47:a8:77:21': -94}, {'f0:1d:2d:a5:1d:c0': -58}, {'48:8b:0a:f4:27:e0': -82}, {'48:8b:0a:f4:fa:20': -94}, {'48:8b:0a:f4:ff:80': -94}, {'84:f1:47:a8:36:c0': -84}, {'84:5a:3e:94:a4:80': -94}, {'84:f1:47:a8:77:20': -94}]"
1,29,"[{'f0:1d:2d:a5:1d:c3': -57}, {'84:f1:47:a8:77:23': -86}, {'48:8b:0a:f4:27:e3': -94}, {'48:8b:0a:f4:fa:23': -94}, {'48:8b:0a:f3:7b:03': -94}, {'84:f1:47:a8:36:c3': -86}, {'84:5a:3e:94:a4:83': -94}, {'84:f1:47:a8:77:22': -86}, {'f0:1d:2d:a5:1d:c2': -57}, {'48:8b:0a:f4:27:e2': -87}, {'48:8b:0a:f4:fa:22': -93}, {'84:5a:3e:94:a4:82': -94}, {'48:8b:0a:f3:7b:02': -94}, {'84:f1:47:a8:36:c2': -87}, {'84:f1:47:a8:77:21': -86}, {'f0:1d:2d:a5:1d:c1': -57}, {'48:8b:0a:f4:27:e1': -94}, {'48:8b:0a:f4:fa:21': -94}, {'84:5a:3e:94:a4:81': -94}, {'48:8b:0a:f3:7b:01': -94}, {'84:f1:47:a8:36:c1': -87}, {'48:8b:0a:f4:ff:81': -94}, {'84:f1:47:a8:77:20': -86}, {'f0:1d:2d:a5:1d:c0': -57}, {'48:8b:0a:f4:27:e0': -94}, {'48:8b:0a:f4:fa:20': -94}, {'84:5a:3e:94:a4:80': -94}, {'48:8b:0a:f3:7b:00': -94}, {'84:f1:47:a8:36:c0': -87}, {'48:8b:0a:f4:ff:80': -94}]"
2,29,"[{'f0:1d:2d:a5:1d:c3': -57}, {'48:8b:0a:f4:27:e3': -74}, {'48:8b:0a:f4:fa:23': -94}, {'84:f1:47:a8:36:c3': -85}, {'84:5a:3e:94:a4:83': -95}, {'48:8b:0a:f3:7b:03': -87}, {'84:f1:47:a8:77:23': -94}, {'f0:1d:2d:a5:1d:c2': -57}, {'48:8b:0a:f4:27:e2': -82}, {'48:8b:0a:f4:fa:22': -94}, {'84:f1:47:a8:36:c2': -85}, {'84:5a:3e:94:a4:82': -95}, {'48:8b:0a:f3:7b:02': -87}, {'84:f1:47:a8:77:22': -94}, {'f0:1d:2d:a5:1d:c1': -57}, {'48:8b:0a:f4:27:e1': -74}, {'48:8b:0a:f4:fa:21': -94}, {'84:f1:47:a8:36:c1': -85}, {'84:5a:3e:94:a4:81': -95}, {'48:8b:0a:f3:7b:01': -87}, {'84:f1:47:a8:77:21': -94}, {'f0:1d:2d:a5:1d:c0': -57}, {'48:8b:0a:f4:27:e0': -83}, {'48:8b:0a:f4:fa:20': -94}, {'84:f1:47:a8:36:c0': -85}, {'48:8b:0a:f4:ff:80': -95}, {'84:5a:3e:94:a4:80': -95}, {'48:8b:0a:f3:7b:00': -87}, {'84:f1:47:a8:77:20': -94}]"
3,29,"[{'f0:1d:2d:a5:1d:c3': -58}, {'48:8b:0a:f4:27:e3': -84}, {'48:8b:0a:f4:fa:23': -96}, {'84:5a:3e:94:a4:83': -95}, {'84:f1:47:a8:36:c3': -83}, {'48:8b:0a:f3:7b:03': -85}, {'48:8b:0a:f3:19:43': -96}, {'84:f1:47:a8:77:23': -86}, {'f0:1d:2d:a5:1d:c2': -58}, {'48:8b:0a:f4:27:e2': -85}, {'48:8b:0a:f4:fa:22': -96}, {'48:8b:0a:f3:7b:02': -85}, {'84:5a:3e:94:a4:82': -95}, {'84:f1:47:a8:36:c2': -83}, {'84:f1:47:a8:77:22': -87}, {'f0:1d:2d:a5:1d:c1': -58}, {'48:8b:0a:f4:27:e1': -84}, {'48:8b:0a:f4:fa:21': -96}, {'48:8b:0a:f3:7b:01': -85}, {'84:5a:3e:94:a4:81': -95}, {'84:f1:47:a8:36:c1': -83}, {'48:8b:0a:f3:19:41': -96}, {'84:f1:47:a8:77:21': -87}, {'f0:1d:2d:a5:1d:c0': -58}, {'48:8b:0a:f4:27:e0': -84}, {'48:8b:0a:f4:fa:20': -96}, {'48:8b:0a:f3:7b:00': -86}, {'84:5a:3e:94:a4:80': -95}, {'84:f1:47:a8:36:c0': -83}, {'48:8b:0a:f3:19:40': -96}, {'84:f1:47:a8:77:20': -87}]"
4,29,"[{'f0:1d:2d:a5:1d:c3': -59}, {'48:8b:0a:f4:fa:23': -95}, {'48:8b:0a:f4:27:e3': -84}, {'48:8b:0a:f3:7b:03': -94}, {'84:5a:3e:94:a4:83': -95}, {'48:8b:0a:f3:19:43': -94}, {'84:f1:47:a8:36:c3': -83}, {'84:f1:47:a8:77:23': -86}, {'48:8b:0a:f4:fa:22': -95}, {'48:8b:0a:f4:27:e2': -84}, {'48:8b:0a:f3:7b:02': -94}, {'84:f1:47:a8:36:c2': -83}, {'84:f1:47:a8:77:22': -86}, {'f0:1d:2d:a5:1d:c2': -59}, {'48:8b:0a:f2:64:a1': -97}, {'48:8b:0a:f4:fa:21': -95}, {'48:8b:0a:f4:27:e1': -84}, {'84:5a:3e:94:a4:81': -95}, {'48:8b:0a:f3:7b:01': -94}, {'84:f1:47:a8:36:c1': -83}, {'48:8b:0a:f4:ff:81': -96}, {'48:8b:0a:f3:19:41': -94}, {'48:8b:0a:f2:3a:c1': -96}, {'84:f1:47:a8:77:21': -86}, {'f0:1d:2d:a5:1d:c1': -59}, {'48:8b:0a:f2:64:a0': -97}, {'48:8b:0a:f4:fa:20': -95}, {'48:8b:0a:f4:27:e0': -84}, {'84:5a:3e:94:a4:80': -95}, {'48:8b:0a:f3:7b:00': -94}, {'48:8b:0a:f4:ff:80': -96}, {'84:f1:47:a8:36:c0': -83}, {'48:8b:0a:f2:3a:c0': -96}, {'84:f1:47:a8:77:20': -86}, {'f0:1d:2d:a5:1d:c0': -59}, {'b0:95:75:bb:5d:e0': -98}, {'ae:f4:66:11:f6:27': -96}, {'86:9e:56:b9:17:6e': -96}]"
5,29,"[{'f0:1d:2d:a5:1d:c3': -60}, {'84:f1:47:a8:77:23': -83}, {'48:8b:0a:f4:fa:23': -95}, {'84:f1:47:a8:73:c3': -96}, {'48:8b:0a:f4:27:e3': -85}, {'48:8b:0a:f3:19:43': -95}, {'48:8b:0a:f2:3a:c3': -95}, {'48:8b:0a:f3:7b:03': -95}, {'84:5a:3e:94:a4:83': -94}, {'84:f1:47:a8:36:c3': -74}, {'84:f1:47:a8:77:20': -84}, {'f0:1d:2d:a5:1d:c0': -60}, {'48:8b:0a:f4:fa:20': -95}, {'48:8b:0a:f4:27:e0': -84}, {'48:8b:0a:f3:19:40': -94}, {'84:5a:3e:94:a4:80': -94}, {'48:8b:0a:f2:3a:c0': -95}, {'48:8b:0a:f3:7b:00': -95}, {'84:f1:47:a8:36:c0': -74}, {'48:8b:0a:f4:ff:80': -95}, {'84:f1:47:a8:77:21': -83}, {'f0:1d:2d:a5:1d:c1': -60}, {'48:8b:0a:f4:fa:21': -95}, {'48:8b:0a:f4:27:e1': -85}, {'48:8b:0a:f3:19:41': -95}, {'48:8b:0a:f2:3a:c1': -95}, {'48:8b:0a:f3:7b:01': -95}, {'84:f1:47:a8:36:c1': -74}, {'48:8b:0a:f4:ff:81': -95}, {'86:9e:56:b9:17:6e': -95}, {'84:f1:47:a8:77:22': -82}, {'f0:1d:2d:a5:1d:c2': -60}, {'48:8b:0a:f4:fa:22': -95}, {'84:f1:47:a8:73:c2': -96}, {'48:8b:0a:f4:27:e2': -85}, {'48:8b:0a:f3:19:42': -95}, {'84:5a:3e:94:a4:82': -94}, {'48:8b:0a:f2:3a:c2': -95}, {'48:8b:0a:f3:7b:02': -95}, {'84:f1:47:a8:36:c2': -74}, {'1a:bd:dc:3d:5a:3b': -73}]"
5,30,"[{'f0:1d:2d:a5:1d:c3': -73}, {'48:8b:0a:f4:fa:23': -95}, {'84:f1:47:a8:73:c3': -96}, {'48:8b:0a:f4:27:e3': -85}, {'48:8b:0a:f2:3a:c3': -95}, {'48:8b:0a:f3:7b:03': -95}, {'84:5a:3e:94:a4:83': -94}, {'48:8b:0a:f3:19:43': -95}, {'84:f1:47:a8:36:c3': -74}, {'84:f1:47:a8:77:23': -83}, {'84:f1:47:a8:77:20': -84}, {'48:8b:0a:f4:fa:20': -95}, {'48:8b:0a:f4:27:e0': -84}, {'48:8b:0a:f3:19:40': -94}, {'84:5a:3e:94:a4:80': -94}, {'48:8b:0a:f2:3a:c0': -95}, {'48:8b:0a:f3:7b:00': -95}, {'84:f1:47:a8:36:c0': -74}, {'48:8b:0a:f4:ff:80': -95}, {'f0:1d:2d:a5:1d:c0': -60}, {'48:8b:0a:f4:fa:22': -95}, {'84:f1:47:a8:73:c2': -96}, {'48:8b:0a:f4:27:e2': -85}, {'84:5a:3e:94:a4:82': -94}, {'48:8b:0a:f2:3a:c2': -95}, {'48:8b:0a:f3:7b:02': -95}, {'48:8b:0a:f3:19:42': -95}, {'84:f1:47:a8:36:c2': -74}, {'84:f1:47:a8:77:22': -82}, {'f0:1d:2d:a5:1d:c2': -60}, {'48:8b:0a:f4:fa:21': -95}, {'48:8b:0a:f4:27:e1': -85}, {'48:8b:0a:f3:19:41': -95}, {'48:8b:0a:f2:3a:c1': -95}, {'48:8b:0a:f3:7b:01': -95}, {'84:f1:47:a8:36:c1': -74}, {'48:8b:0a:f4:ff:81': -95}, {'84:f1:47:a8:77:21': -83}, {'f0:1d:2d:a5:1d:c1': -60}, {'1a:bd:dc:3d:5a:3b': -73}, {'86:9e:56:b9:17:6e': -95}]"
4,30,"[{'f0:1d:2d:a5:1d:c2': -59}, {'84:f1:47:a8:77:22': -84}, {'84:f1:47:a8:73:c2': -96}, {'48:8b:0a:f4:27:e2': -94}, {'84:5a:3e:94:a4:82': -94}, {'48:8b:0a:f3:7b:02': -96}, {'84:f1:47:a8:36:c2': -83}, {'48:8b:0a:f2:3a:c2': -95}, {'f0:1d:2d:a5:1d:c0': -60}, {'84:f1:47:a8:77:20': -84}, {'84:f1:47:a8:73:c0': -96}, {'48:8b:0a:f4:27:e0': -87}, {'84:5a:3e:94:a4:80': -94}, {'84:f1:47:a8:36:c0': -84}, {'48:8b:0a:f4:ff:80': -96}, {'48:8b:0a:f3:19:40': -95}, {'48:8b:0a:f2:3a:c0': -95}, {'f0:1d:2d:a5:1d:c3': -60}, {'84:f1:47:a8:77:23': -84}, {'84:f1:47:a8:73:c3': -96}, {'48:8b:0a:f4:27:e3': -94}, {'84:5a:3e:94:a4:83': -94}, {'84:f1:47:a8:36:c3': -84}, {'48:8b:0a:f2:3a:c3': -95}, {'f0:1d:2d:a5:1d:c1': -59}, {'84:f1:47:a8:77:21': -84}, {'48:8b:0a:f4:27:e1': -93}, {'84:5a:3e:94:a4:81': -94}, {'84:f1:47:a8:36:c1': -84}, {'48:8b:0a:f4:ff:81': -96}, {'48:8b:0a:f2:3a:c1': -95}, {'ae:f4:66:11:f6:27': -96}, {'86:9e:56:b9:17:6e': -96}, {'1a:bd:dc:3d:5a:3b': -96}]"
3,30,"[{'f0:1d:2d:a5:1d:c3': -59}, {'84:f1:47:a8:77:23': -84}, {'48:8b:0a:f4:27:e3': -84}, {'48:8b:0a:f3:7b:03': -95}, {'84:f1:47:a8:36:c3': -85}, {'f0:1d:2d:a5:1d:c2': -59}, {'84:f1:47:a8:77:22': -84}, {'48:8b:0a:f4:27:e2': -85}, {'48:8b:0a:f3:7b:02': -95}, {'84:f1:47:a8:36:c2': -85}, {'f0:1d:2d:a5:1d:c1': -59}, {'84:f1:47:a8:77:21': -74}, {'48:8b:0a:f4:27:e1': -85}, {'84:5a:3e:94:a4:81': -95}, {'48:8b:0a:f3:7b:01': -95}, {'48:8b:0a:f4:ff:81': -96}, {'48:8b:0a:f3:19:41': -95}, {'84:f1:47:a8:36:c1': -85}, {'f0:1d:2d:a5:1d:c0': -59}, {'84:f1:47:a8:77:20': -84}, {'48:8b:0a:f4:27:e0': -84}, {'84:5a:3e:94:a4:80': -95}, {'48:8b:0a:f3:7b:00': -95}, {'48:8b:0a:f4:ff:80': -96}, {'84:f1:47:a8:36:c0': -85}, {'1a:bd:dc:3d:5a:3b': -95}, {'ae:f4:66:11:f6:27': -96}, {'86:9e:56:b9:17:6e': -96}]"
2,30,"[{'f0:1d:2d:a5:1d:c3': -58}, {'84:f1:47:a8:77:23': -85}, {'48:8b:0a:f4:27:e3': -86}, {'48:8b:0a:f4:fa:23': -95}, {'84:f1:47:a8:36:c3': -85}, {'48:8b:0a:f3:7b:03': -94}, {'84:f1:47:a8:77:22': -85}, {'f0:1d:2d:a5:1d:c2': -58}, {'48:8b:0a:f4:27:e2': -87}, {'48:8b:0a:f4:fa:22': -96}, {'84:5a:3e:94:a4:82': -95}, {'48:8b:0a:f3:7b:02': -94}, {'84:f1:47:a8:77:21': -85}, {'f0:1d:2d:a5:1d:c1': -58}, {'48:8b:0a:f4:27:e1': -87}, {'48:8b:0a:f4:fa:21': -96}, {'84:5a:3e:94:a4:81': -95}, {'48:8b:0a:f3:7b:01': -94}, {'84:f1:47:a8:36:c1': -85}, {'48:8b:0a:f3:19:41': -96}, {'84:f1:47:a8:77:20': -86}, {'f0:1d:2d:a5:1d:c0': -58}, {'48:8b:0a:f4:27:e0': -86}, {'48:8b:0a:f4:fa:20': -96}, {'48:8b:0a:f2:3a:c0': -97}, {'84:5a:3e:94:a4:80': -95}, {'48:8b:0a:f3:7b:00': -94}, {'48:8b:0a:f3:19:40': -96}, {'1a:bd:dc:3d:5a:3b': -86}, {'ae:f4:66:11:f6:27': -96}]"
1,30,"[{'f0:1d:2d:a5:1d:c3': -58}, {'48:8b:0a:f4:fa:23': -94}, {'48:8b:0a:f4:27:e3': -86}, {'84:f1:47:a8:77:23': -86}, {'f0:1d:2d:a5:1d:c2': -57}, {'48:8b:0a:f4:27:e2': -86}, {'84:f1:47:a8:36:c2': -94}, {'84:f1:47:a8:77:22': -86}, {'f0:1d:2d:a5:1d:c1': -57}, {'48:8b:0a:f4:27:e1': -86}, {'84:f1:47:a8:36:c1': -94}, {'84:f1:47:a8:77:21': -85}, {'f0:1d:2d:a5:1d:c0': -57}, {'48:8b:0a:f4:27:e0': -84}, {'84:f1:47:a8:36:c0': -94}, {'48:8b:0a:f2:3a:c0': -96}, {'84:f1:47:a8:77:20': -86}, {'b0:95:75:bb:5d:e0': -98}, {'1a:bd:dc:3d:5a:3b': -86}]"
0,30,"[{'f0:1d:2d:a5:1d:c3': -57}, {'84:f1:47:a8:77:23': -84}, {'48:8b:0a:f4:27:e3': -83}, {'48:8b:0a:f4:fa:23': -93}, {'84:5a:3e:94:a4:83': -94}, {'48:8b:0a:f3:7b:03': -95}, {'48:8b:0a:f4:ff:83': -95}, {'84:f1:47:a8:36:c3': -83}, {'84:f1:47:a8:77:22': -86}, {'f0:1d:2d:a5:1d:c2': -57}, {'48:8b:0a:f4:27:e2': -84}, {'48:8b:0a:f4:fa:22': -94}, {'84:5a:3e:94:a4:82': -94}, {'48:8b:0a:f3:7b:02': -94}, {'84:f1:47:a8:36:c2': -84}, {'84:f1:47:a8:77:21': -84}, {'f0:1d:2d:a5:1d:c1': -57}, {'48:8b:0a:f4:27:e1': -83}, {'84:5a:3e:94:a4:81': -94}, {'48:8b:0a:f3:7b:01': -94}, {'84:f1:47:a8:83:21': -96}, {'84:f1:47:a8:36:c1': -83}, {'84:f1:47:a8:77:20': -86}, {'f0:1d:2d:a5:1d:c0': -57}, {'48:8b:0a:f4:27:e0': -84}, {'84:5a:3e:94:a4:80': -94}, {'48:8b:0a:f3:7b:00': -94}, {'84:f1:47:a8:83:20': -96}, {'48:8b:0a:f4:ff:80': -95}, {'84:f1:47:a8:36:c0': -83}, {'1a:bd:dc:3d:5a:3b': -97}]"
0,31,"[{'f0:1d:2d:a5:1d:c3': -57}, {'48:8b:0a:f4:fa:23': -94}, {'48:8b:0a:f4:27:e3': -83}, {'84:f1:47:a8:36:c3': -94}, {'84:5a:3e:94:a4:83': -94}, {'48:8b:0a:f4:ff:83': -87}, {'48:8b:0a:f3:7b:03': -85}, {'84:f1:47:a8:77:23': -94}, {'f0:1d:2d:a5:1d:c2': -57}, {'48:8b:0a:f4:fa:22': -95}, {'48:8b:0a:f4:27:e2': -83}, {'84:f1:47:a8:36:c2': -93}, {'48:8b:0a:f3:7b:02': -84}, {'84:f1:47:a8:77:22': -94}, {'f0:1d:2d:a5:1d:c1': -57}, {'48:8b:0a:f4:fa:21': -95}, {'48:8b:0a:f4:27:e1': -83}, {'84:f1:47:a8:36:c1': -93}, {'84:5a:3e:94:a4:81': -94}, {'48:8b:0a:f3:7b:01': -85}, {'84:f1:47:a8:77:21': -94}, {'f0:1d:2d:a5:1d:c0': -57}, {'48:8b:0a:f4:27:e0': -83}, {'48:8b:0a:f4:fa:20': -95}, {'84:f1:47:a8:36:c0': -93}, {'48:8b:0a:f4:ff:80': -87}, {'84:5a:3e:94:a4:80': -95}, {'48:8b:0a:f3:7b:00': -85}, {'84:f1:47:a8:77:20': -94}, {'b0:95:75:bb:5d:e0': -97}]"
1,31,"[{'f0:1d:2d:a5:1d:c3': -57}, {'84:f1:47:a8:77:23': -86}, {'48:8b:0a:f4:fa:23': -87}, {'48:8b:0a:f4:27:e3': -85}, {'84:f1:47:a8:36:c3': -86}, {'48:8b:0a:f3:7b:03': -85}, {'f0:1d:2d:a5:1d:c2': -58}, {'48:8b:0a:f4:fa:22': -87}, {'48:8b:0a:f4:27:e2': -84}, {'84:f1:47:a8:36:c2': -86}, {'48:8b:0a:f3:7b:02': -86}, {'84:f1:47:a8:77:22': -85}, {'f0:1d:2d:a5:1d:c1': -58}, {'84:f1:47:a8:77:21': -86}, {'48:8b:0a:f4:fa:21': -87}, {'48:8b:0a:f4:27:e1': -84}, {'84:f1:47:a8:36:c1': -86}, {'48:8b:0a:f4:ff:81': -95}, {'84:5a:3e:94:a4:81': -96}, {'48:8b:0a:f3:7b:01': -86}, {'f0:1d:2d:a5:1d:c0': -58}, {'84:f1:47:a8:77:20': -86}, {'48:8b:0a:f4:fa:20': -87}, {'48:8b:0a:f4:27:e0': -84}, {'84:f1:47:a8:36:c0': -85}, {'48:8b:0a:f3:19:40': -97}, {'84:5a:3e:94:a4:80': -96}, {'48:8b:0a:f4:ff:80': -95}, {'48:8b:0a:f3:7b:00': -86}]"
2,31,"[{'f0:1d:2d:a5:1d:c3': -58}, {'84:f1:47:a8:77:23': -86}, {'48:8b:0a:f4:27:e3': -85}, {'84:5a:3e:94:a4:83': -95}, {'48:8b:0a:f3:7b:03': -94}, {'84:f1:47:a8:36:c3': -86}, {'84:f1:47:a8:77:22': -86}, {'f0:1d:2d:a5:1d:c2': -59}, {'48:8b:0a:f4:27:e2': -84}, {'84:5a:3e:94:a4:82': -95}, {'48:8b:0a:f3:7b:02': -95}, {'84:f1:47:a8:36:c2': -86}, {'84:f1:47:a8:77:21': -86}, {'f0:1d:2d:a5:1d:c1': -59}, {'48:8b:0a:f4:27:e1': -85}, {'84:5a:3e:94:a4:81': -95}, {'48:8b:0a:f3:7b:01': -95}, {'84:f1:47:a8:36:c1': -86}, {'48:8b:0a:f4:ff:81': -94}, {'84:f1:47:a8:77:20': -86}, {'f0:1d:2d:a5:1d:c0': -59}, {'48:8b:0a:f4:27:e0': -84}, {'48:8b:0a:f4:fa:20': -96}, {'48:8b:0a:f2:3a:c0': -96}, {'84:5a:3e:94:a4:80': -95}, {'48:8b:0a:f3:7b:00': -95}, {'48:8b:0a:f4:ff:80': -95}]"
3,31,"[{'f0:1d:2d:a5:1d:c3': -59}, {'84:f1:47:a8:77:23': -83}, {'48:8b:0a:f4:27:e3': -86}, {'84:f1:47:a8:36:c3': -85}, {'84:5a:3e:94:a4:83': -94}, {'84:f1:47:a8:77:22': -83}, {'f0:1d:2d:a5:1d:c2': -59}, {'48:8b:0a:f4:fa:22': -96}, {'48:8b:0a:f4:27:e2': -85}, {'84:f1:47:a8:36:c2': -85}, {'84:5a:3e:94:a4:82': -94}, {'48:8b:0a:f2:3a:c2': -96}, {'84:f1:47:a8:77:21': -83}, {'f0:1d:2d:a5:1d:c1': -60}, {'48:8b:0a:f4:fa:21': -96}, {'48:8b:0a:f4:27:e1': -86}, {'48:8b:0a:f3:19:41': -96}, {'84:5a:3e:94:a4:81': -94}, {'84:f1:47:a8:77:20': -83}, {'f0:1d:2d:a5:1d:c0': -59}, {'48:8b:0a:f4:fa:20': -96}, {'48:8b:0a:f4:27:e0': -85}, {'84:f1:47:a8:36:c0': -85}, {'48:8b:0a:f4:ff:80': -96}, {'48:8b:0a:f2:3a:c0': -96}, {'84:5a:3e:94:a4:80': -94}]"
4,31,"[{'f0:1d:2d:a5:1d:c3': -72}, {'48:8b:0a:f4:27:e3': -86}, {'84:f1:47:a8:36:c3': -85}, {'84:5a:3e:94:a4:83': -94}, {'84:f1:47:a8:77:23': -83}, {'48:8b:0a:f4:fa:22': -96}, {'48:8b:0a:f4:27:e2': -85}, {'84:f1:47:a8:36:c2': -85}, {'84:5a:3e:94:a4:82': -94}, {'48:8b:0a:f2:3a:c2': -96}, {'f0:1d:2d:a5:1d:c2': -59}, {'84:f1:47:a8:77:22': -83}, {'48:8b:0a:f4:fa:21': -96}, {'48:8b:0a:f4:27:e1': -86}, {'48:8b:0a:f3:19:41': -96}, {'84:5a:3e:94:a4:81': -94}, {'f0:1d:2d:a5:1d:c1': -60}, {'84:f1:47:a8:77:21': -83}, {'48:8b:0a:f4:fa:20': -96}, {'48:8b:0a:f4:27:e0': -85}, {'84:f1:47:a8:36:c0': -85}, {'48:8b:0a:f4:ff:80': -96}, {'48:8b:0a:f2:3a:c0': -96}, {'84:5a:3e:94:a4:80': -94}, {'f0:1d:2d:a5:1d:c0': -59}, {'84:f1:47:a8:77:20': -83}]"
5,31,"[{'f0:1d:2d:a5:1d:c0': -59}, {'84:f1:47:a8:77:20': -74}, {'48:8b:0a:f4:27:e0': -85}, {'84:f1:47:a8:73:c0': -96}, {'48:8b:0a:f2:64:a0': -96}, {'48:8b:0a:f4:fa:20': -95}, {'48:8b:0a:f3:19:40': -95}, {'48:8b:0a:f2:3a:c0': -96}, {'84:5a:3e:94:a4:80': -94}, {'84:f1:47:a8:36:c0': -72}, {'f0:1d:2d:a5:1d:c3': -59}, {'84:f1:47:a8:77:23': -83}, {'48:8b:0a:f4:27:e3': -86}, {'84:f1:47:a8:73:c3': -96}, {'48:8b:0a:f4:fa:23': -94}, {'48:8b:0a:f4:ff:83': -96}, {'48:8b:0a:f3:19:43': -95}, {'84:5a:3e:94:a4:83': -94}, {'84:f1:47:a8:36:c3': -73}, {'f0:1d:2d:a5:1d:c2': -59}, {'84:f1:47:a8:77:22': -74}, {'48:8b:0a:f4:27:e2': -86}, {'84:f1:47:a8:73:c2': -96}, {'48:8b:0a:f2:64:a2': -96}, {'48:8b:0a:f4:fa:22': -95}, {'48:8b:0a:f3:19:42': -95}, {'84:5a:3e:94:a4:82': -94}, {'84:f1:47:a8:36:c2': -73}, {'f0:1d:2d:a5:1d:c1': -59}, {'84:f1:47:a8:77:21': -82}, {'48:8b:0a:f4:27:e1': -86}, {'48:8b:0a:f2:64:a1': -96}, {'48:8b:0a:f4:fa:21': -95}, {'48:8b:0a:f3:19:41': -94}, {'84:5a:3e:94:a4:81': -94}, {'84:f1:47:a8:36:c1': -72}, {'b0:95:75:bb:5d:e0': -96}, {'86:9e:56:b9:17:6e': -97}]"
0,32,"[{'f0:1d:2d:a5:1d:c3': -57}, {'48:8b:0a:f4:27:e3': -73}, {'48:8b:0a:f4:fa:23': -93}, {'48:8b:0a:f3:7b:03': -94}, {'48:8b:0a:f4:ff:83': -94}, {'84:f1:47:a8:36:c3': -94}, {'84:f1:47:a8:77:23': -94}, {'f0:1d:2d:a5:1d:c2': -57}, {'48:8b:0a:f4:fa:22': -93}, {'48:8b:0a:f4:27:e2': -73}, {'48:8b:0a:f3:7b:02': -94}, {'84:f1:47:a8:36:c2': -94}, {'48:8b:0a:f4:ff:82': -94}, {'84:f1:47:a8:77:22': -95}, {'f0:1d:2d:a5:1d:c1': -57}, {'48:8b:0a:f4:27:e1': -73}, {'48:8b:0a:f4:fa:21': -93}, {'48:8b:0a:f3:7b:01': -94}, {'84:f1:47:a8:36:c1': -94}, {'48:8b:0a:f4:ff:81': -94}, {'84:f1:47:a8:77:21': -94}, {'f0:1d:2d:a5:1d:c0': -57}, {'48:8b:0a:f4:27:e0': -73}, {'84:5a:3e:94:a4:80': -97}, {'48:8b:0a:f3:7b:00': -94}, {'84:f1:47:a8:36:c0': -94}, {'48:8b:0a:f4:ff:80': -94}, {'84:f1:47:a8:77:20': -95}, {'b0:95:75:bb:5d:e0': -97}, {'ae:f4:66:11:f6:27': -97}]"
1,32,"[{'f0:1d:2d:a5:1d:c3': -57}, {'48:8b:0a:f4:fa:23': -87}, {'48:8b:0a:f3:7b:03': -87}, {'84:f1:47:a8:36:c3': -86}, {'48:8b:0a:f4:ff:83': -95}, {'84:f1:47:a8:77:23': -87}, {'f0:1d:2d:a5:1d:c2': -58}, {'48:8b:0a:f4:fa:22': -87}, {'48:8b:0a:f4:27:e2': -83}, {'48:8b:0a:f3:7b:02': -87}, {'84:f1:47:a8:36:c2': -86}, {'84:f1:47:a8:77:22': -87}, {'f0:1d:2d:a5:1d:c1': -58}, {'48:8b:0a:f4:fa:21': -93}, {'48:8b:0a:f2:3a:c1': -96}, {'48:8b:0a:f3:7b:01': -86}, {'84:f1:47:a8:36:c1': -86}, {'48:8b:0a:f4:ff:81': -95}, {'48:8b:0a:f3:19:41': -96}, {'84:f1:47:a8:77:21': -93}, {'f0:1d:2d:a5:1d:c0': -58}, {'48:8b:0a:f4:27:e0': -83}, {'48:8b:0a:f4:fa:20': -86}, {'84:5a:3e:94:a4:80': -96}, {'48:8b:0a:f2:3a:c0': -96}, {'48:8b:0a:f3:7b:00': -86}, {'84:f1:47:a8:36:c0': -86}, {'48:8b:0a:f4:ff:80': -95}, {'48:8b:0a:f3:19:40': -96}, {'84:f1:47:a8:77:20': -93}, {'b0:95:75:bb:5d:e0': -97}, {'86:9e:56:b9:17:6e': -97}, {'ae:f4:66:11:f6:27': -97}]"
2,32,"[{'48:8b:0a:f4:27:e3': -84}, {'f0:1d:2d:a5:1d:c3': -58}, {'48:8b:0a:f4:fa:23': -96}, {'84:f1:47:a8:36:c3': -94}, {'48:8b:0a:f3:7b:03': -94}, {'84:f1:47:a8:77:23': -85}, {'f0:1d:2d:a5:1d:c2': -58}, {'48:8b:0a:f4:fa:22': -96}, {'48:8b:0a:f4:27:e2': -74}, {'84:f1:47:a8:36:c2': -94}, {'48:8b:0a:f3:7b:02': -93}, {'84:f1:47:a8:77:22': -85}, {'f0:1d:2d:a5:1d:c1': -58}, {'48:8b:0a:f4:fa:21': -96}, {'48:8b:0a:f4:27:e1': -74}, {'84:f1:47:a8:36:c1': -94}, {'48:8b:0a:f4:ff:81': -96}, {'48:8b:0a:f3:7b:01': -94}, {'84:f1:47:a8:77:21': -85}, {'f0:1d:2d:a5:1d:c0': -58}, {'48:8b:0a:f4:fa:20': -96}, {'48:8b:0a:f4:27:e0': -74}, {'84:f1:47:a8:36:c0': -94}, {'84:5a:3e:94:a4:80': -97}, {'48:8b:0a:f3:7b:00': -94}, {'84:f1:47:a8:77:20': -85}, {'ae:f4:66:11:f6:27': -96}]"
2,33,"[{'f0:1d:2d:a5:1d:c3': -57}, {'84:f1:47:a8:77:23': -85}, {'48:8b:0a:f4:fa:23': -96}, {'48:8b:0a:f4:27:e3': -83}, {'48:8b:0a:f3:7b:03': -93}, {'84:f1:47:a8:36:c3': -86}, {'84:f1:47:a8:77:22': -85}, {'f0:1d:2d:a5:1d:c2': -57}, {'48:8b:0a:f4:27:e2': -83}, {'48:8b:0a:f4:fa:22': -96}, {'48:8b:0a:f3:7b:02': -93}, {'84:f1:47:a8:36:c2': -86}, {'84:f1:47:a8:77:21': -85}, {'f0:1d:2d:a5:1d:c1': -58}, {'48:8b:0a:f4:27:e1': -83}, {'48:8b:0a:f4:fa:21': -96}, {'84:5a:3e:94:a4:81': -95}, {'48:8b:0a:f3:7b:01': -94}, {'84:f1:47:a8:36:c1': -86}, {'48:8b:0a:f4:ff:81': -96}, {'84:f1:47:a8:77:20': -85}, {'f0:1d:2d:a5:1d:c0': -57}, {'48:8b:0a:f4:fa:20': -96}, {'48:8b:0a:f4:27:e0': -84}, {'84:5a:3e:94:a4:80': -96}, {'48:8b:0a:f3:7b:00': -93}, {'84:f1:47:a8:36:c0': -86}, {'48:8b:0a:f4:ff:80': -96}, {'b0:95:75:bb:5d:e0': -97}]"
1,33,"[{'f0:1d:2d:a5:1d:c3': -58}, {'84:f1:47:a8:77:23': -93}, {'48:8b:0a:f4:fa:23': -96}, {'48:8b:0a:f4:27:e3': -84}, {'84:5a:3e:94:a4:83': -96}, {'48:8b:0a:f3:7b:03': -85}, {'48:8b:0a:f3:19:43': -96}, {'b0:95:75:bb:5d:e0': -97}, {'84:f1:47:a8:77:22': -93}, {'f0:1d:2d:a5:1d:c2': -57}, {'48:8b:0a:f4:fa:22': -96}, {'48:8b:0a:f4:27:e2': -84}, {'48:8b:0a:f3:7b:02': -86}, {'84:f1:47:a8:77:20': -93}, {'f0:1d:2d:a5:1d:c0': -57}, {'48:8b:0a:f4:fa:20': -96}, {'48:8b:0a:f4:27:e0': -84}, {'48:8b:0a:f3:19:40': -96}, {'48:8b:0a:f3:7b:00': -86}, {'f0:1d:2d:a5:1d:c1': -57}, {'48:8b:0a:f4:fa:21': -96}, {'48:8b:0a:f4:27:e1': -84}, {'48:8b:0a:f3:19:41': -96}, {'48:8b:0a:f2:3a:c1': -97}, {'48:8b:0a:f3:7b:01': -85}, {'84:f1:47:a8:36:c1': -93}, {'84:f1:47:a8:77:21': -93}]"
0,33,"[{'f0:1d:2d:a5:1d:c3': -58}, {'48:8b:0a:f4:fa:23': -96}, {'48:8b:0a:f4:27:e3': -74}, {'48:8b:0a:f3:7b:03': -85}, {'84:f1:47:a8:36:c3': -94}, {'84:f1:47:a8:77:23': -94}, {'b0:95:75:bb:5d:e0': -97}, {'f0:1d:2d:a5:1d:c2': -58}, {'48:8b:0a:f4:fa:22': -96}, {'48:8b:0a:f4:27:e2': -82}, {'48:8b:0a:f3:7b:02': -85}, {'84:f1:47:a8:36:c2': -94}, {'84:f1:47:a8:77:22': -94}, {'f0:1d:2d:a5:1d:c1': -58}, {'48:8b:0a:f4:fa:21': -96}, {'48:8b:0a:f4:27:e1': -82}, {'84:5a:3e:94:a4:81': -96}, {'48:8b:0a:f3:7b:01': -85}, {'84:f1:47:a8:36:c1': -94}, {'84:f1:47:a8:77:21': -94}, {'f0:1d:2d:a5:1d:c0': -58}, {'48:8b:0a:f4:fa:20': -95}, {'48:8b:0a:f4:27:e0': -82}, {'48:8b:0a:f2:3a:c0': -96}, {'84:5a:3e:94:a4:80': -97}, {'48:8b:0a:f3:7b:00': -85}, {'84:f1:47:a8:36:c0': -94}, {'84:f1:47:a8:77:20': -94}, {'ae:f4:66:11:f6:27': -97}]"
0,34,"[{'f0:1d:2d:a5:1d:c3': -57}, {'48:8b:0a:f4:fa:23': -94}, {'48:8b:0a:f4:27:e3': -74}, {'48:8b:0a:f3:7b:03': -84}, {'84:f1:47:a8:77:23': -95}, {'f0:1d:2d:a5:1d:c2': -57}, {'48:8b:0a:f4:fa:22': -95}, {'48:8b:0a:f4:27:e2': -74}, {'48:8b:0a:f3:7b:02': -84}, {'84:f1:47:a8:77:22': -94}, {'f0:1d:2d:a5:1d:c1': -57}, {'48:8b:0a:f4:fa:21': -94}, {'48:8b:0a:f4:27:e1': -74}, {'48:8b:0a:f4:ff:81': -94}, {'48:8b:0a:f3:7b:01': -85}, {'84:f1:47:a8:77:21': -95}, {'f0:1d:2d:a5:1d:c0': -57}, {'48:8b:0a:f4:fa:20': -94}, {'48:8b:0a:f4:27:e0': -74}, {'48:8b:0a:f4:ff:80': -93}, {'48:8b:0a:f3:7b:00': -84}, {'84:f1:47:a8:77:20': -95}, {'b0:95:75:bb:5d:e0': -95}]"
1,34,"[{'84:f1:47:a8:77:20': -87}, {'f0:1d:2d:a5:1d:c0': -57}, {'48:8b:0a:f4:27:e0': -74}, {'48:8b:0a:f4:fa:20': -94}, {'48:8b:0a:f3:7b:00': -82}, {'84:f1:47:a8:36:c0': -84}, {'84:5a:3e:94:a4:80': -95}, {'b0:95:75:bb:5d:e0': -96}, {'f0:1d:2d:a5:1d:c3': -57}, {'48:8b:0a:f4:27:e3': -73}, {'48:8b:0a:f4:fa:23': -94}, {'48:8b:0a:f3:7b:03': -83}, {'84:f1:47:a8:36:c3': -84}, {'48:8b:0a:f4:ff:83': -87}, {'84:f1:47:a8:77:23': -87}, {'f0:1d:2d:a5:1d:c2': -57}, {'48:8b:0a:f4:27:e2': -73}, {'48:8b:0a:f4:fa:22': -94}, {'48:8b:0a:f3:7b:02': -83}, {'84:f1:47:a8:36:c2': -84}, {'84:f1:47:a8:77:22': -93}, {'f0:1d:2d:a5:1d:c1': -57}, {'48:8b:0a:f4:27:e1': -74}, {'48:8b:0a:f4:fa:21': -94}, {'48:8b:0a:f3:7b:01': -83}, {'84:f1:47:a8:36:c1': -84}, {'84:5a:3e:94:a4:81': -96}, {'84:f1:47:a8:77:21': -87}]"
2,34,"[{'f0:1d:2d:a5:1d:c3': -57}, {'48:8b:0a:f4:27:e3': -74}, {'48:8b:0a:f4:fa:23': -93}, {'48:8b:0a:f3:7b:03': -84}, {'84:f1:47:a8:36:c3': -86}, {'84:f1:47:a8:77:23': -94}, {'f0:1d:2d:a5:1d:c2': -57}, {'48:8b:0a:f4:fa:22': -93}, {'48:8b:0a:f3:7b:02': -84}, {'84:f1:47:a8:36:c2': -86}, {'84:f1:47:a8:77:22': -94}, {'f0:1d:2d:a5:1d:c1': -57}, {'48:8b:0a:f4:27:e1': -74}, {'48:8b:0a:f4:fa:21': -93}, {'48:8b:0a:f3:7b:01': -84}, {'84:f1:47:a8:36:c1': -86}, {'48:8b:0a:f4:ff:81': -96}, {'84:f1:47:a8:77:21': -94}, {'f0:1d:2d:a5:1d:c0': -57}, {'48:8b:0a:f4:27:e0': -74}, {'48:8b:0a:f4:fa:20': -93}, {'48:8b:0a:f3:7b:00': -84}, {'84:f1:47:a8:36:c0': -87}, {'48:8b:0a:f4:ff:80': -96}, {'84:f1:47:a8:77:20': -94}]"
5,35,"[{'f0:1d:2d:a5:1d:c3': -58}, {'84:f1:47:a8:77:23': -84}, {'48:8b:0a:f4:27:e3': -72}, {'48:8b:0a:f3:7b:03': -84}, {'f0:1d:2d:a5:1d:c2': -59}, {'84:f1:47:a8:77:22': -84}, {'48:8b:0a:f4:27:e2': -72}, {'48:8b:0a:f3:7b:02': -83}, {'f0:1d:2d:a5:1d:c1': -59}, {'48:8b:0a:f4:27:e1': -72}, {'48:8b:0a:f4:fa:21': -95}, {'48:8b:0a:f3:7b:01': -84}, {'84:f1:47:a8:77:21': -84}, {'f0:1d:2d:a5:1d:c0': -59}, {'84:f1:47:a8:77:20': -84}, {'48:8b:0a:f4:27:e0': -71}, {'48:8b:0a:f3:7b:00': -84}, {'b0:95:75:bb:5d:e0': -96}]"
5,36,"[{'f0:1d:2d:a5:1d:c3': -59}, {'84:f1:47:a8:77:23': -84}, {'48:8b:0a:f4:fa:23': -95}, {'48:8b:0a:f4:27:e3': -71}, {'48:8b:0a:f4:ff:83': -95}, {'84:f1:47:a8:36:c3': -83}, {'84:5a:3e:94:a4:83': -86}, {'48:8b:0a:f3:7b:03': -86}, {'84:f1:47:a8:77:22': -84}, {'f0:1d:2d:a5:1d:c2': -59}, {'48:8b:0a:f4:fa:22': -95}, {'48:8b:0a:f4:27:e2': -71}, {'84:f1:47:a8:36:c2': -83}, {'84:5a:3e:94:a4:82': -86}, {'48:8b:0a:f3:7b:02': -86}, {'84:f1:47:a8:77:21': -84}, {'f0:1d:2d:a5:1d:c1': -59}, {'48:8b:0a:f4:fa:21': -95}, {'48:8b:0a:f4:27:e1': -71}, {'48:8b:0a:f4:ff:81': -95}, {'84:f1:47:a8:36:c1': -83}, {'84:5a:3e:94:a4:81': -86}, {'48:8b:0a:f3:7b:01': -86}, {'84:f1:47:a8:77:20': -84}, {'f0:1d:2d:a5:1d:c0': -59}, {'48:8b:0a:f4:fa:20': -95}, {'48:8b:0a:f4:27:e0': -71}, {'48:8b:0a:f4:ff:80': -95}, {'84:f1:47:a8:36:c0': -83}, {'84:5a:3e:94:a4:80': -86}, {'48:8b:0a:f3:7b:00': -86}]"
5,37,"[{'f0:1d:2d:a5:1d:c3': -59}, {'48:8b:0a:f4:27:e3': -71}, {'48:8b:0a:f4:fa:23': -95}, {'48:8b:0a:f4:ff:83': -95}, {'84:f1:47:a8:36:c3': -83}, {'84:5a:3e:94:a4:83': -86}, {'48:8b:0a:f3:7b:03': -86}, {'84:f1:47:a8:77:23': -84}, {'48:8b:0a:f4:fa:20': -95}, {'48:8b:0a:f4:27:e0': -71}, {'48:8b:0a:f4:ff:80': -95}, {'84:f1:47:a8:36:c0': -83}, {'84:5a:3e:94:a4:80': -86}, {'48:8b:0a:f3:7b:00': -86}, {'f0:1d:2d:a5:1d:c0': -59}, {'84:f1:47:a8:77:20': -84}, {'48:8b:0a:f4:27:e2': -71}, {'48:8b:0a:f4:fa:22': -95}, {'84:f1:47:a8:36:c2': -83}, {'84:5a:3e:94:a4:82': -86}, {'48:8b:0a:f3:7b:02': -86}, {'f0:1d:2d:a5:1d:c2': -59}, {'84:f1:47:a8:77:22': -84}, {'48:8b:0a:f4:27:e1': -71}, {'48:8b:0a:f4:fa:21': -95}, {'48:8b:0a:f4:ff:81': -95}, {'84:f1:47:a8:36:c1': -83}, {'84:5a:3e:94:a4:81': -86}, {'48:8b:0a:f3:7b:01': -86}, {'f0:1d:2d:a5:1d:c1': -59}, {'84:f1:47:a8:77:21': -84}]"
5,38,"[{'f0:1d:2d:a5:1d:c3': -59}, {'84:f1:47:a8:77:23': -94}, {'48:8b:0a:f4:fa:23': -94}, {'48:8b:0a:f4:27:e3': -72}, {'48:8b:0a:f4:ff:83': -93}, {'48:8b:0a:f3:7b:03': -59}, {'84:f1:47:a8:44:23': -96}, {'f0:1d:2d:a5:1d:c2': -58}, {'84:f1:47:a8:77:22': -93}, {'48:8b:0a:f4:fa:22': -94}, {'48:8b:0a:f4:27:e2': -72}, {'48:8b:0a:f4:ff:82': -93}, {'84:f1:47:a8:36:c2': -87}, {'84:5a:3e:94:a4:82': -95}, {'48:8b:0a:f3:7b:02': -59}, {'48:8b:0a:f5:24:22': -97}, {'84:f1:47:a8:44:22': -96}, {'f0:1d:2d:a5:1d:c1': -59}, {'84:f1:47:a8:77:21': -94}, {'34:b8:83:f6:39:01': -96}, {'48:8b:0a:f4:fa:21': -94}, {'48:8b:0a:f4:27:e1': -72}, {'48:8b:0a:f4:ff:81': -87}, {'84:f1:47:a8:36:c1': -87}, {'84:5a:3e:94:a4:81': -95}, {'48:8b:0a:f3:7b:01': -59}, {'84:f1:47:a8:44:21': -96}, {'f0:1d:2d:a5:1d:c0': -58}, {'84:f1:47:a8:77:20': -94}, {'34:b8:83:f6:39:00': -96}, {'48:8b:0a:f4:fa:20': -94}, {'48:8b:0a:f4:27:e0': -72}, {'48:8b:0a:f4:ff:80': -87}, {'84:f1:47:a8:36:c0': -87}, {'84:5a:3e:94:a4:80': -95}, {'48:8b:0a:f3:7b:00': -59}, {'84:f1:47:a8:44:20': -96}, {'b0:95:75:bb:5d:e0': -95}]"
5,39,"[{'f0:1d:2d:a5:1d:c3': -59}, {'84:f1:47:a8:77:23': -94}, {'34:b8:83:f6:39:03': -96}, {'48:8b:0a:f4:fa:23': -95}, {'48:8b:0a:f4:27:e3': -59}, {'84:f1:47:a8:36:c3': -86}, {'48:8b:0a:f4:ff:83': -95}, {'48:8b:0a:f3:7b:03': -59}, {'f0:1d:2d:a5:1d:c2': -59}, {'84:f1:47:a8:77:22': -94}, {'48:8b:0a:f4:fa:22': -95}, {'48:8b:0a:f4:27:e2': -59}, {'84:f1:47:a8:36:c2': -85}, {'48:8b:0a:f4:ff:82': -95}, {'48:8b:0a:f3:7b:02': -59}, {'84:f1:47:a8:44:22': -95}, {'f0:1d:2d:a5:1d:c1': -59}, {'34:b8:83:f6:39:01': -96}, {'48:8b:0a:f4:fa:21': -95}, {'48:8b:0a:f4:27:e1': -59}, {'48:8b:0a:f4:ff:81': -95}, {'84:f1:47:a8:36:c1': -85}, {'48:8b:0a:f3:7b:01': -59}, {'84:f1:47:a8:44:21': -95}, {'84:f1:47:a8:77:21': -94}, {'f0:1d:2d:a5:1d:c0': -59}, {'84:f1:47:a8:77:20': -94}, {'34:b8:83:f6:39:00': -96}, {'48:8b:0a:f4:27:e0': -59}, {'48:8b:0a:f4:ff:80': -95}, {'84:f1:47:a8:36:c0': -86}, {'84:5a:3e:94:a4:80': -96}, {'84:f1:47:a8:44:20': -95}, {'b0:95:75:bb:5d:e0': -96}, {'02:41:0e:be:ec:3c': -97}]"
5,40,"[{'f0:1d:2d:a5:1d:c3': -59}, {'48:8b:0a:f4:fa:23': -96}, {'48:8b:0a:f4:27:e3': -60}, {'48:8b:0a:f4:ff:83': -87}, {'48:8b:0a:f3:19:43': -95}, {'48:8b:0a:f3:7b:03': -58}, {'84:f1:47:a8:77:23': -86}, {'f0:1d:2d:a5:1d:c2': -58}, {'84:f1:47:a8:77:22': -86}, {'48:8b:0a:f4:27:e2': -60}, {'48:8b:0a:f4:ff:82': -93}, {'84:f1:47:a8:36:c2': -85}, {'48:8b:0a:f3:19:42': -95}, {'48:8b:0a:f3:7b:02': -58}, {'f0:1d:2d:a5:1d:c1': -58}, {'84:f1:47:a8:77:21': -85}, {'48:8b:0a:f4:27:e1': -60}, {'48:8b:0a:f4:ff:81': -93}, {'84:f1:47:a8:36:c1': -85}, {'48:8b:0a:f3:7b:01': -58}, {'f0:1d:2d:a5:1d:c0': -58}, {'84:f1:47:a8:77:20': -86}, {'48:8b:0a:f4:fa:20': -96}, {'48:8b:0a:f4:27:e0': -60}, {'48:8b:0a:f4:ff:80': -93}, {'84:f1:47:a8:36:c0': -85}, {'48:8b:0a:f3:7b:00': -58}, {'b0:95:75:bb:5d:e0': -96}]"
5,41,"[{'f0:1d:2d:a5:1d:c0': -56}, {'48:8b:0a:f4:fa:20': -93}, {'48:8b:0a:f4:27:e0': -60}, {'84:5a:3e:94:a4:80': -96}, {'48:8b:0a:f3:7b:00': -58}, {'48:8b:0a:f4:ff:80': -83}, {'84:f1:47:a8:36:c0': -85}, {'48:8b:0a:f3:19:40': -96}, {'84:f1:47:a8:83:20': -95}, {'84:f1:47:a8:77:20': -94}, {'84:f1:47:a8:44:20': -96}, {'f0:1d:2d:a5:1d:c3': -56}, {'48:8b:0a:f4:fa:23': -87}, {'48:8b:0a:f4:27:e3': -60}, {'48:8b:0a:f3:7b:03': -58}, {'48:8b:0a:f4:ff:83': -84}, {'48:8b:0a:f3:19:43': -95}, {'84:f1:47:a8:83:23': -96}, {'84:f1:47:a8:77:23': -94}, {'f0:1d:2d:a5:1d:c2': -56}, {'48:8b:0a:f4:fa:22': -87}, {'48:8b:0a:f3:7b:02': -58}, {'84:f1:47:a8:36:c2': -84}, {'48:8b:0a:f4:ff:82': -83}, {'84:f1:47:a8:77:22': -94}, {'f0:1d:2d:a5:1d:c1': -56}, {'48:8b:0a:f4:fa:21': -93}, {'48:8b:0a:f4:27:e1': -60}, {'48:8b:0a:f3:7b:01': -58}, {'48:8b:0a:f4:ff:81': -83}, {'48:8b:0a:f3:19:41': -95}, {'84:f1:47:a8:36:c1': -85}, {'84:f1:47:a8:77:21': -94}, {'b0:95:75:bb:5d:e0': -95}]"
5,42,"[{'f0:1d:2d:a5:1d:c3': -57}, {'48:8b:0a:f4:27:e3': -60}, {'48:8b:0a:f4:fa:23': -86}, {'48:8b:0a:f3:7b:03': -59}, {'48:8b:0a:f4:ff:83': -86}, {'84:f1:47:a8:77:23': -94}, {'f0:1d:2d:a5:1d:c2': -57}, {'48:8b:0a:f4:27:e2': -60}, {'48:8b:0a:f4:fa:22': -86}, {'84:5a:3e:94:a4:82': -95}, {'48:8b:0a:f3:7b:02': -59}, {'48:8b:0a:f4:ff:82': -86}, {'84:f1:47:a8:77:22': -94}, {'f0:1d:2d:a5:1d:c1': -57}, {'48:8b:0a:f4:27:e1': -59}, {'48:8b:0a:f4:fa:21': -86}, {'84:5a:3e:94:a4:81': -95}, {'48:8b:0a:f3:7b:01': -59}, {'48:8b:0a:f4:ff:81': -86}, {'84:f1:47:a8:77:21': -94}, {'84:f1:47:a8:44:21': -96}, {'f0:1d:2d:a5:1d:c0': -57}, {'48:8b:0a:f4:27:e0': -60}, {'48:8b:0a:f4:fa:20': -86}, {'48:8b:0a:f3:7b:00': -59}, {'48:8b:0a:f4:ff:80': -85}, {'84:f1:47:a8:77:20': -94}, {'84:f1:47:a8:44:20': -96}]"
5,43,"[{'f0:1d:2d:a5:1d:c3': -57}, {'48:8b:0a:f4:27:e3': -71}, {'48:8b:0a:f4:fa:23': -86}, {'84:5a:3e:94:a4:83': -94}, {'48:8b:0a:f3:7b:03': -59}, {'84:f1:47:a8:77:23': -95}, {'f0:1d:2d:a5:1d:c2': -57}, {'48:8b:0a:f4:27:e2': -60}, {'48:8b:0a:f4:fa:22': -86}, {'84:5a:3e:94:a4:82': -94}, {'48:8b:0a:f3:7b:02': -59}, {'84:f1:47:a8:77:22': -95}, {'f0:1d:2d:a5:1d:c1': -57}, {'48:8b:0a:f4:27:e1': -71}, {'48:8b:0a:f4:fa:21': -85}, {'84:f1:47:a8:83:21': -95}, {'84:5a:3e:94:a4:81': -94}, {'48:8b:0a:f3:7b:01': -59}, {'48:8b:0a:f4:ff:81': -94}, {'84:f1:47:a8:36:c1': -95}, {'48:8b:0a:f3:19:41': -97}, {'84:f1:47:a8:77:21': -95}, {'f0:1d:2d:a5:1d:c0': -57}, {'48:8b:0a:f4:27:e0': -60}, {'48:8b:0a:f4:fa:20': -85}, {'84:f1:47:a8:83:20': -95}, {'84:5a:3e:94:a4:80': -94}, {'48:8b:0a:f3:7b:00': -59}, {'84:f1:47:a8:36:c0': -94}, {'84:f1:47:a8:77:20': -95}, {'b0:95:75:bb:5d:e0': -96}, {'90:32:4b:74:6e:ea': -98}]"
4,35,"[{'f0:1d:2d:a5:1d:c3': -59}, {'84:f1:47:a8:77:23': -93}, {'48:8b:0a:f4:27:e3': -60}, {'48:8b:0a:f4:fa:23': -95}, {'84:f1:47:a8:36:c3': -87}, {'84:f1:47:a8:77:22': -93}, {'f0:1d:2d:a5:1d:c2': -58}, {'48:8b:0a:f4:27:e2': -60}, {'48:8b:0a:f4:fa:22': -95}, {'48:8b:0a:f3:7b:02': -85}, {'48:8b:0a:f4:ff:82': -94}, {'84:f1:47:a8:36:c2': -93}, {'84:f1:47:a8:77:21': -93}, {'f0:1d:2d:a5:1d:c1': -58}, {'48:8b:0a:f4:27:e1': -60}, {'48:8b:0a:f4:fa:21': -95}, {'48:8b:0a:f3:7b:01': -85}, {'48:8b:0a:f4:ff:81': -94}, {'84:f1:47:a8:36:c1': -93}, {'84:f1:47:a8:77:20': -93}, {'f0:1d:2d:a5:1d:c0': -58}, {'48:8b:0a:f4:27:e0': -60}, {'48:8b:0a:f4:fa:20': -95}, {'48:8b:0a:f3:7b:00': -85}, {'48:8b:0a:f4:ff:80': -94}, {'84:f1:47:a8:36:c0': -93}, {'b0:95:75:bb:5d:e0': -96}]"
4,36,"[{'f0:1d:2d:a5:1d:c3': -58}, {'48:8b:0a:f4:27:e3': -73}, {'48:8b:0a:f4:fa:23': -95}, {'84:5a:3e:94:a4:83': -94}, {'48:8b:0a:f3:7b:03': -84}, {'84:f1:47:a8:77:23': -94}, {'f0:1d:2d:a5:1d:c2': -59}, {'48:8b:0a:f4:fa:22': -95}, {'48:8b:0a:f4:27:e2': -73}, {'84:5a:3e:94:a4:82': -95}, {'48:8b:0a:f3:7b:02': -83}, {'84:f1:47:a8:77:22': -94}, {'f0:1d:2d:a5:1d:c1': -59}, {'48:8b:0a:f4:27:e1': -73}, {'48:8b:0a:f4:fa:21': -95}, {'84:f1:47:a8:36:c1': -94}, {'48:8b:0a:f4:ff:81': -96}, {'48:8b:0a:f3:7b:01': -83}, {'84:f1:47:a8:77:21': -94}, {'f0:1d:2d:a5:1d:c0': -59}, {'48:8b:0a:f4:fa:20': -95}, {'48:8b:0a:f4:27:e0': -73}, {'84:f1:47:a8:36:c0': -94}, {'48:8b:0a:f4:ff:80': -96}, {'84:5a:3e:94:a4:80': -94}, {'48:8b:0a:f3:7b:00': -84}, {'84:f1:47:a8:77:20': -94}]"
4,37,"[{'f0:1d:2d:a5:1d:c3': -58}, {'48:8b:0a:f4:fa:23': -94}, {'48:8b:0a:f4:27:e3': -59}, {'84:f1:47:a8:36:c3': -86}, {'48:8b:0a:f3:7b:03': -59}, {'48:8b:0a:f4:ff:83': -87}, {'84:f1:47:a8:77:23': -96}, {'b0:95:75:bb:5d:e0': -95}, {'f0:1d:2d:a5:1d:c2': -58}, {'48:8b:0a:f4:fa:22': -95}, {'48:8b:0a:f4:27:e2': -59}, {'84:f1:47:a8:36:c2': -94}, {'48:8b:0a:f3:7b:02': -59}, {'48:8b:0a:f4:ff:82': -87}, {'84:f1:47:a8:77:22': -96}, {'f0:1d:2d:a5:1d:c1': -58}, {'48:8b:0a:f4:27:e1': -59}, {'48:8b:0a:f4:fa:21': -95}, {'84:f1:47:a8:36:c1': -94}, {'48:8b:0a:f3:19:41': -96}, {'84:5a:3e:94:a4:81': -95}, {'48:8b:0a:f3:7b:01': -59}, {'48:8b:0a:f4:ff:81': -93}, {'84:f1:47:a8:77:21': -96}, {'f0:1d:2d:a5:1d:c0': -58}, {'48:8b:0a:f4:fa:20': -95}, {'48:8b:0a:f4:27:e0': -59}, {'84:f1:47:a8:36:c0': -94}, {'48:8b:0a:f3:19:40': -96}, {'84:5a:3e:94:a4:80': -95}, {'48:8b:0a:f3:7b:00': -59}, {'48:8b:0a:f4:ff:80': -87}, {'84:f1:47:a8:77:20': -96}]"
4,38,"[{'f0:1d:2d:a5:1d:c3': -58}, {'48:8b:0a:f4:27:e3': -59}, {'34:b8:83:f6:39:03': -96}, {'84:5a:3e:94:a4:83': -96}, {'48:8b:0a:f3:7b:03': -59}, {'48:8b:0a:f4:ff:83': -94}, {'84:f1:47:a8:77:23': -94}, {'f0:1d:2d:a5:1d:c2': -58}, {'34:b8:83:f6:39:02': -96}, {'48:8b:0a:f4:27:e2': -59}, {'84:f1:47:a8:77:22': -94}, {'f0:1d:2d:a5:1d:c1': -58}, {'34:b8:83:f6:39:01': -96}, {'48:8b:0a:f4:27:e1': -59}, {'48:8b:0a:f4:ff:81': -94}, {'48:8b:0a:f3:7b:01': -59}, {'84:f1:47:a8:36:c1': -94}, {'84:f1:47:a8:77:21': -94}, {'f0:1d:2d:a5:1d:c0': -58}, {'34:b8:83:f6:39:00': -96}, {'48:8b:0a:f4:27:e0': -59}, {'48:8b:0a:f4:fa:20': -94}, {'48:8b:0a:f3:7b:00': -59}, {'48:8b:0a:f4:ff:80': -94}, {'84:f1:47:a8:36:c0': -94}, {'48:8b:0a:f3:19:40': -95}, {'84:f1:47:a8:77:20': -94}]"
4,39,"[{'f0:1d:2d:a5:1d:c3': -58}, {'84:f1:47:a8:77:23': -93}, {'48:8b:0a:f4:27:e3': -74}, {'48:8b:0a:f4:fa:23': -95}, {'84:5a:3e:94:a4:83': -95}, {'48:8b:0a:f3:7b:03': -59}, {'f0:1d:2d:a5:1d:c2': -58}, {'84:f1:47:a8:77:22': -93}, {'48:8b:0a:f4:27:e2': -74}, {'48:8b:0a:f4:fa:22': -95}, {'48:8b:0a:f3:7b:02': -59}, {'f0:1d:2d:a5:1d:c1': -58}, {'84:f1:47:a8:77:21': -94}, {'48:8b:0a:f4:27:e1': -74}, {'48:8b:0a:f3:7b:01': -59}, {'84:5a:3e:94:a4:81': -96}, {'f0:1d:2d:a5:1d:c0': -58}, {'84:f1:47:a8:77:20': -94}, {'48:8b:0a:f4:27:e0': -74}, {'48:8b:0a:f3:7b:00': -59}, {'84:5a:3e:94:a4:80': -95}, {'b0:95:75:bb:5d:e0': -95}]"
4,40,"[{'f0:1d:2d:a5:1d:c3': -57}, {'48:8b:0a:f4:fa:23': -95}, {'48:8b:0a:f4:27:e3': -74}, {'84:5a:3e:94:a4:83': -95}, {'48:8b:0a:f3:7b:03': -59}, {'84:f1:47:a8:77:23': -93}, {'48:8b:0a:f4:27:e1': -74}, {'48:8b:0a:f3:7b:01': -59}, {'84:5a:3e:94:a4:81': -96}, {'84:f1:47:a8:77:21': -94}, {'f0:1d:2d:a5:1d:c1': -58}, {'48:8b:0a:f4:fa:22': -95}, {'48:8b:0a:f4:27:e2': -74}, {'48:8b:0a:f3:7b:02': -59}, {'84:f1:47:a8:77:22': -93}, {'f0:1d:2d:a5:1d:c2': -58}, {'48:8b:0a:f4:27:e0': -74}, {'48:8b:0a:f3:7b:00': -59}, {'84:5a:3e:94:a4:80': -95}, {'84:f1:47:a8:77:20': -94}, {'f0:1d:2d:a5:1d:c0': -58}, {'b0:95:75:bb:5d:e0': -95}]"
4,41,"[{'f0:1d:2d:a5:1d:c3': -58}, {'48:8b:0a:f4:27:e3': -59}, {'48:8b:0a:f4:fa:23': -95}, {'84:f1:47:a8:83:23': -95}, {'48:8b:0a:f3:7b:03': -74}, {'48:8b:0a:f4:ff:83': -93}, {'84:f1:47:a8:77:23': -94}, {'b0:95:75:bb:5d:e0': -96}, {'f0:1d:2d:a5:1d:c2': -57}, {'48:8b:0a:f4:27:e2': -59}, {'48:8b:0a:f4:fa:22': -95}, {'48:8b:0a:f3:7b:02': -74}, {'48:8b:0a:f4:ff:82': -94}, {'84:f1:47:a8:77:22': -94}, {'f0:1d:2d:a5:1d:c1': -57}, {'48:8b:0a:f4:fa:21': -95}, {'48:8b:0a:f4:27:e1': -59}, {'84:f1:47:a8:83:21': -95}, {'48:8b:0a:f4:ff:81': -94}, {'84:f1:47:a8:77:21': -94}, {'f0:1d:2d:a5:1d:c0': -57}, {'48:8b:0a:f4:fa:20': -95}, {'48:8b:0a:f4:27:e0': -59}, {'84:f1:47:a8:83:20': -95}, {'48:8b:0a:f3:7b:00': -73}, {'48:8b:0a:f4:ff:80': -94}, {'84:f1:47:a8:77:20': -94}]"
4,42,"[{'f0:1d:2d:a5:1d:c3': -57}, {'48:8b:0a:f4:fa:23': -93}, {'48:8b:0a:f4:27:e3': -59}, {'48:8b:0a:f4:ff:83': -94}, {'84:f1:47:a8:36:c3': -87}, {'84:5a:3e:94:a4:83': -95}, {'48:8b:0a:f3:7b:03': -72}, {'84:f1:47:a8:77:23': -95}, {'84:f1:47:a8:44:23': -96}, {'f0:1d:2d:a5:1d:c2': -57}, {'48:8b:0a:f4:fa:22': -93}, {'48:8b:0a:f4:27:e2': -59}, {'84:f1:47:a8:36:c2': -93}, {'48:8b:0a:f3:7b:02': -72}, {'48:8b:0a:f4:ff:82': -94}, {'84:f1:47:a8:44:22': -96}, {'84:f1:47:a8:77:22': -95}, {'f0:1d:2d:a5:1d:c1': -57}, {'48:8b:0a:f4:fa:21': -93}, {'48:8b:0a:f4:27:e1': -59}, {'84:f1:47:a8:36:c1': -85}, {'48:8b:0a:f3:7b:01': -72}, {'84:f1:47:a8:77:21': -95}, {'84:f1:47:a8:44:21': -96}, {'f0:1d:2d:a5:1d:c0': -57}, {'48:8b:0a:f4:fa:20': -93}, {'48:8b:0a:f4:27:e0': -59}, {'84:f1:47:a8:36:c0': -85}, {'84:5a:3e:94:a4:80': -95}, {'48:8b:0a:f3:7b:00': -72}, {'84:f1:47:a8:77:20': -95}, {'84:f1:47:a8:44:20': -96}, {'b0:95:75:bb:5d:e0': -95}]"
4,43,"[{'f0:1d:2d:a5:1d:c3': -56}, {'48:8b:0a:f4:fa:23': -86}, {'48:8b:0a:f4:27:e3': -59}, {'48:8b:0a:f4:ff:83': -87}, {'48:8b:0a:f3:7b:03': -60}, {'84:f1:47:a8:77:23': -95}, {'f0:1d:2d:a5:1d:c2': -57}, {'48:8b:0a:f4:fa:22': -86}, {'48:8b:0a:f4:27:e2': -59}, {'48:8b:0a:f4:ff:82': -87}, {'48:8b:0a:f3:7b:02': -60}, {'84:f1:47:a8:77:22': -95}, {'f0:1d:2d:a5:1d:c1': -57}, {'48:8b:0a:f4:fa:21': -86}, {'48:8b:0a:f4:27:e1': -59}, {'48:8b:0a:f4:ff:81': -86}, {'48:8b:0a:f3:7b:01': -60}, {'84:f1:47:a8:36:c1': -93}, {'48:8b:0a:f3:19:41': -96}, {'84:f1:47:a8:77:21': -95}, {'f0:1d:2d:a5:1d:c0': -57}, {'48:8b:0a:f4:fa:20': -86}, {'48:8b:0a:f4:27:e0': -59}, {'84:5a:3e:94:a4:80': -95}, {'48:8b:0a:f3:7b:00': -59}, {'48:8b:0a:f4:ff:80': -86}, {'84:f1:47:a8:36:c0': -93}, {'84:f1:47:a8:77:20': -95}, {'90:32:4b:74:6e:ea': -99}]"
3,35,"[{'f0:1d:2d:a5:1d:c3': -58}, {'48:8b:0a:f4:27:e3': -74}, {'48:8b:0a:f4:fa:23': -96}, {'48:8b:0a:f4:ff:83': -94}, {'84:5a:3e:94:a4:83': -95}, {'48:8b:0a:f3:7b:03': -85}, {'84:f1:47:a8:77:23': -95}, {'b0:95:75:bb:5d:e0': -97}, {'f0:1d:2d:a5:1d:c2': -58}, {'48:8b:0a:f4:27:e2': -74}, {'48:8b:0a:f4:fa:22': -96}, {'48:8b:0a:f4:ff:82': -94}, {'84:f1:47:a8:77:22': -95}, {'f0:1d:2d:a5:1d:c1': -58}, {'48:8b:0a:f4:27:e1': -82}, {'48:8b:0a:f4:fa:21': -96}, {'84:5a:3e:94:a4:81': -96}, {'48:8b:0a:f4:ff:81': -94}, {'84:f1:47:a8:77:21': -95}, {'f0:1d:2d:a5:1d:c0': -58}, {'48:8b:0a:f4:27:e0': -74}, {'48:8b:0a:f4:fa:20': -96}, {'48:8b:0a:f4:ff:80': -94}, {'48:8b:0a:f3:7b:00': -85}, {'84:f1:47:a8:77:20': -95}]"
3,36,"[{'f0:1d:2d:a5:1d:c3': -59}, {'48:8b:0a:f4:27:e3': -74}, {'48:8b:0a:f4:fa:23': -96}, {'48:8b:0a:f4:ff:83': -94}, {'84:5a:3e:94:a4:83': -95}, {'48:8b:0a:f3:7b:03': -85}, {'84:f1:47:a8:77:23': -95}, {'48:8b:0a:f4:27:e2': -74}, {'48:8b:0a:f4:fa:22': -96}, {'48:8b:0a:f4:ff:82': -94}, {'84:f1:47:a8:77:22': -95}, {'f0:1d:2d:a5:1d:c2': -58}, {'48:8b:0a:f4:27:e1': -82}, {'48:8b:0a:f4:fa:21': -96}, {'84:5a:3e:94:a4:81': -96}, {'48:8b:0a:f4:ff:81': -94}, {'84:f1:47:a8:77:21': -95}, {'f0:1d:2d:a5:1d:c1': -58}, {'48:8b:0a:f4:27:e0': -74}, {'48:8b:0a:f4:fa:20': -96}, {'48:8b:0a:f4:ff:80': -94}, {'48:8b:0a:f3:7b:00': -85}, {'84:f1:47:a8:77:20': -95}, {'f0:1d:2d:a5:1d:c0': -58}, {'b0:95:75:bb:5d:e0': -97}]"
3,37,"[{'f0:1d:2d:a5:1d:c3': -58}, {'48:8b:0a:f4:fa:23': -95}, {'48:8b:0a:f4:27:e3': -58}, {'84:5a:3e:94:a4:83': -95}, {'48:8b:0a:f3:7b:03': -59}, {'48:8b:0a:f4:ff:83': -94}, {'84:f1:47:a8:36:c3': -94}, {'84:f1:47:a8:77:23': -94}, {'b0:95:75:bb:5d:e0': -95}, {'f0:1d:2d:a5:1d:c2': -58}, {'48:8b:0a:f4:fa:22': -95}, {'48:8b:0a:f4:27:e2': -58}, {'48:8b:0a:f3:7b:02': -59}, {'48:8b:0a:f4:ff:82': -94}, {'84:f1:47:a8:36:c2': -94}, {'84:f1:47:a8:77:22': -94}, {'f0:1d:2d:a5:1d:c1': -58}, {'48:8b:0a:f4:27:e1': -58}, {'48:8b:0a:f4:fa:21': -95}, {'48:8b:0a:f3:7b:01': -59}, {'48:8b:0a:f4:ff:81': -94}, {'84:f1:47:a8:36:c1': -94}, {'48:8b:0a:f3:19:41': -96}, {'84:f1:47:a8:77:21': -94}, {'f0:1d:2d:a5:1d:c0': -58}, {'48:8b:0a:f4:27:e0': -58}, {'48:8b:0a:f4:fa:20': -95}, {'84:5a:3e:94:a4:80': -95}, {'48:8b:0a:f3:7b:00': -59}, {'48:8b:0a:f4:ff:80': -94}, {'84:f1:47:a8:36:c0': -94}, {'48:8b:0a:f3:19:40': -96}, {'84:f1:47:a8:77:20': -94}]"
3,38,"[{'f0:1d:2d:a5:1d:c3': -58}, {'84:f1:47:a8:77:23': -95}, {'48:8b:0a:f4:27:e3': -58}, {'48:8b:0a:f4:fa:23': -95}, {'48:8b:0a:f4:ff:83': -94}, {'84:f1:47:a8:36:c3': -87}, {'48:8b:0a:f3:7b:03': -59}, {'f0:1d:2d:a5:1d:c2': -58}, {'48:8b:0a:f4:27:e2': -58}, {'84:f1:47:a8:36:c2': -86}, {'48:8b:0a:f3:19:42': -95}, {'48:8b:0a:f4:ff:82': -94}, {'48:8b:0a:f3:7b:02': -59}, {'84:f1:47:a8:77:22': -96}, {'f0:1d:2d:a5:1d:c1': -58}, {'48:8b:0a:f4:27:e1': -58}, {'48:8b:0a:f4:fa:21': -95}, {'48:8b:0a:f4:ff:81': -94}, {'84:f1:47:a8:36:c1': -93}, {'48:8b:0a:f3:19:41': -95}, {'84:5a:3e:94:a4:81': -95}, {'48:8b:0a:f3:7b:01': -59}, {'84:f1:47:a8:77:21': -95}, {'f0:1d:2d:a5:1d:c0': -58}, {'48:8b:0a:f4:27:e0': -58}, {'48:8b:0a:f4:ff:80': -94}, {'84:f1:47:a8:36:c0': -94}, {'48:8b:0a:f3:19:40': -95}, {'84:5a:3e:94:a4:80': -96}, {'48:8b:0a:f3:7b:00': -59}, {'84:f1:47:a8:77:20': -96}]"
3,39,"[{'f0:1d:2d:a5:1d:c3': -58}, {'48:8b:0a:f4:27:e3': -59}, {'48:8b:0a:f4:fa:23': -94}, {'48:8b:0a:f3:7b:03': -59}, {'84:f1:47:a8:36:c3': -95}, {'84:f1:47:a8:77:23': -95}, {'b0:95:75:bb:5d:e0': -96}, {'f0:1d:2d:a5:1d:c2': -58}, {'48:8b:0a:f4:27:e2': -59}, {'48:8b:0a:f4:fa:22': -94}, {'48:8b:0a:f3:7b:02': -59}, {'48:8b:0a:f4:ff:82': -87}, {'84:f1:47:a8:36:c2': -93}, {'84:f1:47:a8:77:22': -95}, {'f0:1d:2d:a5:1d:c1': -58}, {'48:8b:0a:f4:27:e1': -59}, {'48:8b:0a:f4:fa:21': -94}, {'48:8b:0a:f3:7b:01': -59}, {'48:8b:0a:f4:ff:81': -93}, {'84:f1:47:a8:77:21': -95}, {'f0:1d:2d:a5:1d:c0': -58}, {'48:8b:0a:f4:27:e0': -59}, {'48:8b:0a:f3:7b:00': -59}, {'48:8b:0a:f4:ff:80': -87}, {'84:f1:47:a8:36:c0': -95}, {'48:8b:0a:f3:19:40': -97}, {'84:f1:47:a8:77:20': -95}, {'32:13:8b:3e:57:39': -72}]"
3,40,"[{'f0:1d:2d:a5:1d:c3': -58}, {'48:8b:0a:f4:27:e3': -59}, {'48:8b:0a:f4:fa:23': -94}, {'48:8b:0a:f3:7b:03': -59}, {'48:8b:0a:f4:ff:83': -95}, {'84:f1:47:a8:36:c3': -94}, {'84:f1:47:a8:77:23': -94}, {'f0:1d:2d:a5:1d:c2': -57}, {'48:8b:0a:f4:27:e2': -59}, {'48:8b:0a:f4:fa:22': -95}, {'48:8b:0a:f3:7b:02': -59}, {'84:f1:47:a8:36:c2': -85}, {'84:f1:47:a8:77:22': -94}, {'f0:1d:2d:a5:1d:c1': -58}, {'48:8b:0a:f4:27:e1': -60}, {'48:8b:0a:f4:fa:21': -95}, {'84:5a:3e:94:a4:81': -96}, {'48:8b:0a:f3:7b:01': -59}, {'48:8b:0a:f4:ff:81': -95}, {'84:f1:47:a8:36:c1': -94}, {'84:f1:47:a8:77:21': -94}, {'32:13:8b:3e:57:39': -82}, {'f0:1d:2d:a5:1d:c0': -58}, {'48:8b:0a:f4:27:e0': -59}, {'48:8b:0a:f4:fa:20': -95}, {'48:8b:0a:f3:7b:00': -59}, {'48:8b:0a:f4:ff:80': -95}, {'84:f1:47:a8:36:c0': -94}, {'84:f1:47:a8:77:20': -94}, {'b0:95:75:bb:5d:e0': -97}]"
3,41,"[{'f0:1d:2d:a5:1d:c3': -57}, {'48:8b:0a:f4:27:e3': -59}, {'48:8b:0a:f4:fa:23': -94}, {'48:8b:0a:f4:ff:83': -94}, {'48:8b:0a:f3:7b:03': -74}, {'84:f1:47:a8:77:23': -94}, {'f0:1d:2d:a5:1d:c2': -56}, {'48:8b:0a:f4:fa:22': -94}, {'48:8b:0a:f4:27:e2': -59}, {'48:8b:0a:f4:ff:82': -94}, {'48:8b:0a:f3:7b:02': -74}, {'84:f1:47:a8:77:22': -94}, {'f0:1d:2d:a5:1d:c1': -56}, {'48:8b:0a:f4:fa:21': -93}, {'48:8b:0a:f4:27:e1': -59}, {'48:8b:0a:f4:ff:81': -94}, {'84:5a:3e:94:a4:81': -96}, {'48:8b:0a:f3:7b:01': -74}, {'84:f1:47:a8:77:21': -94}, {'f0:1d:2d:a5:1d:c0': -56}, {'48:8b:0a:f4:27:e0': -59}, {'48:8b:0a:f4:fa:20': -94}, {'48:8b:0a:f4:ff:80': -94}, {'84:f1:47:a8:36:c0': -94}, {'84:5a:3e:94:a4:80': -96}, {'48:8b:0a:f3:7b:00': -74}, {'84:f1:47:a8:77:20': -94}, {'32:13:8b:3e:57:39': -83}, {'b0:95:75:bb:5d:e0': -96}]"
3,42,"[{'f0:1d:2d:a5:1d:c3': -57}, {'48:8b:0a:f4:27:e3': -59}, {'48:8b:0a:f4:fa:23': -95}, {'48:8b:0a:f3:7b:03': -74}, {'84:f1:47:a8:36:c3': -94}, {'84:f1:47:a8:77:23': -94}, {'f0:1d:2d:a5:1d:c1': -56}, {'48:8b:0a:f4:27:e1': -59}, {'48:8b:0a:f4:fa:21': -96}, {'48:8b:0a:f3:7b:01': -82}, {'48:8b:0a:f4:ff:81': -95}, {'84:f1:47:a8:36:c1': -94}, {'84:f1:47:a8:77:21': -94}, {'f0:1d:2d:a5:1d:c0': -56}, {'48:8b:0a:f4:27:e0': -59}, {'48:8b:0a:f3:7b:00': -82}, {'48:8b:0a:f4:ff:80': -95}, {'84:f1:47:a8:36:c0': -94}, {'84:f1:47:a8:77:20': -94}, {'b0:95:75:bb:5d:e0': -96}, {'f0:1d:2d:a5:1d:c2': -56}, {'48:8b:0a:f4:27:e2': -59}, {'48:8b:0a:f4:fa:22': -96}, {'48:8b:0a:f3:7b:02': -74}, {'48:8b:0a:f4:ff:82': -95}, {'84:f1:47:a8:36:c2': -94}, {'84:f1:47:a8:77:22': -94}, {'32:13:8b:3e:57:39': -86}]"
3,43,"[{'f0:1d:2d:a5:1d:c3': -56}, {'48:8b:0a:f4:27:e3': -59}, {'48:8b:0a:f4:fa:23': -94}, {'48:8b:0a:f3:7b:03': -60}, {'84:f1:47:a8:36:c3': -93}, {'48:8b:0a:f3:19:43': -95}, {'84:f1:47:a8:77:23': -94}, {'f0:1d:2d:a5:1d:c2': -57}, {'48:8b:0a:f4:27:e2': -59}, {'48:8b:0a:f4:fa:22': -94}, {'48:8b:0a:f4:ff:82': -95}, {'48:8b:0a:f3:7b:02': -60}, {'84:f1:47:a8:36:c2': -93}, {'48:8b:0a:f3:19:42': -95}, {'84:f1:47:a8:77:22': -94}, {'f0:1d:2d:a5:1d:c1': -57}, {'48:8b:0a:f4:27:e1': -59}, {'48:8b:0a:f4:fa:21': -94}, {'84:f1:47:a8:83:21': -96}, {'84:5a:3e:94:a4:81': -95}, {'48:8b:0a:f3:7b:01': -60}, {'48:8b:0a:f4:ff:81': -95}, {'84:f1:47:a8:36:c1': -94}, {'48:8b:0a:f3:19:41': -95}, {'84:f1:47:a8:77:21': -94}, {'f0:1d:2d:a5:1d:c0': -57}, {'48:8b:0a:f4:27:e0': -59}, {'48:8b:0a:f4:fa:20': -94}, {'84:f1:47:a8:83:20': -96}, {'84:5a:3e:94:a4:80': -96}, {'48:8b:0a:f4:ff:80': -95}, {'48:8b:0a:f3:7b:00': -60}, {'84:f1:47:a8:36:c0': -93}, {'48:8b:0a:f3:19:40': -95}, {'84:f1:47:a8:77:20': -94}, {'b0:95:75:bb:5d:e0': -95}, {'32:13:8b:3e:57:39': -94}]"
2,35,"[{'f0:1d:2d:a5:1d:c3': -58}, {'48:8b:0a:f4:27:e3': -72}, {'48:8b:0a:f4:fa:23': -95}, {'84:5a:3e:94:a4:83': -95}, {'48:8b:0a:f3:7b:03': -85}, {'48:8b:0a:f4:ff:83': -86}, {'84:f1:47:a8:36:c3': -94}, {'84:f1:47:a8:77:23': -94}, {'f0:1d:2d:a5:1d:c2': -58}, {'48:8b:0a:f4:27:e2': -72}, {'48:8b:0a:f4:fa:22': -95}, {'84:5a:3e:94:a4:82': -95}, {'48:8b:0a:f3:7b:02': -84}, {'48:8b:0a:f4:ff:82': -86}, {'84:f1:47:a8:77:22': -94}, {'f0:1d:2d:a5:1d:c1': -58}, {'48:8b:0a:f4:27:e1': -72}, {'48:8b:0a:f4:fa:21': -95}, {'84:5a:3e:94:a4:81': -95}, {'48:8b:0a:f3:7b:01': -85}, {'48:8b:0a:f4:ff:81': -86}, {'84:f1:47:a8:77:21': -94}, {'f0:1d:2d:a5:1d:c0': -58}, {'48:8b:0a:f4:27:e0': -72}, {'48:8b:0a:f4:fa:20': -95}, {'84:5a:3e:94:a4:80': -95}, {'48:8b:0a:f3:7b:00': -85}, {'84:f1:47:a8:36:c0': -94}, {'84:f1:47:a8:77:20': -94}, {'32:13:8b:3e:57:39': -74}]"
2,36,"[{'f0:1d:2d:a5:1d:c3': -58}, {'48:8b:0a:f4:fa:23': -94}, {'48:8b:0a:f4:27:e3': -60}, {'48:8b:0a:f4:ff:83': -94}, {'84:5a:3e:94:a4:83': -94}, {'48:8b:0a:f3:7b:03': -82}, {'84:f1:47:a8:77:23': -94}, {'f0:1d:2d:a5:1d:c2': -58}, {'48:8b:0a:f4:fa:22': -94}, {'48:8b:0a:f4:27:e2': -59}, {'48:8b:0a:f4:ff:82': -94}, {'84:5a:3e:94:a4:82': -94}, {'48:8b:0a:f3:7b:02': -74}, {'84:f1:47:a8:77:22': -94}, {'f0:1d:2d:a5:1d:c1': -58}, {'48:8b:0a:f4:fa:21': -94}, {'48:8b:0a:f4:27:e1': -60}, {'48:8b:0a:f4:ff:81': -94}, {'84:f1:47:a8:36:c1': -94}, {'84:5a:3e:94:a4:81': -94}, {'48:8b:0a:f3:7b:01': -82}, {'84:f1:47:a8:77:21': -94}, {'32:13:8b:3e:57:39': -60}, {'f0:1d:2d:a5:1d:c0': -58}, {'48:8b:0a:f4:fa:20': -94}, {'48:8b:0a:f4:ff:80': -94}, {'84:f1:47:a8:36:c0': -94}, {'84:5a:3e:94:a4:80': -94}, {'48:8b:0a:f3:7b:00': -74}, {'84:f1:47:a8:77:20': -94}, {'b0:95:75:bb:5d:e0': -97}]"
2,37,"[{'f0:1d:2d:a5:1d:c3': -58}, {'48:8b:0a:f4:27:e3': -59}, {'48:8b:0a:f4:fa:23': -96}, {'48:8b:0a:f4:ff:83': -86}, {'84:f1:47:a8:36:c3': -93}, {'48:8b:0a:f3:7b:03': -72}, {'84:f1:47:a8:77:23': -94}, {'f0:1d:2d:a5:1d:c2': -58}, {'48:8b:0a:f4:27:e2': -59}, {'48:8b:0a:f4:ff:82': -86}, {'84:f1:47:a8:36:c2': -94}, {'48:8b:0a:f3:7b:02': -72}, {'84:f1:47:a8:77:22': -94}, {'f0:1d:2d:a5:1d:c1': -58}, {'48:8b:0a:f4:27:e1': -59}, {'48:8b:0a:f4:fa:21': -96}, {'48:8b:0a:f4:ff:81': -86}, {'84:f1:47:a8:36:c1': -94}, {'48:8b:0a:f3:7b:01': -72}, {'84:f1:47:a8:77:21': -95}, {'32:13:8b:3e:57:39': -85}, {'f0:1d:2d:a5:1d:c0': -58}, {'48:8b:0a:f4:27:e0': -59}, {'48:8b:0a:f4:fa:20': -96}, {'48:8b:0a:f4:ff:80': -86}, {'48:8b:0a:f3:7b:00': -72}, {'84:f1:47:a8:77:20': -94}]"
2,38,"[{'f0:1d:2d:a5:1d:c3': -58}, {'34:b8:83:f6:39:03': -96}, {'48:8b:0a:f4:27:e3': -58}, {'48:8b:0a:f4:fa:23': -95}, {'48:8b:0a:f3:7b:03': -73}, {'48:8b:0a:f4:ff:83': -95}, {'84:f1:47:a8:77:23': -94}, {'f0:1d:2d:a5:1d:c2': -57}, {'34:b8:83:f6:39:02': -96}, {'48:8b:0a:f4:27:e2': -58}, {'48:8b:0a:f4:fa:22': -95}, {'48:8b:0a:f3:7b:02': -73}, {'84:f1:47:a8:36:c2': -93}, {'84:f1:47:a8:77:22': -94}, {'f0:1d:2d:a5:1d:c1': -58}, {'34:b8:83:f6:39:01': -96}, {'48:8b:0a:f4:27:e1': -58}, {'48:8b:0a:f4:fa:21': -95}, {'84:5a:3e:94:a4:81': -95}, {'48:8b:0a:f3:7b:01': -73}, {'48:8b:0a:f4:ff:81': -95}, {'84:f1:47:a8:36:c1': -94}, {'84:f1:47:a8:77:21': -94}, {'32:13:8b:3e:57:39': -74}, {'f0:1d:2d:a5:1d:c0': -58}, {'34:b8:83:f6:39:00': -95}, {'48:8b:0a:f4:27:e0': -58}, {'48:8b:0a:f4:fa:20': -95}, {'48:8b:0a:f3:7b:00': -73}, {'84:5a:3e:94:a4:80': -95}, {'48:8b:0a:f4:ff:80': -95}, {'84:f1:47:a8:36:c0': -94}, {'84:f1:47:a8:77:20': -94}]"
2,39,"[{'f0:1d:2d:a5:1d:c3': -57}, {'48:8b:0a:f4:27:e3': -60}, {'48:8b:0a:f4:fa:23': -96}, {'84:f1:47:a8:36:c3': -94}, {'48:8b:0a:f3:7b:03': -72}, {'48:8b:0a:f4:ff:83': -94}, {'84:f1:47:a8:77:23': -94}, {'f0:1d:2d:a5:1d:c2': -57}, {'48:8b:0a:f4:27:e2': -60}, {'48:8b:0a:f4:fa:22': -96}, {'84:5a:3e:94:a4:82': -95}, {'48:8b:0a:f3:7b:02': -71}, {'48:8b:0a:f4:ff:82': -94}, {'84:f1:47:a8:77:22': -94}, {'f0:1d:2d:a5:1d:c1': -57}, {'48:8b:0a:f4:27:e1': -60}, {'84:5a:3e:94:a4:81': -94}, {'48:8b:0a:f3:7b:01': -71}, {'48:8b:0a:f4:ff:81': -94}, {'84:f1:47:a8:77:21': -94}, {'32:13:8b:3e:57:39': -60}, {'f0:1d:2d:a5:1d:c0': -57}, {'48:8b:0a:f4:27:e0': -60}, {'84:f1:47:a8:36:c0': -94}, {'48:8b:0a:f3:7b:00': -72}, {'48:8b:0a:f4:ff:80': -94}, {'84:f1:47:a8:77:20': -94}]"
2,40,"[{'f0:1d:2d:a5:1d:c3': -58}, {'48:8b:0a:f4:27:e3': -59}, {'48:8b:0a:f4:fa:23': -87}, {'48:8b:0a:f3:7b:03': -60}, {'48:8b:0a:f4:ff:83': -94}, {'84:f1:47:a8:36:c3': -93}, {'84:f1:47:a8:77:23': -94}, {'b0:95:75:bb:5d:e0': -99}, {'32:13:8b:3e:57:39': -72}, {'f0:1d:2d:a5:1d:c2': -58}, {'48:8b:0a:f4:27:e2': -59}, {'48:8b:0a:f4:fa:22': -87}, {'48:8b:0a:f3:7b:02': -60}, {'48:8b:0a:f4:ff:82': -93}, {'84:f1:47:a8:36:c2': -85}, {'84:f1:47:a8:77:22': -94}, {'f0:1d:2d:a5:1d:c1': -58}, {'48:8b:0a:f4:27:e1': -59}, {'48:8b:0a:f4:fa:21': -93}, {'84:5a:3e:94:a4:81': -96}, {'48:8b:0a:f3:7b:01': -71}, {'48:8b:0a:f4:ff:81': -93}, {'84:f1:47:a8:36:c1': -86}, {'84:f1:47:a8:77:21': -94}, {'f0:1d:2d:a5:1d:c0': -58}, {'48:8b:0a:f4:27:e0': -59}, {'48:8b:0a:f4:fa:20': -87}, {'48:8b:0a:f3:7b:00': -60}, {'48:8b:0a:f4:ff:80': -94}, {'84:f1:47:a8:36:c0': -94}, {'84:f1:47:a8:77:20': -94}]"
2,41,"[{'f0:1d:2d:a5:1d:c3': -56}, {'48:8b:0a:f4:fa:23': -95}, {'48:8b:0a:f4:27:e3': -58}, {'48:8b:0a:f4:ff:83': -94}, {'48:8b:0a:f3:7b:03': -74}, {'84:f1:47:a8:77:23': -95}, {'f0:1d:2d:a5:1d:c2': -57}, {'48:8b:0a:f4:27:e2': -58}, {'48:8b:0a:f4:ff:82': -94}, {'48:8b:0a:f3:7b:02': -73}, {'84:f1:47:a8:77:22': -95}, {'f0:1d:2d:a5:1d:c1': -57}, {'48:8b:0a:f4:fa:21': -95}, {'48:8b:0a:f4:27:e1': -58}, {'48:8b:0a:f4:ff:81': -94}, {'48:8b:0a:f3:7b:01': -74}, {'84:f1:47:a8:77:21': -95}, {'32:13:8b:3e:57:39': -74}, {'f0:1d:2d:a5:1d:c0': -56}, {'48:8b:0a:f4:fa:20': -95}, {'48:8b:0a:f4:27:e0': -58}, {'48:8b:0a:f4:ff:80': -94}, {'84:f1:47:a8:36:c0': -95}, {'48:8b:0a:f3:7b:00': -73}, {'84:f1:47:a8:77:20': -95}, {'b0:95:75:bb:5d:e0': -96}]"
2,42,"[{'f0:1d:2d:a5:1d:c3': -57}, {'48:8b:0a:f4:fa:23': -87}, {'48:8b:0a:f4:27:e3': -60}, {'84:f1:47:a8:36:c3': -95}, {'48:8b:0a:f4:ff:83': -95}, {'48:8b:0a:f3:7b:03': -82}, {'84:f1:47:a8:77:23': -95}, {'f0:1d:2d:a5:1d:c2': -57}, {'48:8b:0a:f4:fa:22': -87}, {'48:8b:0a:f4:27:e2': -60}, {'84:f1:47:a8:36:c2': -95}, {'48:8b:0a:f4:ff:82': -95}, {'48:8b:0a:f3:7b:02': -82}, {'84:f1:47:a8:77:22': -95}, {'f0:1d:2d:a5:1d:c1': -57}, {'48:8b:0a:f4:fa:21': -87}, {'48:8b:0a:f4:27:e1': -60}, {'48:8b:0a:f4:ff:81': -94}, {'84:5a:3e:94:a4:81': -96}, {'48:8b:0a:f3:7b:01': -82}, {'84:f1:47:a8:77:21': -95}, {'f0:1d:2d:a5:1d:c0': -57}, {'48:8b:0a:f4:fa:20': -87}, {'48:8b:0a:f4:27:e0': -60}, {'48:8b:0a:f4:ff:80': -94}, {'84:f1:47:a8:36:c0': -95}, {'48:8b:0a:f3:19:40': -97}, {'84:5a:3e:94:a4:80': -97}, {'48:8b:0a:f3:7b:00': -82}, {'84:f1:47:a8:77:20': -95}, {'b0:95:75:bb:5d:e0': -95}, {'32:13:8b:3e:57:39': -86}]"
2,43,"[{'f0:1d:2d:a5:1d:c3': -57}, {'48:8b:0a:f4:27:e3': -60}, {'48:8b:0a:f3:7b:03': -73}, {'48:8b:0a:f4:ff:83': -94}, {'84:f1:47:a8:36:c3': -94}, {'84:f1:47:a8:77:23': -94}, {'b0:95:75:bb:5d:e0': -97}, {'f0:1d:2d:a5:1d:c2': -57}, {'48:8b:0a:f4:27:e2': -60}, {'84:5a:3e:94:a4:82': -96}, {'48:8b:0a:f3:7b:02': -73}, {'84:f1:47:a8:36:c2': -94}, {'84:f1:47:a8:77:22': -94}, {'f0:1d:2d:a5:1d:c1': -57}, {'48:8b:0a:f4:27:e1': -60}, {'48:8b:0a:f3:7b:01': -73}, {'84:5a:3e:94:a4:81': -95}, {'48:8b:0a:f4:ff:81': -95}, {'84:f1:47:a8:77:21': -86}, {'f0:1d:2d:a5:1d:c0': -57}, {'48:8b:0a:f4:27:e0': -59}, {'48:8b:0a:f4:fa:20': -96}, {'48:8b:0a:f3:7b:00': -73}, {'48:8b:0a:f4:ff:80': -94}, {'84:f1:47:a8:36:c0': -95}, {'84:5a:3e:94:a4:80': -95}, {'84:f1:47:a8:77:20': -94}, {'32:13:8b:3e:57:39': -84}]"
1,35,"[{'f0:1d:2d:a5:1d:c3': -58}, {'48:8b:0a:f4:27:e3': -60}, {'48:8b:0a:f4:ff:83': -94}, {'84:f1:47:a8:36:c3': -94}, {'48:8b:0a:f3:7b:03': -73}, {'84:f1:47:a8:77:23': -94}, {'b0:95:75:bb:5d:e0': -97}, {'48:8b:0a:f4:27:e1': -60}, {'48:8b:0a:f4:ff:81': -95}, {'48:8b:0a:f3:7b:01': -73}, {'84:5a:3e:94:a4:81': -95}, {'f0:1d:2d:a5:1d:c1': -57}, {'84:f1:47:a8:77:21': -86}, {'48:8b:0a:f4:27:e2': -60}, {'84:5a:3e:94:a4:82': -96}, {'84:f1:47:a8:36:c2': -94}, {'48:8b:0a:f3:7b:02': -73}, {'f0:1d:2d:a5:1d:c2': -57}, {'84:f1:47:a8:77:22': -94}, {'48:8b:0a:f4:27:e0': -59}, {'48:8b:0a:f4:fa:20': -96}, {'48:8b:0a:f4:ff:80': -94}, {'84:f1:47:a8:36:c0': -95}, {'48:8b:0a:f3:7b:00': -73}, {'84:5a:3e:94:a4:80': -95}, {'f0:1d:2d:a5:1d:c0': -57}, {'84:f1:47:a8:77:20': -94}, {'32:13:8b:3e:57:39': -84}]"
1,36,"[{'f0:1d:2d:a5:1d:c3': -58}, {'48:8b:0a:f4:27:e3': -59}, {'48:8b:0a:f4:fa:23': -96}, {'48:8b:0a:f3:7b:03': -59}, {'48:8b:0a:f4:ff:83': -94}, {'84:f1:47:a8:77:23': -94}, {'b0:95:75:bb:5d:e0': -97}, {'f0:1d:2d:a5:1d:c2': -58}, {'48:8b:0a:f4:fa:22': -96}, {'48:8b:0a:f4:27:e2': -59}, {'48:8b:0a:f3:7b:02': -60}, {'48:8b:0a:f4:ff:82': -94}, {'84:f1:47:a8:77:22': -94}, {'f0:1d:2d:a5:1d:c1': -58}, {'48:8b:0a:f4:fa:21': -96}, {'48:8b:0a:f4:27:e1': -59}, {'48:8b:0a:f3:7b:01': -60}, {'48:8b:0a:f4:ff:81': -93}, {'84:f1:47:a8:77:21': -95}, {'f0:1d:2d:a5:1d:c0': -58}, {'48:8b:0a:f4:fa:20': -96}, {'48:8b:0a:f4:27:e0': -59}, {'48:8b:0a:f3:7b:00': -60}, {'48:8b:0a:f4:ff:80': -94}, {'84:f1:47:a8:77:20': -94}, {'32:13:8b:3e:57:39': -84}]"
1,37,"[{'f0:1d:2d:a5:1d:c0': -58}, {'34:b8:83:f6:39:00': -96}, {'48:8b:0a:f4:fa:20': -94}, {'48:8b:0a:f4:27:e0': -59}, {'84:f1:47:a8:36:c0': -94}, {'48:8b:0a:f4:ff:80': -93}, {'48:8b:0a:f3:7b:00': -60}, {'84:f1:47:a8:77:20': -95}, {'f0:1d:2d:a5:1d:c1': -58}, {'84:f1:47:a8:77:21': -94}, {'34:b8:83:f6:39:01': -96}, {'48:8b:0a:f4:fa:21': -94}, {'48:8b:0a:f4:27:e1': -59}, {'48:8b:0a:f4:ff:81': -87}, {'84:f1:47:a8:36:c1': -94}, {'48:8b:0a:f3:7b:01': -60}, {'32:13:8b:3e:57:39': -73}, {'f0:1d:2d:a5:1d:c3': -57}, {'34:b8:83:f6:39:03': -96}, {'48:8b:0a:f4:fa:23': -94}, {'48:8b:0a:f4:27:e3': -59}, {'84:f1:47:a8:36:c3': -94}, {'48:8b:0a:f3:7b:03': -60}, {'48:8b:0a:f4:ff:83': -93}, {'84:f1:47:a8:77:23': -95}, {'f0:1d:2d:a5:1d:c2': -58}, {'48:8b:0a:f4:fa:22': -94}, {'48:8b:0a:f4:27:e2': -59}, {'48:8b:0a:f3:7b:02': -60}, {'84:f1:47:a8:36:c2': -94}, {'48:8b:0a:f4:ff:82': -93}, {'84:f1:47:a8:77:22': -95}, {'b0:95:75:bb:5d:e0': -96}]"
1,38,"[{'b0:95:75:bb:5d:e0': -96}, {'f0:1d:2d:a5:1d:c3': -57}, {'48:8b:0a:f4:27:e3': -72}, {'48:8b:0a:f4:fa:23': -94}, {'48:8b:0a:f4:ff:83': -94}, {'48:8b:0a:f3:7b:03': -60}, {'84:f1:47:a8:77:23': -95}, {'f0:1d:2d:a5:1d:c2': -57}, {'48:8b:0a:f4:fa:22': -94}, {'48:8b:0a:f4:27:e2': -73}, {'84:5a:3e:94:a4:82': -94}, {'48:8b:0a:f3:7b:02': -60}, {'84:f1:47:a8:77:22': -94}, {'f0:1d:2d:a5:1d:c1': -57}, {'34:b8:83:f6:39:01': -96}, {'48:8b:0a:f4:fa:21': -94}, {'48:8b:0a:f4:27:e1': -72}, {'48:8b:0a:f4:ff:81': -94}, {'84:5a:3e:94:a4:81': -94}, {'48:8b:0a:f3:7b:01': -60}, {'84:f1:47:a8:77:21': -95}, {'f0:1d:2d:a5:1d:c0': -57}, {'34:b8:83:f6:39:00': -97}, {'48:8b:0a:f4:fa:20': -93}, {'48:8b:0a:f4:27:e0': -72}, {'48:8b:0a:f4:ff:80': -94}, {'84:5a:3e:94:a4:80': -94}, {'48:8b:0a:f3:7b:00': -60}, {'84:f1:47:a8:77:20': -95}, {'32:13:8b:3e:57:39': -83}]"
1,39,"[{'32:13:8b:3e:57:39': -71}, {'f0:1d:2d:a5:1d:c3': -57}, {'48:8b:0a:f4:fa:23': -95}, {'48:8b:0a:f4:27:e3': -71}, {'84:f1:47:a8:36:c3': -95}, {'48:8b:0a:f3:7b:03': -60}, {'84:f1:47:a8:77:23': -94}, {'f0:1d:2d:a5:1d:c2': -57}, {'48:8b:0a:f4:fa:22': -96}, {'48:8b:0a:f4:27:e2': -71}, {'48:8b:0a:f3:7b:02': -71}, {'48:8b:0a:f4:ff:82': -95}, {'84:f1:47:a8:77:22': -94}, {'f0:1d:2d:a5:1d:c1': -57}, {'48:8b:0a:f4:fa:21': -95}, {'48:8b:0a:f4:27:e1': -71}, {'48:8b:0a:f3:7b:01': -60}, {'48:8b:0a:f4:ff:81': -95}, {'84:f1:47:a8:77:21': -94}, {'f0:1d:2d:a5:1d:c0': -57}, {'48:8b:0a:f4:fa:20': -95}, {'48:8b:0a:f4:27:e0': -72}, {'84:5a:3e:94:a4:80': -96}, {'48:8b:0a:f3:7b:00': -71}, {'48:8b:0a:f4:ff:80': -95}, {'84:f1:47:a8:77:20': -94}, {'b0:95:75:bb:5d:e0': -96}]"
1,40,"[{'f0:1d:2d:a5:1d:c3': -57}, {'48:8b:0a:f4:fa:23': -95}, {'48:8b:0a:f4:27:e3': -71}, {'84:f1:47:a8:36:c3': -95}, {'48:8b:0a:f3:7b:03': -60}, {'84:f1:47:a8:77:23': -94}, {'b0:95:75:bb:5d:e0': -96}, {'48:8b:0a:f4:fa:20': -95}, {'48:8b:0a:f4:27:e0': -72}, {'84:5a:3e:94:a4:80': -96}, {'48:8b:0a:f3:7b:00': -71}, {'48:8b:0a:f4:ff:80': -95}, {'84:f1:47:a8:77:20': -94}, {'f0:1d:2d:a5:1d:c0': -57}, {'48:8b:0a:f4:fa:22': -96}, {'48:8b:0a:f4:27:e2': -71}, {'48:8b:0a:f3:7b:02': -71}, {'48:8b:0a:f4:ff:82': -95}, {'84:f1:47:a8:77:22': -94}, {'f0:1d:2d:a5:1d:c2': -57}, {'48:8b:0a:f4:fa:21': -95}, {'48:8b:0a:f4:27:e1': -71}, {'48:8b:0a:f3:7b:01': -60}, {'48:8b:0a:f4:ff:81': -95}, {'84:f1:47:a8:77:21': -94}, {'f0:1d:2d:a5:1d:c1': -57}, {'32:13:8b:3e:57:39': -71}]"
1,41,"[{'f0:1d:2d:a5:1d:c3': -57}, {'48:8b:0a:f4:fa:23': -95}, {'48:8b:0a:f4:27:e3': -60}, {'48:8b:0a:f4:ff:83': -95}, {'84:f1:47:a8:36:c3': -94}, {'48:8b:0a:f3:7b:03': -73}, {'84:f1:47:a8:77:23': -94}, {'f0:1d:2d:a5:1d:c2': -57}, {'48:8b:0a:f4:fa:22': -95}, {'48:8b:0a:f4:27:e2': -60}, {'84:f1:47:a8:36:c2': -94}, {'48:8b:0a:f3:7b:02': -74}, {'84:f1:47:a8:77:22': -94}, {'f0:1d:2d:a5:1d:c1': -57}, {'48:8b:0a:f4:fa:21': -95}, {'48:8b:0a:f4:27:e1': -60}, {'84:f1:47:a8:36:c1': -94}, {'48:8b:0a:f3:7b:01': -74}, {'84:f1:47:a8:77:21': -95}, {'32:13:8b:3e:57:39': -71}, {'f0:1d:2d:a5:1d:c0': -57}, {'48:8b:0a:f4:fa:20': -95}, {'48:8b:0a:f4:27:e0': -60}, {'48:8b:0a:f4:ff:80': -95}, {'48:8b:0a:f3:7b:00': -73}, {'84:f1:47:a8:77:20': -94}]"
1,42,"[{'f0:1d:2d:a5:1d:c3': -57}, {'48:8b:0a:f4:27:e3': -60}, {'84:5a:3e:94:a4:83': -95}, {'48:8b:0a:f3:7b:03': -83}, {'48:8b:0a:f4:ff:83': -94}, {'84:f1:47:a8:77:23': -95}, {'f0:1d:2d:a5:1d:c2': -57}, {'48:8b:0a:f4:fa:22': -96}, {'48:8b:0a:f4:27:e2': -60}, {'48:8b:0a:f3:7b:02': -83}, {'48:8b:0a:f4:ff:82': -95}, {'84:f1:47:a8:77:22': -95}, {'f0:1d:2d:a5:1d:c1': -57}, {'48:8b:0a:f4:27:e1': -60}, {'48:8b:0a:f4:fa:21': -95}, {'84:5a:3e:94:a4:81': -95}, {'48:8b:0a:f3:7b:01': -83}, {'48:8b:0a:f4:ff:81': -95}, {'84:f1:47:a8:77:21': -95}, {'32:13:8b:3e:57:39': -84}, {'f0:1d:2d:a5:1d:c0': -57}, {'48:8b:0a:f4:27:e0': -60}, {'48:8b:0a:f4:fa:20': -96}, {'84:5a:3e:94:a4:80': -95}, {'48:8b:0a:f3:7b:00': -83}, {'48:8b:0a:f4:ff:80': -95}, {'84:f1:47:a8:77:20': -95}]"
1,43,"[{'f0:1d:2d:a5:1d:c3': -57}, {'48:8b:0a:f4:27:e3': -59}, {'48:8b:0a:f4:ff:83': -94}, {'48:8b:0a:f3:7b:03': -60}, {'84:f1:47:a8:36:c3': -95}, {'84:f1:47:a8:77:23': -95}, {'f0:1d:2d:a5:1d:c1': -58}, {'48:8b:0a:f4:27:e1': -59}, {'48:8b:0a:f4:ff:81': -94}, {'48:8b:0a:f3:7b:01': -60}, {'84:f1:47:a8:77:21': -95}, {'32:13:8b:3e:57:39': -74}, {'f0:1d:2d:a5:1d:c2': -58}, {'48:8b:0a:f4:27:e2': -59}, {'48:8b:0a:f4:ff:82': -94}, {'48:8b:0a:f3:7b:02': -60}, {'84:f1:47:a8:36:c2': -95}, {'84:f1:47:a8:77:22': -95}, {'f0:1d:2d:a5:1d:c0': -58}, {'48:8b:0a:f4:27:e0': -59}, {'48:8b:0a:f3:7b:00': -60}, {'48:8b:0a:f4:ff:80': -94}, {'84:f1:47:a8:77:20': -94}]"
0,35,"[{'f0:1d:2d:a5:1d:c3': -57}, {'48:8b:0a:f4:27:e3': -59}, {'48:8b:0a:f4:ff:83': -94}, {'84:f1:47:a8:36:c3': -95}, {'48:8b:0a:f3:7b:03': -60}, {'84:f1:47:a8:77:23': -95}, {'48:8b:0a:f4:27:e2': -59}, {'48:8b:0a:f4:ff:82': -94}, {'84:f1:47:a8:36:c2': -95}, {'48:8b:0a:f3:7b:02': -60}, {'84:f1:47:a8:77:22': -95}, {'f0:1d:2d:a5:1d:c2': -58}, {'48:8b:0a:f4:27:e1': -59}, {'48:8b:0a:f4:ff:81': -94}, {'48:8b:0a:f3:7b:01': -60}, {'f0:1d:2d:a5:1d:c1': -58}, {'84:f1:47:a8:77:21': -95}, {'48:8b:0a:f4:27:e0': -59}, {'48:8b:0a:f3:7b:00': -60}, {'48:8b:0a:f4:ff:80': -94}, {'84:f1:47:a8:77:20': -94}, {'f0:1d:2d:a5:1d:c0': -58}, {'32:13:8b:3e:57:39': -74}]"
0,36,"[{'f0:1d:2d:a5:1d:c3': -57}, {'48:8b:0a:f4:27:e3': -59}, {'48:8b:0a:f4:fa:23': -96}, {'84:5a:3e:94:a4:83': -94}, {'48:8b:0a:f3:7b:03': -72}, {'48:8b:0a:f4:ff:83': -95}, {'84:f1:47:a8:36:c3': -94}, {'84:f1:47:a8:77:23': -94}, {'f0:1d:2d:a5:1d:c2': -57}, {'48:8b:0a:f4:27:e2': -59}, {'48:8b:0a:f4:fa:22': -96}, {'84:5a:3e:94:a4:82': -94}, {'48:8b:0a:f4:ff:82': -95}, {'48:8b:0a:f3:7b:02': -72}, {'84:f1:47:a8:36:c2': -94}, {'84:f1:47:a8:77:22': -94}, {'f0:1d:2d:a5:1d:c1': -57}, {'48:8b:0a:f4:27:e1': -59}, {'48:8b:0a:f4:fa:21': -96}, {'84:5a:3e:94:a4:81': -94}, {'48:8b:0a:f4:ff:81': -95}, {'84:f1:47:a8:36:c1': -86}, {'48:8b:0a:f3:7b:01': -72}, {'84:f1:47:a8:77:21': -94}, {'f0:1d:2d:a5:1d:c0': -57}, {'48:8b:0a:f4:27:e0': -59}, {'48:8b:0a:f4:fa:20': -96}, {'84:5a:3e:94:a4:80': -94}, {'48:8b:0a:f3:7b:00': -72}, {'48:8b:0a:f4:ff:80': -94}, {'84:f1:47:a8:36:c0': -85}, {'84:f1:47:a8:77:20': -94}, {'32:13:8b:3e:57:39': -82}, {'b0:95:75:bb:5d:e0': -95}]"
0,37,"[{'f0:1d:2d:a5:1d:c3': -57}, {'48:8b:0a:f4:fa:23': -86}, {'48:8b:0a:f4:27:e3': -59}, {'48:8b:0a:f4:ff:83': -86}, {'84:f1:47:a8:36:c3': -94}, {'84:5a:3e:94:a4:83': -95}, {'48:8b:0a:f3:7b:03': -74}, {'84:f1:47:a8:77:23': -95}, {'f0:1d:2d:a5:1d:c2': -57}, {'48:8b:0a:f4:fa:22': -86}, {'48:8b:0a:f4:27:e2': -59}, {'48:8b:0a:f4:ff:82': -87}, {'84:f1:47:a8:36:c2': -94}, {'84:5a:3e:94:a4:82': -95}, {'48:8b:0a:f3:7b:02': -74}, {'84:f1:47:a8:77:22': -95}, {'f0:1d:2d:a5:1d:c1': -57}, {'48:8b:0a:f4:fa:21': -87}, {'48:8b:0a:f4:27:e1': -59}, {'48:8b:0a:f4:ff:81': -93}, {'84:5a:3e:94:a4:81': -95}, {'48:8b:0a:f3:7b:01': -73}, {'84:f1:47:a8:77:21': -95}, {'f0:1d:2d:a5:1d:c0': -57}, {'48:8b:0a:f4:fa:20': -87}, {'48:8b:0a:f4:27:e0': -59}, {'48:8b:0a:f4:ff:80': -93}, {'84:5a:3e:94:a4:80': -95}, {'48:8b:0a:f3:7b:00': -74}, {'b0:95:75:bb:5d:e0': -97}, {'32:13:8b:3e:57:39': -60}]"
0,38,"[{'32:13:8b:3e:57:39': -85}, {'f0:1d:2d:a5:1d:c3': -58}, {'48:8b:0a:f4:fa:23': -94}, {'48:8b:0a:f4:27:e3': -71}, {'48:8b:0a:f4:ff:83': -95}, {'84:f1:47:a8:83:23': -97}, {'84:5a:3e:94:a4:83': -95}, {'48:8b:0a:f3:7b:03': -73}, {'84:f1:47:a8:77:23': -95}, {'f0:1d:2d:a5:1d:c2': -58}, {'48:8b:0a:f4:fa:22': -94}, {'48:8b:0a:f4:27:e2': -71}, {'48:8b:0a:f3:7b:02': -73}, {'84:f1:47:a8:77:22': -94}, {'f0:1d:2d:a5:1d:c1': -58}, {'34:b8:83:f6:39:01': -96}, {'48:8b:0a:f4:fa:21': -94}, {'48:8b:0a:f4:27:e1': -71}, {'48:8b:0a:f4:ff:81': -94}, {'48:8b:0a:f3:7b:01': -73}, {'84:f1:47:a8:77:21': -95}, {'f0:1d:2d:a5:1d:c0': -58}, {'34:b8:83:f6:39:00': -96}, {'48:8b:0a:f4:fa:20': -94}, {'48:8b:0a:f4:27:e0': -72}, {'48:8b:0a:f4:ff:80': -94}, {'48:8b:0a:f3:7b:00': -73}, {'84:f1:47:a8:77:20': -95}, {'b0:95:75:bb:5d:e0': -97}]"
0,39,"[{'f0:1d:2d:a5:1d:c3': -57}, {'48:8b:0a:f4:fa:23': -96}, {'48:8b:0a:f4:27:e3': -74}, {'48:8b:0a:f4:ff:83': -94}, {'84:f1:47:a8:36:c3': -95}, {'48:8b:0a:f3:7b:03': -60}, {'84:f1:47:a8:77:23': -94}, {'f0:1d:2d:a5:1d:c2': -57}, {'48:8b:0a:f4:fa:22': -96}, {'48:8b:0a:f4:27:e2': -74}, {'48:8b:0a:f4:ff:82': -95}, {'84:f1:47:a8:36:c2': -95}, {'48:8b:0a:f3:7b:02': -60}, {'84:f1:47:a8:77:22': -94}, {'f0:1d:2d:a5:1d:c1': -56}, {'48:8b:0a:f4:fa:21': -96}, {'48:8b:0a:f4:27:e1': -74}, {'48:8b:0a:f4:ff:81': -95}, {'84:5a:3e:94:a4:81': -95}, {'48:8b:0a:f3:7b:01': -60}, {'84:f1:47:a8:77:21': -94}, {'f0:1d:2d:a5:1d:c0': -57}, {'48:8b:0a:f4:fa:20': -96}, {'48:8b:0a:f4:27:e0': -74}, {'48:8b:0a:f4:ff:80': -94}, {'48:8b:0a:f3:19:40': -96}, {'84:5a:3e:94:a4:80': -96}, {'48:8b:0a:f3:7b:00': -60}, {'84:f1:47:a8:77:20': -94}, {'b0:95:75:bb:5d:e0': -96}, {'32:13:8b:3e:57:39': -84}]"
0,40,"[{'f0:1d:2d:a5:1d:c3': -57}, {'48:8b:0a:f4:27:e3': -59}, {'48:8b:0a:f3:7b:03': -71}, {'84:f1:47:a8:77:23': -95}, {'32:13:8b:3e:57:39': -74}, {'f0:1d:2d:a5:1d:c1': -57}, {'48:8b:0a:f4:27:e1': -59}, {'48:8b:0a:f4:ff:81': -95}, {'84:5a:3e:94:a4:81': -96}, {'48:8b:0a:f3:7b:01': -71}, {'84:f1:47:a8:77:21': -94}, {'f0:1d:2d:a5:1d:c0': -57}, {'48:8b:0a:f4:27:e0': -59}, {'48:8b:0a:f4:ff:80': -95}, {'84:5a:3e:94:a4:80': -96}, {'84:f1:47:a8:77:20': -94}, {'f0:1d:2d:a5:1d:c2': -57}, {'48:8b:0a:f4:27:e2': -59}, {'48:8b:0a:f3:7b:02': -71}, {'84:f1:47:a8:77:22': -95}]"
0,41,"[{'f0:1d:2d:a5:1d:c3': -57}, {'48:8b:0a:f4:27:e3': -60}, {'48:8b:0a:f3:7b:03': -72}, {'48:8b:0a:f4:ff:83': -95}, {'84:f1:47:a8:77:23': -96}, {'f0:1d:2d:a5:1d:c2': -57}, {'48:8b:0a:f3:7b:02': -72}, {'84:f1:47:a8:36:c2': -94}, {'84:f1:47:a8:77:22': -96}, {'f0:1d:2d:a5:1d:c1': -57}, {'48:8b:0a:f4:27:e1': -60}, {'48:8b:0a:f3:7b:01': -72}, {'48:8b:0a:f4:ff:81': -95}, {'84:f1:47:a8:36:c1': -95}, {'84:5a:3e:94:a4:81': -96}, {'84:f1:47:a8:77:21': -96}, {'f0:1d:2d:a5:1d:c0': -57}, {'48:8b:0a:f4:27:e0': -60}, {'48:8b:0a:f3:7b:00': -72}, {'84:5a:3e:94:a4:80': -95}, {'48:8b:0a:f4:ff:80': -95}, {'84:f1:47:a8:77:20': -96}, {'32:13:8b:3e:57:39': -73}]"
0,42,"[{'f0:1d:2d:a5:1d:c3': -57}, {'48:8b:0a:f4:fa:23': -95}, {'48:8b:0a:f4:27:e3': -60}, {'48:8b:0a:f3:7b:03': -73}, {'84:f1:47:a8:77:23': -96}, {'b0:95:75:bb:5d:e0': -96}, {'f0:1d:2d:a5:1d:c2': -57}, {'48:8b:0a:f4:fa:22': -95}, {'48:8b:0a:f4:27:e2': -60}, {'48:8b:0a:f3:7b:02': -72}, {'84:f1:47:a8:77:22': -96}, {'32:13:8b:3e:57:39': -72}, {'f0:1d:2d:a5:1d:c1': -57}, {'48:8b:0a:f4:fa:21': -95}, {'48:8b:0a:f4:27:e1': -60}, {'84:5a:3e:94:a4:81': -95}, {'48:8b:0a:f3:7b:01': -73}, {'84:f1:47:a8:36:c1': -95}, {'84:f1:47:a8:77:21': -96}, {'f0:1d:2d:a5:1d:c0': -57}, {'48:8b:0a:f4:fa:20': -95}, {'48:8b:0a:f4:27:e0': -60}, {'84:5a:3e:94:a4:80': -96}, {'48:8b:0a:f3:7b:00': -73}, {'84:f1:47:a8:77:20': -96}]"
0,43,"[{'f0:1d:2d:a5:1d:c3': -58}, {'48:8b:0a:f4:27:e3': -72}, {'48:8b:0a:f3:7b:03': -71}, {'48:8b:0a:f4:ff:83': -95}, {'84:f1:47:a8:77:23': -95}, {'b0:95:75:bb:5d:e0': -97}, {'32:13:8b:3e:57:39': -84}, {'f0:1d:2d:a5:1d:c2': -58}, {'48:8b:0a:f4:27:e2': -72}, {'48:8b:0a:f3:7b:02': -60}, {'84:f1:47:a8:77:22': -95}, {'f0:1d:2d:a5:1d:c1': -58}, {'48:8b:0a:f4:27:e1': -72}, {'84:5a:3e:94:a4:81': -96}, {'48:8b:0a:f3:7b:01': -60}, {'48:8b:0a:f4:ff:81': -95}, {'84:f1:47:a8:77:21': -95}, {'f0:1d:2d:a5:1d:c0': -58}, {'48:8b:0a:f4:27:e0': -72}, {'84:5a:3e:94:a4:80': -95}, {'48:8b:0a:f3:7b:00': -60}, {'48:8b:0a:f4:ff:80': -95}, {'84:f1:47:a8:77:20': -95}]"
